Model,Required_Descriptor,Feature_Position,Original_CSV_Column,Present_In_Original_CSV,Reused_Existing_Value_Count,Generated_Using_RDKit,RDKit_Generated_Count,Generated_Using_CDK,CDK_Generated_Count,Training_Reference_Imputed_Count,Missing_Before_Processing,Missing_After_RDKit,Missing_After_Processing,Calculation_Succeeded,Unsupported_By_RDKit,Unsupported_Reason,Affected_Compound_Count,Notes
Benchmark Gradient Boosting,Texpi,1,,False,0,False,0,False,0,53,53,53,0,True,False,,53,Converted Celsius values to Kelvin; values already >=200 were treated as Kelvin.
Benchmark Gradient Boosting,ALogp2,2,,False,0,False,0,True,53,0,53,53,0,True,True,No exact RDKit implementation consistent with the CDK training definition; the repository's original CDK generator was used.,53,
Benchmark Gradient Boosting,nAcid,3,,False,0,False,0,True,53,0,53,53,0,True,True,No exact RDKit implementation consistent with the CDK training definition; the repository's original CDK generator was used.,53,
Benchmark Gradient Boosting,nAromBond,4,,False,0,False,0,True,53,0,53,53,0,True,True,No exact RDKit implementation consistent with the CDK training definition; the repository's original CDK generator was used.,53,
Benchmark Gradient Boosting,ATSc2,5,,False,0,False,0,True,53,0,53,53,0,True,True,No exact RDKit implementation consistent with the CDK training definition; the repository's original CDK generator was used.,53,
Benchmark Gradient Boosting,ATSc3,6,,False,0,False,0,True,53,0,53,53,0,True,True,No exact RDKit implementation consistent with the CDK training definition; the repository's original CDK generator was used.,53,
Benchmark Gradient Boosting,ATSc4,7,,False,0,False,0,True,53,0,53,53,0,True,True,No exact RDKit implementation consistent with the CDK training definition; the repository's original CDK generator was used.,53,
Benchmark Gradient Boosting,ATSc5,8,,False,0,False,0,True,53,0,53,53,0,True,True,No exact RDKit implementation consistent with the CDK training definition; the repository's original CDK generator was used.,53,
Benchmark Gradient Boosting,ATSm1,9,,False,0,False,0,True,53,0,53,53,0,True,True,No exact RDKit implementation consistent with the CDK training definition; the repository's original CDK generator was used.,53,
Benchmark Gradient Boosting,BCUTw-1l,10,,False,0,False,0,True,53,0,53,53,0,True,True,No exact RDKit implementation consistent with the CDK training definition; the repository's original CDK generator was used.,53,
Benchmark Gradient Boosting,BCUTw-1h,11,,False,0,False,0,True,53,0,53,53,0,True,True,No exact RDKit implementation consistent with the CDK training definition; the repository's original CDK generator was used.,53,
Benchmark Gradient Boosting,BCUTc-1l,12,,False,0,False,0,True,53,0,53,53,0,True,True,No exact RDKit implementation consistent with the CDK training definition; the repository's original CDK generator was used.,53,
Benchmark Gradient Boosting,BCUTc-1h,13,,False,0,False,0,True,53,0,53,53,0,True,True,No exact RDKit implementation consistent with the CDK training definition; the repository's original CDK generator was used.,53,
Benchmark Gradient Boosting,BCUTp-1l,14,,False,0,False,0,True,53,0,53,53,0,True,True,No exact RDKit implementation consistent with the CDK training definition; the repository's original CDK generator was used.,53,
Benchmark Gradient Boosting,BCUTp-1h,15,,False,0,False,0,True,53,0,53,53,0,True,True,No exact RDKit implementation consistent with the CDK training definition; the repository's original CDK generator was used.,53,
Benchmark Gradient Boosting,nBase,16,,False,0,False,0,True,53,0,53,53,0,True,True,No exact RDKit implementation consistent with the CDK training definition; the repository's original CDK generator was used.,53,
Benchmark Gradient Boosting,C2SP1,17,,False,0,False,0,True,53,0,53,53,0,True,True,No exact RDKit implementation consistent with the CDK training definition; the repository's original CDK generator was used.,53,
Benchmark Gradient Boosting,C1SP2,18,,False,0,False,0,True,53,0,53,53,0,True,True,No exact RDKit implementation consistent with the CDK training definition; the repository's original CDK generator was used.,53,
Benchmark Gradient Boosting,C2SP2,19,,False,0,False,0,True,53,0,53,53,0,True,True,No exact RDKit implementation consistent with the CDK training definition; the repository's original CDK generator was used.,53,
Benchmark Gradient Boosting,C3SP2,20,,False,0,False,0,True,53,0,53,53,0,True,True,No exact RDKit implementation consistent with the CDK training definition; the repository's original CDK generator was used.,53,
Benchmark Gradient Boosting,C1SP3,21,,False,0,False,0,True,53,0,53,53,0,True,True,No exact RDKit implementation consistent with the CDK training definition; the repository's original CDK generator was used.,53,
Benchmark Gradient Boosting,C2SP3,22,,False,0,False,0,True,53,0,53,53,0,True,True,No exact RDKit implementation consistent with the CDK training definition; the repository's original CDK generator was used.,53,
Benchmark Gradient Boosting,SC-4,23,,False,0,False,0,True,53,0,53,53,0,True,True,No exact RDKit implementation consistent with the CDK training definition; the repository's original CDK generator was used.,53,
Benchmark Gradient Boosting,FMF,24,,False,0,False,0,True,53,0,53,53,0,True,True,No exact RDKit implementation consistent with the CDK training definition; the repository's original CDK generator was used.,53,
Benchmark Gradient Boosting,nHBAcc,25,nHBAcc,True,53,False,0,False,0,0,0,0,0,True,False,,0,Reused exact normalized column name from HuSkinDB.
Benchmark Gradient Boosting,nHBDon,26,nHBDon,True,53,False,0,False,0,0,0,0,0,True,False,,0,Reused exact normalized column name from HuSkinDB.
Benchmark Gradient Boosting,HybRatio,27,,False,0,False,0,True,53,0,53,53,0,True,True,No exact RDKit implementation consistent with the CDK training definition; the repository's original CDK generator was used.,53,
Benchmark Gradient Boosting,JPLogP,28,,False,0,False,0,True,53,0,53,53,0,True,True,No exact RDKit implementation consistent with the CDK training definition; the repository's original CDK generator was used.,53,
Benchmark Gradient Boosting,Kier2,29,,False,0,False,0,True,53,0,53,53,0,True,True,No exact RDKit implementation consistent with the CDK training definition; the repository's original CDK generator was used.,53,
Benchmark Gradient Boosting,Kier3,30,,False,0,False,0,True,51,2,53,53,0,True,True,No exact RDKit implementation consistent with the CDK training definition; the repository's original CDK generator was used.,53,
Benchmark Gradient Boosting,khs.sLi,31,,False,0,True,53,False,0,0,53,0,0,True,False,,53,
Benchmark Gradient Boosting,khs.ssBe,32,,False,0,True,53,False,0,0,53,0,0,True,False,,53,
Benchmark Gradient Boosting,khs.ssBH,33,,False,0,True,53,False,0,0,53,0,0,True,False,,53,
Benchmark Gradient Boosting,khs.sssB,34,,False,0,True,53,False,0,0,53,0,0,True,False,,53,
Benchmark Gradient Boosting,khs.sCH3,35,,False,0,True,53,False,0,0,53,0,0,True,False,,53,
Benchmark Gradient Boosting,khs.dCH2,36,,False,0,True,53,False,0,0,53,0,0,True,False,,53,
Benchmark Gradient Boosting,khs.ssCH2,37,,False,0,False,0,True,53,0,53,53,0,True,True,No exact RDKit implementation consistent with the CDK training definition; the repository's original CDK generator was used.,53,
Benchmark Gradient Boosting,khs.tCH,38,,False,0,True,53,False,0,0,53,0,0,True,False,,53,
Benchmark Gradient Boosting,khs.dsCH,39,,False,0,True,53,False,0,0,53,0,0,True,False,,53,
Benchmark Gradient Boosting,khs.aaCH,40,,False,0,True,53,False,0,0,53,0,0,True,False,,53,
Benchmark Gradient Boosting,khs.sssCH,41,,False,0,True,53,False,0,0,53,0,0,True,False,,53,
Benchmark Gradient Boosting,khs.ddC,42,,False,0,True,53,False,0,0,53,0,0,True,False,,53,
Benchmark Gradient Boosting,khs.dssC,43,,False,0,True,53,False,0,0,53,0,0,True,False,,53,
Benchmark Gradient Boosting,khs.aasC,44,,False,0,True,53,False,0,0,53,0,0,True,False,,53,
Benchmark Gradient Boosting,khs.aaaC,45,,False,0,True,53,False,0,0,53,0,0,True,False,,53,
Benchmark Gradient Boosting,khs.sNH3,46,,False,0,True,53,False,0,0,53,0,0,True,False,,53,
Benchmark Gradient Boosting,khs.sNH2,47,,False,0,True,53,False,0,0,53,0,0,True,False,,53,
Benchmark Gradient Boosting,khs.ssNH2,48,,False,0,True,53,False,0,0,53,0,0,True,False,,53,
Benchmark Gradient Boosting,khs.dNH,49,,False,0,True,53,False,0,0,53,0,0,True,False,,53,
Benchmark Gradient Boosting,khs.ssNH,50,,False,0,True,53,False,0,0,53,0,0,True,False,,53,
Benchmark Gradient Boosting,khs.aaNH,51,,False,0,True,53,False,0,0,53,0,0,True,False,,53,
Benchmark Gradient Boosting,khs.tN,52,,False,0,True,53,False,0,0,53,0,0,True,False,,53,
Benchmark Gradient Boosting,khs.dsN,53,,False,0,True,53,False,0,0,53,0,0,True,False,,53,
Benchmark Gradient Boosting,khs.aaN,54,,False,0,True,53,False,0,0,53,0,0,True,False,,53,
Benchmark Gradient Boosting,khs.sssN,55,,False,0,True,53,False,0,0,53,0,0,True,False,,53,
Benchmark Gradient Boosting,khs.ddsN,56,,False,0,True,53,False,0,0,53,0,0,True,False,,53,
Benchmark Gradient Boosting,khs.aasN,57,,False,0,True,53,False,0,0,53,0,0,True,False,,53,
Benchmark Gradient Boosting,khs.ssssN,58,,False,0,True,53,False,0,0,53,0,0,True,False,,53,
Benchmark Gradient Boosting,khs.sOH,59,,False,0,False,0,True,53,0,53,53,0,True,True,No exact RDKit implementation consistent with the CDK training definition; the repository's original CDK generator was used.,53,
Benchmark Gradient Boosting,khs.dO,60,,False,0,True,53,False,0,0,53,0,0,True,False,,53,
Benchmark Gradient Boosting,khs.ssO,61,,False,0,True,53,False,0,0,53,0,0,True,False,,53,
Benchmark Gradient Boosting,khs.aaO,62,,False,0,True,53,False,0,0,53,0,0,True,False,,53,
Benchmark Gradient Boosting,khs.sF,63,,False,0,True,53,False,0,0,53,0,0,True,False,,53,
Benchmark Gradient Boosting,khs.sSiH3,64,,False,0,True,53,False,0,0,53,0,0,True,False,,53,
Benchmark Gradient Boosting,khs.ssSiH2,65,,False,0,True,53,False,0,0,53,0,0,True,False,,53,
Benchmark Gradient Boosting,khs.sssSiH,66,,False,0,True,53,False,0,0,53,0,0,True,False,,53,
Benchmark Gradient Boosting,khs.ssssSi,67,,False,0,True,53,False,0,0,53,0,0,True,False,,53,
Benchmark Gradient Boosting,khs.sPH2,68,,False,0,True,53,False,0,0,53,0,0,True,False,,53,
Benchmark Gradient Boosting,khs.ssPH,69,,False,0,True,53,False,0,0,53,0,0,True,False,,53,
Benchmark Gradient Boosting,khs.sssP,70,,False,0,True,53,False,0,0,53,0,0,True,False,,53,
Benchmark Gradient Boosting,khs.dsssP,71,,False,0,True,53,False,0,0,53,0,0,True,False,,53,
Benchmark Gradient Boosting,khs.sssssP,72,,False,0,True,53,False,0,0,53,0,0,True,False,,53,
Benchmark Gradient Boosting,khs.sSH,73,,False,0,True,53,False,0,0,53,0,0,True,False,,53,
Benchmark Gradient Boosting,khs.dS,74,,False,0,True,53,False,0,0,53,0,0,True,False,,53,
Benchmark Gradient Boosting,khs.ssS,75,,False,0,True,53,False,0,0,53,0,0,True,False,,53,
Benchmark Gradient Boosting,khs.aaS,76,,False,0,True,53,False,0,0,53,0,0,True,False,,53,
Benchmark Gradient Boosting,khs.dssS,77,,False,0,True,53,False,0,0,53,0,0,True,False,,53,
Benchmark Gradient Boosting,khs.ddssS,78,,False,0,True,53,False,0,0,53,0,0,True,False,,53,
Benchmark Gradient Boosting,khs.sCl,79,,False,0,True,53,False,0,0,53,0,0,True,False,,53,
Benchmark Gradient Boosting,khs.sGeH3,80,,False,0,True,53,False,0,0,53,0,0,True,False,,53,
Benchmark Gradient Boosting,khs.ssGeH2,81,,False,0,True,53,False,0,0,53,0,0,True,False,,53,
Benchmark Gradient Boosting,khs.sssGeH,82,,False,0,True,53,False,0,0,53,0,0,True,False,,53,
Benchmark Gradient Boosting,khs.ssssGe,83,,False,0,True,53,False,0,0,53,0,0,True,False,,53,
Benchmark Gradient Boosting,khs.sAsH2,84,,False,0,True,53,False,0,0,53,0,0,True,False,,53,
Benchmark Gradient Boosting,khs.ssAsH,85,,False,0,True,53,False,0,0,53,0,0,True,False,,53,
Benchmark Gradient Boosting,khs.sssAs,86,,False,0,True,53,False,0,0,53,0,0,True,False,,53,
Benchmark Gradient Boosting,khs.sssdAs,87,,False,0,True,53,False,0,0,53,0,0,True,False,,53,
Benchmark Gradient Boosting,khs.sssssAs,88,,False,0,True,53,False,0,0,53,0,0,True,False,,53,
Benchmark Gradient Boosting,khs.sSeH,89,,False,0,True,53,False,0,0,53,0,0,True,False,,53,
Benchmark Gradient Boosting,khs.dSe,90,,False,0,True,53,False,0,0,53,0,0,True,False,,53,
Benchmark Gradient Boosting,khs.ssSe,91,,False,0,True,53,False,0,0,53,0,0,True,False,,53,
Benchmark Gradient Boosting,khs.aaSe,92,,False,0,True,53,False,0,0,53,0,0,True,False,,53,
Benchmark Gradient Boosting,khs.dssSe,93,,False,0,True,53,False,0,0,53,0,0,True,False,,53,
Benchmark Gradient Boosting,khs.ddssSe,94,,False,0,True,53,False,0,0,53,0,0,True,False,,53,
Benchmark Gradient Boosting,khs.sBr,95,,False,0,True,53,False,0,0,53,0,0,True,False,,53,
Benchmark Gradient Boosting,khs.sSnH3,96,,False,0,True,53,False,0,0,53,0,0,True,False,,53,
Benchmark Gradient Boosting,khs.ssSnH2,97,,False,0,True,53,False,0,0,53,0,0,True,False,,53,
Benchmark Gradient Boosting,khs.sssSnH,98,,False,0,True,53,False,0,0,53,0,0,True,False,,53,
Benchmark Gradient Boosting,khs.ssssSn,99,,False,0,True,53,False,0,0,53,0,0,True,False,,53,
Benchmark Gradient Boosting,khs.sPbH3,100,,False,0,True,53,False,0,0,53,0,0,True,False,,53,
Benchmark Gradient Boosting,khs.ssPbH2,101,,False,0,True,53,False,0,0,53,0,0,True,False,,53,
Benchmark Gradient Boosting,khs.sssPbH,102,,False,0,True,53,False,0,0,53,0,0,True,False,,53,
Benchmark Gradient Boosting,khs.ssssPb,103,,False,0,True,53,False,0,0,53,0,0,True,False,,53,
Benchmark Gradient Boosting,nAtomLC,104,,False,0,False,0,True,53,0,53,53,0,True,True,No exact RDKit implementation consistent with the CDK training definition; the repository's original CDK generator was used.,53,
Benchmark Gradient Boosting,nAtomP,105,,False,0,False,0,True,53,0,53,53,0,True,True,No exact RDKit implementation consistent with the CDK training definition; the repository's original CDK generator was used.,53,
Benchmark Gradient Boosting,nAtomLAC,106,,False,0,False,0,True,53,0,53,53,0,True,True,No exact RDKit implementation consistent with the CDK training definition; the repository's original CDK generator was used.,53,
Benchmark Gradient Boosting,MDEC-11,107,,False,0,False,0,True,53,0,53,53,0,True,True,No exact RDKit implementation consistent with the CDK training definition; the repository's original CDK generator was used.,53,
Benchmark Gradient Boosting,MDEC-12,108,,False,0,False,0,True,53,0,53,53,0,True,True,No exact RDKit implementation consistent with the CDK training definition; the repository's original CDK generator was used.,53,
Benchmark Gradient Boosting,MDEC-13,109,,False,0,False,0,True,53,0,53,53,0,True,True,No exact RDKit implementation consistent with the CDK training definition; the repository's original CDK generator was used.,53,
Benchmark Gradient Boosting,MDEC-14,110,,False,0,False,0,True,53,0,53,53,0,True,True,No exact RDKit implementation consistent with the CDK training definition; the repository's original CDK generator was used.,53,
Benchmark Gradient Boosting,MDEC-22,111,,False,0,False,0,True,53,0,53,53,0,True,True,No exact RDKit implementation consistent with the CDK training definition; the repository's original CDK generator was used.,53,
Benchmark Gradient Boosting,MDEC-33,112,,False,0,False,0,True,53,0,53,53,0,True,True,No exact RDKit implementation consistent with the CDK training definition; the repository's original CDK generator was used.,53,
Benchmark Gradient Boosting,MDEC-34,113,,False,0,False,0,True,53,0,53,53,0,True,True,No exact RDKit implementation consistent with the CDK training definition; the repository's original CDK generator was used.,53,
Benchmark Gradient Boosting,MDEC-44,114,,False,0,False,0,True,53,0,53,53,0,True,True,No exact RDKit implementation consistent with the CDK training definition; the repository's original CDK generator was used.,53,
Benchmark Gradient Boosting,MDEO-11,115,,False,0,False,0,True,53,0,53,53,0,True,True,No exact RDKit implementation consistent with the CDK training definition; the repository's original CDK generator was used.,53,
Benchmark Gradient Boosting,MDEO-12,116,,False,0,False,0,True,53,0,53,53,0,True,True,No exact RDKit implementation consistent with the CDK training definition; the repository's original CDK generator was used.,53,
Benchmark Gradient Boosting,MDEO-22,117,,False,0,False,0,True,53,0,53,53,0,True,True,No exact RDKit implementation consistent with the CDK training definition; the repository's original CDK generator was used.,53,
Benchmark Gradient Boosting,MDEN-11,118,,False,0,False,0,True,53,0,53,53,0,True,True,No exact RDKit implementation consistent with the CDK training definition; the repository's original CDK generator was used.,53,
Benchmark Gradient Boosting,MDEN-12,119,,False,0,False,0,True,53,0,53,53,0,True,True,No exact RDKit implementation consistent with the CDK training definition; the repository's original CDK generator was used.,53,
Benchmark Gradient Boosting,MDEN-13,120,,False,0,False,0,True,53,0,53,53,0,True,True,No exact RDKit implementation consistent with the CDK training definition; the repository's original CDK generator was used.,53,
Benchmark Gradient Boosting,MDEN-22,121,,False,0,False,0,True,53,0,53,53,0,True,True,No exact RDKit implementation consistent with the CDK training definition; the repository's original CDK generator was used.,53,
Benchmark Gradient Boosting,MDEN-23,122,,False,0,False,0,True,53,0,53,53,0,True,True,No exact RDKit implementation consistent with the CDK training definition; the repository's original CDK generator was used.,53,
Benchmark Gradient Boosting,MDEN-33,123,,False,0,False,0,True,53,0,53,53,0,True,True,No exact RDKit implementation consistent with the CDK training definition; the repository's original CDK generator was used.,53,
Benchmark Gradient Boosting,MLogP,124,,False,0,False,0,True,53,0,53,53,0,True,True,No exact RDKit implementation consistent with the CDK training definition; the repository's original CDK generator was used.,53,
Benchmark Gradient Boosting,topoShape,125,,False,0,False,0,True,53,0,53,53,0,True,True,No exact RDKit implementation consistent with the CDK training definition; the repository's original CDK generator was used.,53,
Benchmark Gradient Boosting,nRotB,126,nRotB,True,53,False,0,False,0,0,0,0,0,True,False,,0,Reused exact normalized column name from HuSkinDB.
Benchmark Gradient Boosting,LipinskiFailures,127,LipinskiFailures,True,53,False,0,False,0,0,0,0,0,True,False,,0,Reused exact normalized column name from HuSkinDB.
Benchmark Gradient Boosting,nAromRings,128,,False,0,True,53,False,0,0,53,0,0,True,False,,53,
Benchmark Gradient Boosting,nRingBlocks,129,,False,0,False,0,True,53,0,53,53,0,True,True,No exact RDKit implementation consistent with the CDK training definition; the repository's original CDK generator was used.,53,
Benchmark Gradient Boosting,nAromBlocks,130,,False,0,False,0,True,53,0,53,53,0,True,True,No exact RDKit implementation consistent with the CDK training definition; the repository's original CDK generator was used.,53,
Benchmark Gradient Boosting,nRings3,131,,False,0,True,53,False,0,0,53,0,0,True,False,,53,
Benchmark Gradient Boosting,nRings4,132,,False,0,True,53,False,0,0,53,0,0,True,False,,53,
Benchmark Gradient Boosting,nRings5,133,,False,0,True,53,False,0,0,53,0,0,True,False,,53,
Benchmark Gradient Boosting,nRings6,134,,False,0,True,53,False,0,0,53,0,0,True,False,,53,
Benchmark Gradient Boosting,nRings7,135,,False,0,True,53,False,0,0,53,0,0,True,False,,53,
Benchmark Gradient Boosting,nRings8,136,,False,0,True,53,False,0,0,53,0,0,True,False,,53,
Benchmark Gradient Boosting,nRings9,137,,False,0,True,53,False,0,0,53,0,0,True,False,,53,
Benchmark Gradient Boosting,TopoPSA,138,TopoPSA,True,53,False,0,False,0,0,0,0,0,True,False,,0,Reused exact normalized column name from HuSkinDB.
Benchmark Gradient Boosting,VAdjMat,139,,False,0,False,0,True,53,0,53,53,0,True,True,No exact RDKit implementation consistent with the CDK training definition; the repository's original CDK generator was used.,53,
Benchmark Gradient Boosting,WTPT-2,140,,False,0,False,0,True,53,0,53,53,0,True,True,No exact RDKit implementation consistent with the CDK training definition; the repository's original CDK generator was used.,53,
Benchmark Gradient Boosting,WTPT-3,141,,False,0,False,0,True,53,0,53,53,0,True,True,No exact RDKit implementation consistent with the CDK training definition; the repository's original CDK generator was used.,53,
Benchmark Gradient Boosting,WTPT-4,142,,False,0,False,0,True,53,0,53,53,0,True,True,No exact RDKit implementation consistent with the CDK training definition; the repository's original CDK generator was used.,53,
Benchmark Gradient Boosting,WTPT-5,143,,False,0,False,0,True,53,0,53,53,0,True,True,No exact RDKit implementation consistent with the CDK training definition; the repository's original CDK generator was used.,53,
Benchmark Gradient Boosting,WPATH,144,,False,0,False,0,True,53,0,53,53,0,True,True,No exact RDKit implementation consistent with the CDK training definition; the repository's original CDK generator was used.,53,
Benchmark Gradient Boosting,XLogP,145,,False,0,False,0,True,53,0,53,53,0,True,True,No exact RDKit implementation consistent with the CDK training definition; the repository's original CDK generator was used.,53,
Benchmark Gradient Boosting,Zagreb,146,,False,0,True,53,False,0,0,53,0,0,True,False,,53,
Benchmark LGBM,Texpi,1,,False,0,False,0,False,0,53,53,53,0,True,False,,53,Converted Celsius values to Kelvin; values already >=200 were treated as Kelvin.
Benchmark LGBM,ALogp2,2,,False,0,False,0,True,53,0,53,53,0,True,True,No exact RDKit implementation consistent with the CDK training definition; the repository's original CDK generator was used.,53,
Benchmark LGBM,nAcid,3,,False,0,False,0,True,53,0,53,53,0,True,True,No exact RDKit implementation consistent with the CDK training definition; the repository's original CDK generator was used.,53,
Benchmark LGBM,nAromBond,4,,False,0,False,0,True,53,0,53,53,0,True,True,No exact RDKit implementation consistent with the CDK training definition; the repository's original CDK generator was used.,53,
Benchmark LGBM,ATSc2,5,,False,0,False,0,True,53,0,53,53,0,True,True,No exact RDKit implementation consistent with the CDK training definition; the repository's original CDK generator was used.,53,
Benchmark LGBM,ATSc3,6,,False,0,False,0,True,53,0,53,53,0,True,True,No exact RDKit implementation consistent with the CDK training definition; the repository's original CDK generator was used.,53,
Benchmark LGBM,ATSc4,7,,False,0,False,0,True,53,0,53,53,0,True,True,No exact RDKit implementation consistent with the CDK training definition; the repository's original CDK generator was used.,53,
Benchmark LGBM,ATSc5,8,,False,0,False,0,True,53,0,53,53,0,True,True,No exact RDKit implementation consistent with the CDK training definition; the repository's original CDK generator was used.,53,
Benchmark LGBM,ATSm1,9,,False,0,False,0,True,53,0,53,53,0,True,True,No exact RDKit implementation consistent with the CDK training definition; the repository's original CDK generator was used.,53,
Benchmark LGBM,BCUTw-1l,10,,False,0,False,0,True,53,0,53,53,0,True,True,No exact RDKit implementation consistent with the CDK training definition; the repository's original CDK generator was used.,53,
Benchmark LGBM,BCUTw-1h,11,,False,0,False,0,True,53,0,53,53,0,True,True,No exact RDKit implementation consistent with the CDK training definition; the repository's original CDK generator was used.,53,
Benchmark LGBM,BCUTc-1l,12,,False,0,False,0,True,53,0,53,53,0,True,True,No exact RDKit implementation consistent with the CDK training definition; the repository's original CDK generator was used.,53,
Benchmark LGBM,BCUTc-1h,13,,False,0,False,0,True,53,0,53,53,0,True,True,No exact RDKit implementation consistent with the CDK training definition; the repository's original CDK generator was used.,53,
Benchmark LGBM,BCUTp-1l,14,,False,0,False,0,True,53,0,53,53,0,True,True,No exact RDKit implementation consistent with the CDK training definition; the repository's original CDK generator was used.,53,
Benchmark LGBM,BCUTp-1h,15,,False,0,False,0,True,53,0,53,53,0,True,True,No exact RDKit implementation consistent with the CDK training definition; the repository's original CDK generator was used.,53,
Benchmark LGBM,nBase,16,,False,0,False,0,True,53,0,53,53,0,True,True,No exact RDKit implementation consistent with the CDK training definition; the repository's original CDK generator was used.,53,
Benchmark LGBM,C2SP1,17,,False,0,False,0,True,53,0,53,53,0,True,True,No exact RDKit implementation consistent with the CDK training definition; the repository's original CDK generator was used.,53,
Benchmark LGBM,C1SP2,18,,False,0,False,0,True,53,0,53,53,0,True,True,No exact RDKit implementation consistent with the CDK training definition; the repository's original CDK generator was used.,53,
Benchmark LGBM,C2SP2,19,,False,0,False,0,True,53,0,53,53,0,True,True,No exact RDKit implementation consistent with the CDK training definition; the repository's original CDK generator was used.,53,
Benchmark LGBM,C3SP2,20,,False,0,False,0,True,53,0,53,53,0,True,True,No exact RDKit implementation consistent with the CDK training definition; the repository's original CDK generator was used.,53,
Benchmark LGBM,C1SP3,21,,False,0,False,0,True,53,0,53,53,0,True,True,No exact RDKit implementation consistent with the CDK training definition; the repository's original CDK generator was used.,53,
Benchmark LGBM,C2SP3,22,,False,0,False,0,True,53,0,53,53,0,True,True,No exact RDKit implementation consistent with the CDK training definition; the repository's original CDK generator was used.,53,
Benchmark LGBM,SC-4,23,,False,0,False,0,True,53,0,53,53,0,True,True,No exact RDKit implementation consistent with the CDK training definition; the repository's original CDK generator was used.,53,
Benchmark LGBM,FMF,24,,False,0,False,0,True,53,0,53,53,0,True,True,No exact RDKit implementation consistent with the CDK training definition; the repository's original CDK generator was used.,53,
Benchmark LGBM,nHBAcc,25,nHBAcc,True,53,False,0,False,0,0,0,0,0,True,False,,0,Reused exact normalized column name from HuSkinDB.
Benchmark LGBM,nHBDon,26,nHBDon,True,53,False,0,False,0,0,0,0,0,True,False,,0,Reused exact normalized column name from HuSkinDB.
Benchmark LGBM,HybRatio,27,,False,0,False,0,True,53,0,53,53,0,True,True,No exact RDKit implementation consistent with the CDK training definition; the repository's original CDK generator was used.,53,
Benchmark LGBM,JPLogP,28,,False,0,False,0,True,53,0,53,53,0,True,True,No exact RDKit implementation consistent with the CDK training definition; the repository's original CDK generator was used.,53,
Benchmark LGBM,Kier2,29,,False,0,False,0,True,53,0,53,53,0,True,True,No exact RDKit implementation consistent with the CDK training definition; the repository's original CDK generator was used.,53,
Benchmark LGBM,Kier3,30,,False,0,False,0,True,51,2,53,53,0,True,True,No exact RDKit implementation consistent with the CDK training definition; the repository's original CDK generator was used.,53,
Benchmark LGBM,khs.sLi,31,,False,0,True,53,False,0,0,53,0,0,True,False,,53,
Benchmark LGBM,khs.ssBe,32,,False,0,True,53,False,0,0,53,0,0,True,False,,53,
Benchmark LGBM,khs.ssBH,33,,False,0,True,53,False,0,0,53,0,0,True,False,,53,
Benchmark LGBM,khs.sssB,34,,False,0,True,53,False,0,0,53,0,0,True,False,,53,
Benchmark LGBM,khs.sCH3,35,,False,0,True,53,False,0,0,53,0,0,True,False,,53,
Benchmark LGBM,khs.dCH2,36,,False,0,True,53,False,0,0,53,0,0,True,False,,53,
Benchmark LGBM,khs.ssCH2,37,,False,0,False,0,True,53,0,53,53,0,True,True,No exact RDKit implementation consistent with the CDK training definition; the repository's original CDK generator was used.,53,
Benchmark LGBM,khs.tCH,38,,False,0,True,53,False,0,0,53,0,0,True,False,,53,
Benchmark LGBM,khs.dsCH,39,,False,0,True,53,False,0,0,53,0,0,True,False,,53,
Benchmark LGBM,khs.aaCH,40,,False,0,True,53,False,0,0,53,0,0,True,False,,53,
Benchmark LGBM,khs.sssCH,41,,False,0,True,53,False,0,0,53,0,0,True,False,,53,
Benchmark LGBM,khs.ddC,42,,False,0,True,53,False,0,0,53,0,0,True,False,,53,
Benchmark LGBM,khs.dssC,43,,False,0,True,53,False,0,0,53,0,0,True,False,,53,
Benchmark LGBM,khs.aasC,44,,False,0,True,53,False,0,0,53,0,0,True,False,,53,
Benchmark LGBM,khs.aaaC,45,,False,0,True,53,False,0,0,53,0,0,True,False,,53,
Benchmark LGBM,khs.sNH3,46,,False,0,True,53,False,0,0,53,0,0,True,False,,53,
Benchmark LGBM,khs.sNH2,47,,False,0,True,53,False,0,0,53,0,0,True,False,,53,
Benchmark LGBM,khs.ssNH2,48,,False,0,True,53,False,0,0,53,0,0,True,False,,53,
Benchmark LGBM,khs.dNH,49,,False,0,True,53,False,0,0,53,0,0,True,False,,53,
Benchmark LGBM,khs.ssNH,50,,False,0,True,53,False,0,0,53,0,0,True,False,,53,
Benchmark LGBM,khs.aaNH,51,,False,0,True,53,False,0,0,53,0,0,True,False,,53,
Benchmark LGBM,khs.tN,52,,False,0,True,53,False,0,0,53,0,0,True,False,,53,
Benchmark LGBM,khs.dsN,53,,False,0,True,53,False,0,0,53,0,0,True,False,,53,
Benchmark LGBM,khs.aaN,54,,False,0,True,53,False,0,0,53,0,0,True,False,,53,
Benchmark LGBM,khs.sssN,55,,False,0,True,53,False,0,0,53,0,0,True,False,,53,
Benchmark LGBM,khs.ddsN,56,,False,0,True,53,False,0,0,53,0,0,True,False,,53,
Benchmark LGBM,khs.aasN,57,,False,0,True,53,False,0,0,53,0,0,True,False,,53,
Benchmark LGBM,khs.ssssN,58,,False,0,True,53,False,0,0,53,0,0,True,False,,53,
Benchmark LGBM,khs.sOH,59,,False,0,False,0,True,53,0,53,53,0,True,True,No exact RDKit implementation consistent with the CDK training definition; the repository's original CDK generator was used.,53,
Benchmark LGBM,khs.dO,60,,False,0,True,53,False,0,0,53,0,0,True,False,,53,
Benchmark LGBM,khs.ssO,61,,False,0,True,53,False,0,0,53,0,0,True,False,,53,
Benchmark LGBM,khs.aaO,62,,False,0,True,53,False,0,0,53,0,0,True,False,,53,
Benchmark LGBM,khs.sF,63,,False,0,True,53,False,0,0,53,0,0,True,False,,53,
Benchmark LGBM,khs.sSiH3,64,,False,0,True,53,False,0,0,53,0,0,True,False,,53,
Benchmark LGBM,khs.ssSiH2,65,,False,0,True,53,False,0,0,53,0,0,True,False,,53,
Benchmark LGBM,khs.sssSiH,66,,False,0,True,53,False,0,0,53,0,0,True,False,,53,
Benchmark LGBM,khs.ssssSi,67,,False,0,True,53,False,0,0,53,0,0,True,False,,53,
Benchmark LGBM,khs.sPH2,68,,False,0,True,53,False,0,0,53,0,0,True,False,,53,
Benchmark LGBM,khs.ssPH,69,,False,0,True,53,False,0,0,53,0,0,True,False,,53,
Benchmark LGBM,khs.sssP,70,,False,0,True,53,False,0,0,53,0,0,True,False,,53,
Benchmark LGBM,khs.dsssP,71,,False,0,True,53,False,0,0,53,0,0,True,False,,53,
Benchmark LGBM,khs.sssssP,72,,False,0,True,53,False,0,0,53,0,0,True,False,,53,
Benchmark LGBM,khs.sSH,73,,False,0,True,53,False,0,0,53,0,0,True,False,,53,
Benchmark LGBM,khs.dS,74,,False,0,True,53,False,0,0,53,0,0,True,False,,53,
Benchmark LGBM,khs.ssS,75,,False,0,True,53,False,0,0,53,0,0,True,False,,53,
Benchmark LGBM,khs.aaS,76,,False,0,True,53,False,0,0,53,0,0,True,False,,53,
Benchmark LGBM,khs.dssS,77,,False,0,True,53,False,0,0,53,0,0,True,False,,53,
Benchmark LGBM,khs.ddssS,78,,False,0,True,53,False,0,0,53,0,0,True,False,,53,
Benchmark LGBM,khs.sCl,79,,False,0,True,53,False,0,0,53,0,0,True,False,,53,
Benchmark LGBM,khs.sGeH3,80,,False,0,True,53,False,0,0,53,0,0,True,False,,53,
Benchmark LGBM,khs.ssGeH2,81,,False,0,True,53,False,0,0,53,0,0,True,False,,53,
Benchmark LGBM,khs.sssGeH,82,,False,0,True,53,False,0,0,53,0,0,True,False,,53,
Benchmark LGBM,khs.ssssGe,83,,False,0,True,53,False,0,0,53,0,0,True,False,,53,
Benchmark LGBM,khs.sAsH2,84,,False,0,True,53,False,0,0,53,0,0,True,False,,53,
Benchmark LGBM,khs.ssAsH,85,,False,0,True,53,False,0,0,53,0,0,True,False,,53,
Benchmark LGBM,khs.sssAs,86,,False,0,True,53,False,0,0,53,0,0,True,False,,53,
Benchmark LGBM,khs.sssdAs,87,,False,0,True,53,False,0,0,53,0,0,True,False,,53,
Benchmark LGBM,khs.sssssAs,88,,False,0,True,53,False,0,0,53,0,0,True,False,,53,
Benchmark LGBM,khs.sSeH,89,,False,0,True,53,False,0,0,53,0,0,True,False,,53,
Benchmark LGBM,khs.dSe,90,,False,0,True,53,False,0,0,53,0,0,True,False,,53,
Benchmark LGBM,khs.ssSe,91,,False,0,True,53,False,0,0,53,0,0,True,False,,53,
Benchmark LGBM,khs.aaSe,92,,False,0,True,53,False,0,0,53,0,0,True,False,,53,
Benchmark LGBM,khs.dssSe,93,,False,0,True,53,False,0,0,53,0,0,True,False,,53,
Benchmark LGBM,khs.ddssSe,94,,False,0,True,53,False,0,0,53,0,0,True,False,,53,
Benchmark LGBM,khs.sBr,95,,False,0,True,53,False,0,0,53,0,0,True,False,,53,
Benchmark LGBM,khs.sSnH3,96,,False,0,True,53,False,0,0,53,0,0,True,False,,53,
Benchmark LGBM,khs.ssSnH2,97,,False,0,True,53,False,0,0,53,0,0,True,False,,53,
Benchmark LGBM,khs.sssSnH,98,,False,0,True,53,False,0,0,53,0,0,True,False,,53,
Benchmark LGBM,khs.ssssSn,99,,False,0,True,53,False,0,0,53,0,0,True,False,,53,
Benchmark LGBM,khs.sPbH3,100,,False,0,True,53,False,0,0,53,0,0,True,False,,53,
Benchmark LGBM,khs.ssPbH2,101,,False,0,True,53,False,0,0,53,0,0,True,False,,53,
Benchmark LGBM,khs.sssPbH,102,,False,0,True,53,False,0,0,53,0,0,True,False,,53,
Benchmark LGBM,khs.ssssPb,103,,False,0,True,53,False,0,0,53,0,0,True,False,,53,
Benchmark LGBM,nAtomLC,104,,False,0,False,0,True,53,0,53,53,0,True,True,No exact RDKit implementation consistent with the CDK training definition; the repository's original CDK generator was used.,53,
Benchmark LGBM,nAtomP,105,,False,0,False,0,True,53,0,53,53,0,True,True,No exact RDKit implementation consistent with the CDK training definition; the repository's original CDK generator was used.,53,
Benchmark LGBM,nAtomLAC,106,,False,0,False,0,True,53,0,53,53,0,True,True,No exact RDKit implementation consistent with the CDK training definition; the repository's original CDK generator was used.,53,
Benchmark LGBM,MDEC-11,107,,False,0,False,0,True,53,0,53,53,0,True,True,No exact RDKit implementation consistent with the CDK training definition; the repository's original CDK generator was used.,53,
Benchmark LGBM,MDEC-12,108,,False,0,False,0,True,53,0,53,53,0,True,True,No exact RDKit implementation consistent with the CDK training definition; the repository's original CDK generator was used.,53,
Benchmark LGBM,MDEC-13,109,,False,0,False,0,True,53,0,53,53,0,True,True,No exact RDKit implementation consistent with the CDK training definition; the repository's original CDK generator was used.,53,
Benchmark LGBM,MDEC-14,110,,False,0,False,0,True,53,0,53,53,0,True,True,No exact RDKit implementation consistent with the CDK training definition; the repository's original CDK generator was used.,53,
Benchmark LGBM,MDEC-22,111,,False,0,False,0,True,53,0,53,53,0,True,True,No exact RDKit implementation consistent with the CDK training definition; the repository's original CDK generator was used.,53,
Benchmark LGBM,MDEC-33,112,,False,0,False,0,True,53,0,53,53,0,True,True,No exact RDKit implementation consistent with the CDK training definition; the repository's original CDK generator was used.,53,
Benchmark LGBM,MDEC-34,113,,False,0,False,0,True,53,0,53,53,0,True,True,No exact RDKit implementation consistent with the CDK training definition; the repository's original CDK generator was used.,53,
Benchmark LGBM,MDEC-44,114,,False,0,False,0,True,53,0,53,53,0,True,True,No exact RDKit implementation consistent with the CDK training definition; the repository's original CDK generator was used.,53,
Benchmark LGBM,MDEO-11,115,,False,0,False,0,True,53,0,53,53,0,True,True,No exact RDKit implementation consistent with the CDK training definition; the repository's original CDK generator was used.,53,
Benchmark LGBM,MDEO-12,116,,False,0,False,0,True,53,0,53,53,0,True,True,No exact RDKit implementation consistent with the CDK training definition; the repository's original CDK generator was used.,53,
Benchmark LGBM,MDEO-22,117,,False,0,False,0,True,53,0,53,53,0,True,True,No exact RDKit implementation consistent with the CDK training definition; the repository's original CDK generator was used.,53,
Benchmark LGBM,MDEN-11,118,,False,0,False,0,True,53,0,53,53,0,True,True,No exact RDKit implementation consistent with the CDK training definition; the repository's original CDK generator was used.,53,
Benchmark LGBM,MDEN-12,119,,False,0,False,0,True,53,0,53,53,0,True,True,No exact RDKit implementation consistent with the CDK training definition; the repository's original CDK generator was used.,53,
Benchmark LGBM,MDEN-13,120,,False,0,False,0,True,53,0,53,53,0,True,True,No exact RDKit implementation consistent with the CDK training definition; the repository's original CDK generator was used.,53,
Benchmark LGBM,MDEN-22,121,,False,0,False,0,True,53,0,53,53,0,True,True,No exact RDKit implementation consistent with the CDK training definition; the repository's original CDK generator was used.,53,
Benchmark LGBM,MDEN-23,122,,False,0,False,0,True,53,0,53,53,0,True,True,No exact RDKit implementation consistent with the CDK training definition; the repository's original CDK generator was used.,53,
Benchmark LGBM,MDEN-33,123,,False,0,False,0,True,53,0,53,53,0,True,True,No exact RDKit implementation consistent with the CDK training definition; the repository's original CDK generator was used.,53,
Benchmark LGBM,MLogP,124,,False,0,False,0,True,53,0,53,53,0,True,True,No exact RDKit implementation consistent with the CDK training definition; the repository's original CDK generator was used.,53,
Benchmark LGBM,topoShape,125,,False,0,False,0,True,53,0,53,53,0,True,True,No exact RDKit implementation consistent with the CDK training definition; the repository's original CDK generator was used.,53,
Benchmark LGBM,nRotB,126,nRotB,True,53,False,0,False,0,0,0,0,0,True,False,,0,Reused exact normalized column name from HuSkinDB.
Benchmark LGBM,LipinskiFailures,127,LipinskiFailures,True,53,False,0,False,0,0,0,0,0,True,False,,0,Reused exact normalized column name from HuSkinDB.
Benchmark LGBM,nAromRings,128,,False,0,True,53,False,0,0,53,0,0,True,False,,53,
Benchmark LGBM,nRingBlocks,129,,False,0,False,0,True,53,0,53,53,0,True,True,No exact RDKit implementation consistent with the CDK training definition; the repository's original CDK generator was used.,53,
Benchmark LGBM,nAromBlocks,130,,False,0,False,0,True,53,0,53,53,0,True,True,No exact RDKit implementation consistent with the CDK training definition; the repository's original CDK generator was used.,53,
Benchmark LGBM,nRings3,131,,False,0,True,53,False,0,0,53,0,0,True,False,,53,
Benchmark LGBM,nRings4,132,,False,0,True,53,False,0,0,53,0,0,True,False,,53,
Benchmark LGBM,nRings5,133,,False,0,True,53,False,0,0,53,0,0,True,False,,53,
Benchmark LGBM,nRings6,134,,False,0,True,53,False,0,0,53,0,0,True,False,,53,
Benchmark LGBM,nRings7,135,,False,0,True,53,False,0,0,53,0,0,True,False,,53,
Benchmark LGBM,nRings8,136,,False,0,True,53,False,0,0,53,0,0,True,False,,53,
Benchmark LGBM,nRings9,137,,False,0,True,53,False,0,0,53,0,0,True,False,,53,
Benchmark LGBM,TopoPSA,138,TopoPSA,True,53,False,0,False,0,0,0,0,0,True,False,,0,Reused exact normalized column name from HuSkinDB.
Benchmark LGBM,VAdjMat,139,,False,0,False,0,True,53,0,53,53,0,True,True,No exact RDKit implementation consistent with the CDK training definition; the repository's original CDK generator was used.,53,
Benchmark LGBM,WTPT-2,140,,False,0,False,0,True,53,0,53,53,0,True,True,No exact RDKit implementation consistent with the CDK training definition; the repository's original CDK generator was used.,53,
Benchmark LGBM,WTPT-3,141,,False,0,False,0,True,53,0,53,53,0,True,True,No exact RDKit implementation consistent with the CDK training definition; the repository's original CDK generator was used.,53,
Benchmark LGBM,WTPT-4,142,,False,0,False,0,True,53,0,53,53,0,True,True,No exact RDKit implementation consistent with the CDK training definition; the repository's original CDK generator was used.,53,
Benchmark LGBM,WTPT-5,143,,False,0,False,0,True,53,0,53,53,0,True,True,No exact RDKit implementation consistent with the CDK training definition; the repository's original CDK generator was used.,53,
Benchmark LGBM,WPATH,144,,False,0,False,0,True,53,0,53,53,0,True,True,No exact RDKit implementation consistent with the CDK training definition; the repository's original CDK generator was used.,53,
Benchmark LGBM,XLogP,145,,False,0,False,0,True,53,0,53,53,0,True,True,No exact RDKit implementation consistent with the CDK training definition; the repository's original CDK generator was used.,53,
Benchmark LGBM,Zagreb,146,,False,0,True,53,False,0,0,53,0,0,True,False,,53,
Benchmark XGBoost,Texpi,1,,False,0,False,0,False,0,53,53,53,0,True,False,,53,Converted Celsius values to Kelvin; values already >=200 were treated as Kelvin.
Benchmark XGBoost,ALogp2,2,,False,0,False,0,True,53,0,53,53,0,True,True,No exact RDKit implementation consistent with the CDK training definition; the repository's original CDK generator was used.,53,
Benchmark XGBoost,nAcid,3,,False,0,False,0,True,53,0,53,53,0,True,True,No exact RDKit implementation consistent with the CDK training definition; the repository's original CDK generator was used.,53,
Benchmark XGBoost,nAromBond,4,,False,0,False,0,True,53,0,53,53,0,True,True,No exact RDKit implementation consistent with the CDK training definition; the repository's original CDK generator was used.,53,
Benchmark XGBoost,ATSc2,5,,False,0,False,0,True,53,0,53,53,0,True,True,No exact RDKit implementation consistent with the CDK training definition; the repository's original CDK generator was used.,53,
Benchmark XGBoost,ATSc3,6,,False,0,False,0,True,53,0,53,53,0,True,True,No exact RDKit implementation consistent with the CDK training definition; the repository's original CDK generator was used.,53,
Benchmark XGBoost,ATSc4,7,,False,0,False,0,True,53,0,53,53,0,True,True,No exact RDKit implementation consistent with the CDK training definition; the repository's original CDK generator was used.,53,
Benchmark XGBoost,ATSc5,8,,False,0,False,0,True,53,0,53,53,0,True,True,No exact RDKit implementation consistent with the CDK training definition; the repository's original CDK generator was used.,53,
Benchmark XGBoost,ATSm1,9,,False,0,False,0,True,53,0,53,53,0,True,True,No exact RDKit implementation consistent with the CDK training definition; the repository's original CDK generator was used.,53,
Benchmark XGBoost,BCUTw-1l,10,,False,0,False,0,True,53,0,53,53,0,True,True,No exact RDKit implementation consistent with the CDK training definition; the repository's original CDK generator was used.,53,
Benchmark XGBoost,BCUTw-1h,11,,False,0,False,0,True,53,0,53,53,0,True,True,No exact RDKit implementation consistent with the CDK training definition; the repository's original CDK generator was used.,53,
Benchmark XGBoost,BCUTc-1l,12,,False,0,False,0,True,53,0,53,53,0,True,True,No exact RDKit implementation consistent with the CDK training definition; the repository's original CDK generator was used.,53,
Benchmark XGBoost,BCUTc-1h,13,,False,0,False,0,True,53,0,53,53,0,True,True,No exact RDKit implementation consistent with the CDK training definition; the repository's original CDK generator was used.,53,
Benchmark XGBoost,BCUTp-1l,14,,False,0,False,0,True,53,0,53,53,0,True,True,No exact RDKit implementation consistent with the CDK training definition; the repository's original CDK generator was used.,53,
Benchmark XGBoost,BCUTp-1h,15,,False,0,False,0,True,53,0,53,53,0,True,True,No exact RDKit implementation consistent with the CDK training definition; the repository's original CDK generator was used.,53,
Benchmark XGBoost,nBase,16,,False,0,False,0,True,53,0,53,53,0,True,True,No exact RDKit implementation consistent with the CDK training definition; the repository's original CDK generator was used.,53,
Benchmark XGBoost,C2SP1,17,,False,0,False,0,True,53,0,53,53,0,True,True,No exact RDKit implementation consistent with the CDK training definition; the repository's original CDK generator was used.,53,
Benchmark XGBoost,C1SP2,18,,False,0,False,0,True,53,0,53,53,0,True,True,No exact RDKit implementation consistent with the CDK training definition; the repository's original CDK generator was used.,53,
Benchmark XGBoost,C2SP2,19,,False,0,False,0,True,53,0,53,53,0,True,True,No exact RDKit implementation consistent with the CDK training definition; the repository's original CDK generator was used.,53,
Benchmark XGBoost,C3SP2,20,,False,0,False,0,True,53,0,53,53,0,True,True,No exact RDKit implementation consistent with the CDK training definition; the repository's original CDK generator was used.,53,
Benchmark XGBoost,C1SP3,21,,False,0,False,0,True,53,0,53,53,0,True,True,No exact RDKit implementation consistent with the CDK training definition; the repository's original CDK generator was used.,53,
Benchmark XGBoost,C2SP3,22,,False,0,False,0,True,53,0,53,53,0,True,True,No exact RDKit implementation consistent with the CDK training definition; the repository's original CDK generator was used.,53,
Benchmark XGBoost,SC-4,23,,False,0,False,0,True,53,0,53,53,0,True,True,No exact RDKit implementation consistent with the CDK training definition; the repository's original CDK generator was used.,53,
Benchmark XGBoost,FMF,24,,False,0,False,0,True,53,0,53,53,0,True,True,No exact RDKit implementation consistent with the CDK training definition; the repository's original CDK generator was used.,53,
Benchmark XGBoost,nHBAcc,25,nHBAcc,True,53,False,0,False,0,0,0,0,0,True,False,,0,Reused exact normalized column name from HuSkinDB.
Benchmark XGBoost,nHBDon,26,nHBDon,True,53,False,0,False,0,0,0,0,0,True,False,,0,Reused exact normalized column name from HuSkinDB.
Benchmark XGBoost,HybRatio,27,,False,0,False,0,True,53,0,53,53,0,True,True,No exact RDKit implementation consistent with the CDK training definition; the repository's original CDK generator was used.,53,
Benchmark XGBoost,JPLogP,28,,False,0,False,0,True,53,0,53,53,0,True,True,No exact RDKit implementation consistent with the CDK training definition; the repository's original CDK generator was used.,53,
Benchmark XGBoost,Kier2,29,,False,0,False,0,True,53,0,53,53,0,True,True,No exact RDKit implementation consistent with the CDK training definition; the repository's original CDK generator was used.,53,
Benchmark XGBoost,Kier3,30,,False,0,False,0,True,51,2,53,53,0,True,True,No exact RDKit implementation consistent with the CDK training definition; the repository's original CDK generator was used.,53,
Benchmark XGBoost,khs.sLi,31,,False,0,True,53,False,0,0,53,0,0,True,False,,53,
Benchmark XGBoost,khs.ssBe,32,,False,0,True,53,False,0,0,53,0,0,True,False,,53,
Benchmark XGBoost,khs.ssBH,33,,False,0,True,53,False,0,0,53,0,0,True,False,,53,
Benchmark XGBoost,khs.sssB,34,,False,0,True,53,False,0,0,53,0,0,True,False,,53,
Benchmark XGBoost,khs.sCH3,35,,False,0,True,53,False,0,0,53,0,0,True,False,,53,
Benchmark XGBoost,khs.dCH2,36,,False,0,True,53,False,0,0,53,0,0,True,False,,53,
Benchmark XGBoost,khs.ssCH2,37,,False,0,False,0,True,53,0,53,53,0,True,True,No exact RDKit implementation consistent with the CDK training definition; the repository's original CDK generator was used.,53,
Benchmark XGBoost,khs.tCH,38,,False,0,True,53,False,0,0,53,0,0,True,False,,53,
Benchmark XGBoost,khs.dsCH,39,,False,0,True,53,False,0,0,53,0,0,True,False,,53,
Benchmark XGBoost,khs.aaCH,40,,False,0,True,53,False,0,0,53,0,0,True,False,,53,
Benchmark XGBoost,khs.sssCH,41,,False,0,True,53,False,0,0,53,0,0,True,False,,53,
Benchmark XGBoost,khs.ddC,42,,False,0,True,53,False,0,0,53,0,0,True,False,,53,
Benchmark XGBoost,khs.dssC,43,,False,0,True,53,False,0,0,53,0,0,True,False,,53,
Benchmark XGBoost,khs.aasC,44,,False,0,True,53,False,0,0,53,0,0,True,False,,53,
Benchmark XGBoost,khs.aaaC,45,,False,0,True,53,False,0,0,53,0,0,True,False,,53,
Benchmark XGBoost,khs.sNH3,46,,False,0,True,53,False,0,0,53,0,0,True,False,,53,
Benchmark XGBoost,khs.sNH2,47,,False,0,True,53,False,0,0,53,0,0,True,False,,53,
Benchmark XGBoost,khs.ssNH2,48,,False,0,True,53,False,0,0,53,0,0,True,False,,53,
Benchmark XGBoost,khs.dNH,49,,False,0,True,53,False,0,0,53,0,0,True,False,,53,
Benchmark XGBoost,khs.ssNH,50,,False,0,True,53,False,0,0,53,0,0,True,False,,53,
Benchmark XGBoost,khs.aaNH,51,,False,0,True,53,False,0,0,53,0,0,True,False,,53,
Benchmark XGBoost,khs.tN,52,,False,0,True,53,False,0,0,53,0,0,True,False,,53,
Benchmark XGBoost,khs.dsN,53,,False,0,True,53,False,0,0,53,0,0,True,False,,53,
Benchmark XGBoost,khs.aaN,54,,False,0,True,53,False,0,0,53,0,0,True,False,,53,
Benchmark XGBoost,khs.sssN,55,,False,0,True,53,False,0,0,53,0,0,True,False,,53,
Benchmark XGBoost,khs.ddsN,56,,False,0,True,53,False,0,0,53,0,0,True,False,,53,
Benchmark XGBoost,khs.aasN,57,,False,0,True,53,False,0,0,53,0,0,True,False,,53,
Benchmark XGBoost,khs.ssssN,58,,False,0,True,53,False,0,0,53,0,0,True,False,,53,
Benchmark XGBoost,khs.sOH,59,,False,0,False,0,True,53,0,53,53,0,True,True,No exact RDKit implementation consistent with the CDK training definition; the repository's original CDK generator was used.,53,
Benchmark XGBoost,khs.dO,60,,False,0,True,53,False,0,0,53,0,0,True,False,,53,
Benchmark XGBoost,khs.ssO,61,,False,0,True,53,False,0,0,53,0,0,True,False,,53,
Benchmark XGBoost,khs.aaO,62,,False,0,True,53,False,0,0,53,0,0,True,False,,53,
Benchmark XGBoost,khs.sF,63,,False,0,True,53,False,0,0,53,0,0,True,False,,53,
Benchmark XGBoost,khs.sSiH3,64,,False,0,True,53,False,0,0,53,0,0,True,False,,53,
Benchmark XGBoost,khs.ssSiH2,65,,False,0,True,53,False,0,0,53,0,0,True,False,,53,
Benchmark XGBoost,khs.sssSiH,66,,False,0,True,53,False,0,0,53,0,0,True,False,,53,
Benchmark XGBoost,khs.ssssSi,67,,False,0,True,53,False,0,0,53,0,0,True,False,,53,
Benchmark XGBoost,khs.sPH2,68,,False,0,True,53,False,0,0,53,0,0,True,False,,53,
Benchmark XGBoost,khs.ssPH,69,,False,0,True,53,False,0,0,53,0,0,True,False,,53,
Benchmark XGBoost,khs.sssP,70,,False,0,True,53,False,0,0,53,0,0,True,False,,53,
Benchmark XGBoost,khs.dsssP,71,,False,0,True,53,False,0,0,53,0,0,True,False,,53,
Benchmark XGBoost,khs.sssssP,72,,False,0,True,53,False,0,0,53,0,0,True,False,,53,
Benchmark XGBoost,khs.sSH,73,,False,0,True,53,False,0,0,53,0,0,True,False,,53,
Benchmark XGBoost,khs.dS,74,,False,0,True,53,False,0,0,53,0,0,True,False,,53,
Benchmark XGBoost,khs.ssS,75,,False,0,True,53,False,0,0,53,0,0,True,False,,53,
Benchmark XGBoost,khs.aaS,76,,False,0,True,53,False,0,0,53,0,0,True,False,,53,
Benchmark XGBoost,khs.dssS,77,,False,0,True,53,False,0,0,53,0,0,True,False,,53,
Benchmark XGBoost,khs.ddssS,78,,False,0,True,53,False,0,0,53,0,0,True,False,,53,
Benchmark XGBoost,khs.sCl,79,,False,0,True,53,False,0,0,53,0,0,True,False,,53,
Benchmark XGBoost,khs.sGeH3,80,,False,0,True,53,False,0,0,53,0,0,True,False,,53,
Benchmark XGBoost,khs.ssGeH2,81,,False,0,True,53,False,0,0,53,0,0,True,False,,53,
Benchmark XGBoost,khs.sssGeH,82,,False,0,True,53,False,0,0,53,0,0,True,False,,53,
Benchmark XGBoost,khs.ssssGe,83,,False,0,True,53,False,0,0,53,0,0,True,False,,53,
Benchmark XGBoost,khs.sAsH2,84,,False,0,True,53,False,0,0,53,0,0,True,False,,53,
Benchmark XGBoost,khs.ssAsH,85,,False,0,True,53,False,0,0,53,0,0,True,False,,53,
Benchmark XGBoost,khs.sssAs,86,,False,0,True,53,False,0,0,53,0,0,True,False,,53,
Benchmark XGBoost,khs.sssdAs,87,,False,0,True,53,False,0,0,53,0,0,True,False,,53,
Benchmark XGBoost,khs.sssssAs,88,,False,0,True,53,False,0,0,53,0,0,True,False,,53,
Benchmark XGBoost,khs.sSeH,89,,False,0,True,53,False,0,0,53,0,0,True,False,,53,
Benchmark XGBoost,khs.dSe,90,,False,0,True,53,False,0,0,53,0,0,True,False,,53,
Benchmark XGBoost,khs.ssSe,91,,False,0,True,53,False,0,0,53,0,0,True,False,,53,
Benchmark XGBoost,khs.aaSe,92,,False,0,True,53,False,0,0,53,0,0,True,False,,53,
Benchmark XGBoost,khs.dssSe,93,,False,0,True,53,False,0,0,53,0,0,True,False,,53,
Benchmark XGBoost,khs.ddssSe,94,,False,0,True,53,False,0,0,53,0,0,True,False,,53,
Benchmark XGBoost,khs.sBr,95,,False,0,True,53,False,0,0,53,0,0,True,False,,53,
Benchmark XGBoost,khs.sSnH3,96,,False,0,True,53,False,0,0,53,0,0,True,False,,53,
Benchmark XGBoost,khs.ssSnH2,97,,False,0,True,53,False,0,0,53,0,0,True,False,,53,
Benchmark XGBoost,khs.sssSnH,98,,False,0,True,53,False,0,0,53,0,0,True,False,,53,
Benchmark XGBoost,khs.ssssSn,99,,False,0,True,53,False,0,0,53,0,0,True,False,,53,
Benchmark XGBoost,khs.sPbH3,100,,False,0,True,53,False,0,0,53,0,0,True,False,,53,
Benchmark XGBoost,khs.ssPbH2,101,,False,0,True,53,False,0,0,53,0,0,True,False,,53,
Benchmark XGBoost,khs.sssPbH,102,,False,0,True,53,False,0,0,53,0,0,True,False,,53,
Benchmark XGBoost,khs.ssssPb,103,,False,0,True,53,False,0,0,53,0,0,True,False,,53,
Benchmark XGBoost,nAtomLC,104,,False,0,False,0,True,53,0,53,53,0,True,True,No exact RDKit implementation consistent with the CDK training definition; the repository's original CDK generator was used.,53,
Benchmark XGBoost,nAtomP,105,,False,0,False,0,True,53,0,53,53,0,True,True,No exact RDKit implementation consistent with the CDK training definition; the repository's original CDK generator was used.,53,
Benchmark XGBoost,nAtomLAC,106,,False,0,False,0,True,53,0,53,53,0,True,True,No exact RDKit implementation consistent with the CDK training definition; the repository's original CDK generator was used.,53,
Benchmark XGBoost,MDEC-11,107,,False,0,False,0,True,53,0,53,53,0,True,True,No exact RDKit implementation consistent with the CDK training definition; the repository's original CDK generator was used.,53,
Benchmark XGBoost,MDEC-12,108,,False,0,False,0,True,53,0,53,53,0,True,True,No exact RDKit implementation consistent with the CDK training definition; the repository's original CDK generator was used.,53,
Benchmark XGBoost,MDEC-13,109,,False,0,False,0,True,53,0,53,53,0,True,True,No exact RDKit implementation consistent with the CDK training definition; the repository's original CDK generator was used.,53,
Benchmark XGBoost,MDEC-14,110,,False,0,False,0,True,53,0,53,53,0,True,True,No exact RDKit implementation consistent with the CDK training definition; the repository's original CDK generator was used.,53,
Benchmark XGBoost,MDEC-22,111,,False,0,False,0,True,53,0,53,53,0,True,True,No exact RDKit implementation consistent with the CDK training definition; the repository's original CDK generator was used.,53,
Benchmark XGBoost,MDEC-33,112,,False,0,False,0,True,53,0,53,53,0,True,True,No exact RDKit implementation consistent with the CDK training definition; the repository's original CDK generator was used.,53,
Benchmark XGBoost,MDEC-34,113,,False,0,False,0,True,53,0,53,53,0,True,True,No exact RDKit implementation consistent with the CDK training definition; the repository's original CDK generator was used.,53,
Benchmark XGBoost,MDEC-44,114,,False,0,False,0,True,53,0,53,53,0,True,True,No exact RDKit implementation consistent with the CDK training definition; the repository's original CDK generator was used.,53,
Benchmark XGBoost,MDEO-11,115,,False,0,False,0,True,53,0,53,53,0,True,True,No exact RDKit implementation consistent with the CDK training definition; the repository's original CDK generator was used.,53,
Benchmark XGBoost,MDEO-12,116,,False,0,False,0,True,53,0,53,53,0,True,True,No exact RDKit implementation consistent with the CDK training definition; the repository's original CDK generator was used.,53,
Benchmark XGBoost,MDEO-22,117,,False,0,False,0,True,53,0,53,53,0,True,True,No exact RDKit implementation consistent with the CDK training definition; the repository's original CDK generator was used.,53,
Benchmark XGBoost,MDEN-11,118,,False,0,False,0,True,53,0,53,53,0,True,True,No exact RDKit implementation consistent with the CDK training definition; the repository's original CDK generator was used.,53,
Benchmark XGBoost,MDEN-12,119,,False,0,False,0,True,53,0,53,53,0,True,True,No exact RDKit implementation consistent with the CDK training definition; the repository's original CDK generator was used.,53,
Benchmark XGBoost,MDEN-13,120,,False,0,False,0,True,53,0,53,53,0,True,True,No exact RDKit implementation consistent with the CDK training definition; the repository's original CDK generator was used.,53,
Benchmark XGBoost,MDEN-22,121,,False,0,False,0,True,53,0,53,53,0,True,True,No exact RDKit implementation consistent with the CDK training definition; the repository's original CDK generator was used.,53,
Benchmark XGBoost,MDEN-23,122,,False,0,False,0,True,53,0,53,53,0,True,True,No exact RDKit implementation consistent with the CDK training definition; the repository's original CDK generator was used.,53,
Benchmark XGBoost,MDEN-33,123,,False,0,False,0,True,53,0,53,53,0,True,True,No exact RDKit implementation consistent with the CDK training definition; the repository's original CDK generator was used.,53,
Benchmark XGBoost,MLogP,124,,False,0,False,0,True,53,0,53,53,0,True,True,No exact RDKit implementation consistent with the CDK training definition; the repository's original CDK generator was used.,53,
Benchmark XGBoost,topoShape,125,,False,0,False,0,True,53,0,53,53,0,True,True,No exact RDKit implementation consistent with the CDK training definition; the repository's original CDK generator was used.,53,
Benchmark XGBoost,nRotB,126,nRotB,True,53,False,0,False,0,0,0,0,0,True,False,,0,Reused exact normalized column name from HuSkinDB.
Benchmark XGBoost,LipinskiFailures,127,LipinskiFailures,True,53,False,0,False,0,0,0,0,0,True,False,,0,Reused exact normalized column name from HuSkinDB.
Benchmark XGBoost,nAromRings,128,,False,0,True,53,False,0,0,53,0,0,True,False,,53,
Benchmark XGBoost,nRingBlocks,129,,False,0,False,0,True,53,0,53,53,0,True,True,No exact RDKit implementation consistent with the CDK training definition; the repository's original CDK generator was used.,53,
Benchmark XGBoost,nAromBlocks,130,,False,0,False,0,True,53,0,53,53,0,True,True,No exact RDKit implementation consistent with the CDK training definition; the repository's original CDK generator was used.,53,
Benchmark XGBoost,nRings3,131,,False,0,True,53,False,0,0,53,0,0,True,False,,53,
Benchmark XGBoost,nRings4,132,,False,0,True,53,False,0,0,53,0,0,True,False,,53,
Benchmark XGBoost,nRings5,133,,False,0,True,53,False,0,0,53,0,0,True,False,,53,
Benchmark XGBoost,nRings6,134,,False,0,True,53,False,0,0,53,0,0,True,False,,53,
Benchmark XGBoost,nRings7,135,,False,0,True,53,False,0,0,53,0,0,True,False,,53,
Benchmark XGBoost,nRings8,136,,False,0,True,53,False,0,0,53,0,0,True,False,,53,
Benchmark XGBoost,nRings9,137,,False,0,True,53,False,0,0,53,0,0,True,False,,53,
Benchmark XGBoost,TopoPSA,138,TopoPSA,True,53,False,0,False,0,0,0,0,0,True,False,,0,Reused exact normalized column name from HuSkinDB.
Benchmark XGBoost,VAdjMat,139,,False,0,False,0,True,53,0,53,53,0,True,True,No exact RDKit implementation consistent with the CDK training definition; the repository's original CDK generator was used.,53,
Benchmark XGBoost,WTPT-2,140,,False,0,False,0,True,53,0,53,53,0,True,True,No exact RDKit implementation consistent with the CDK training definition; the repository's original CDK generator was used.,53,
Benchmark XGBoost,WTPT-3,141,,False,0,False,0,True,53,0,53,53,0,True,True,No exact RDKit implementation consistent with the CDK training definition; the repository's original CDK generator was used.,53,
Benchmark XGBoost,WTPT-4,142,,False,0,False,0,True,53,0,53,53,0,True,True,No exact RDKit implementation consistent with the CDK training definition; the repository's original CDK generator was used.,53,
Benchmark XGBoost,WTPT-5,143,,False,0,False,0,True,53,0,53,53,0,True,True,No exact RDKit implementation consistent with the CDK training definition; the repository's original CDK generator was used.,53,
Benchmark XGBoost,WPATH,144,,False,0,False,0,True,53,0,53,53,0,True,True,No exact RDKit implementation consistent with the CDK training definition; the repository's original CDK generator was used.,53,
Benchmark XGBoost,XLogP,145,,False,0,False,0,True,53,0,53,53,0,True,True,No exact RDKit implementation consistent with the CDK training definition; the repository's original CDK generator was used.,53,
Benchmark XGBoost,Zagreb,146,,False,0,True,53,False,0,0,53,0,0,True,False,,53,
Benchmark SVR (RBF),Texpi,1,,False,0,False,0,False,0,53,53,53,0,True,False,,53,Converted Celsius values to Kelvin; values already >=200 were treated as Kelvin.
Benchmark SVR (RBF),ALogp2,2,,False,0,False,0,True,53,0,53,53,0,True,True,No exact RDKit implementation consistent with the CDK training definition; the repository's original CDK generator was used.,53,
Benchmark SVR (RBF),nAcid,3,,False,0,False,0,True,53,0,53,53,0,True,True,No exact RDKit implementation consistent with the CDK training definition; the repository's original CDK generator was used.,53,
Benchmark SVR (RBF),nAromBond,4,,False,0,False,0,True,53,0,53,53,0,True,True,No exact RDKit implementation consistent with the CDK training definition; the repository's original CDK generator was used.,53,
Benchmark SVR (RBF),ATSc2,5,,False,0,False,0,True,53,0,53,53,0,True,True,No exact RDKit implementation consistent with the CDK training definition; the repository's original CDK generator was used.,53,
Benchmark SVR (RBF),ATSc3,6,,False,0,False,0,True,53,0,53,53,0,True,True,No exact RDKit implementation consistent with the CDK training definition; the repository's original CDK generator was used.,53,
Benchmark SVR (RBF),ATSc4,7,,False,0,False,0,True,53,0,53,53,0,True,True,No exact RDKit implementation consistent with the CDK training definition; the repository's original CDK generator was used.,53,
Benchmark SVR (RBF),ATSc5,8,,False,0,False,0,True,53,0,53,53,0,True,True,No exact RDKit implementation consistent with the CDK training definition; the repository's original CDK generator was used.,53,
Benchmark SVR (RBF),ATSm1,9,,False,0,False,0,True,53,0,53,53,0,True,True,No exact RDKit implementation consistent with the CDK training definition; the repository's original CDK generator was used.,53,
Benchmark SVR (RBF),BCUTw-1l,10,,False,0,False,0,True,53,0,53,53,0,True,True,No exact RDKit implementation consistent with the CDK training definition; the repository's original CDK generator was used.,53,
Benchmark SVR (RBF),BCUTw-1h,11,,False,0,False,0,True,53,0,53,53,0,True,True,No exact RDKit implementation consistent with the CDK training definition; the repository's original CDK generator was used.,53,
Benchmark SVR (RBF),BCUTc-1l,12,,False,0,False,0,True,53,0,53,53,0,True,True,No exact RDKit implementation consistent with the CDK training definition; the repository's original CDK generator was used.,53,
Benchmark SVR (RBF),BCUTc-1h,13,,False,0,False,0,True,53,0,53,53,0,True,True,No exact RDKit implementation consistent with the CDK training definition; the repository's original CDK generator was used.,53,
Benchmark SVR (RBF),BCUTp-1l,14,,False,0,False,0,True,53,0,53,53,0,True,True,No exact RDKit implementation consistent with the CDK training definition; the repository's original CDK generator was used.,53,
Benchmark SVR (RBF),BCUTp-1h,15,,False,0,False,0,True,53,0,53,53,0,True,True,No exact RDKit implementation consistent with the CDK training definition; the repository's original CDK generator was used.,53,
Benchmark SVR (RBF),nBase,16,,False,0,False,0,True,53,0,53,53,0,True,True,No exact RDKit implementation consistent with the CDK training definition; the repository's original CDK generator was used.,53,
Benchmark SVR (RBF),C2SP1,17,,False,0,False,0,True,53,0,53,53,0,True,True,No exact RDKit implementation consistent with the CDK training definition; the repository's original CDK generator was used.,53,
Benchmark SVR (RBF),C1SP2,18,,False,0,False,0,True,53,0,53,53,0,True,True,No exact RDKit implementation consistent with the CDK training definition; the repository's original CDK generator was used.,53,
Benchmark SVR (RBF),C2SP2,19,,False,0,False,0,True,53,0,53,53,0,True,True,No exact RDKit implementation consistent with the CDK training definition; the repository's original CDK generator was used.,53,
Benchmark SVR (RBF),C3SP2,20,,False,0,False,0,True,53,0,53,53,0,True,True,No exact RDKit implementation consistent with the CDK training definition; the repository's original CDK generator was used.,53,
Benchmark SVR (RBF),C1SP3,21,,False,0,False,0,True,53,0,53,53,0,True,True,No exact RDKit implementation consistent with the CDK training definition; the repository's original CDK generator was used.,53,
Benchmark SVR (RBF),C2SP3,22,,False,0,False,0,True,53,0,53,53,0,True,True,No exact RDKit implementation consistent with the CDK training definition; the repository's original CDK generator was used.,53,
Benchmark SVR (RBF),SC-4,23,,False,0,False,0,True,53,0,53,53,0,True,True,No exact RDKit implementation consistent with the CDK training definition; the repository's original CDK generator was used.,53,
Benchmark SVR (RBF),FMF,24,,False,0,False,0,True,53,0,53,53,0,True,True,No exact RDKit implementation consistent with the CDK training definition; the repository's original CDK generator was used.,53,
Benchmark SVR (RBF),nHBAcc,25,nHBAcc,True,53,False,0,False,0,0,0,0,0,True,False,,0,Reused exact normalized column name from HuSkinDB.
Benchmark SVR (RBF),nHBDon,26,nHBDon,True,53,False,0,False,0,0,0,0,0,True,False,,0,Reused exact normalized column name from HuSkinDB.
Benchmark SVR (RBF),HybRatio,27,,False,0,False,0,True,53,0,53,53,0,True,True,No exact RDKit implementation consistent with the CDK training definition; the repository's original CDK generator was used.,53,
Benchmark SVR (RBF),JPLogP,28,,False,0,False,0,True,53,0,53,53,0,True,True,No exact RDKit implementation consistent with the CDK training definition; the repository's original CDK generator was used.,53,
Benchmark SVR (RBF),Kier2,29,,False,0,False,0,True,53,0,53,53,0,True,True,No exact RDKit implementation consistent with the CDK training definition; the repository's original CDK generator was used.,53,
Benchmark SVR (RBF),Kier3,30,,False,0,False,0,True,51,2,53,53,0,True,True,No exact RDKit implementation consistent with the CDK training definition; the repository's original CDK generator was used.,53,
Benchmark SVR (RBF),khs.sLi,31,,False,0,True,53,False,0,0,53,0,0,True,False,,53,
Benchmark SVR (RBF),khs.ssBe,32,,False,0,True,53,False,0,0,53,0,0,True,False,,53,
Benchmark SVR (RBF),khs.ssBH,33,,False,0,True,53,False,0,0,53,0,0,True,False,,53,
Benchmark SVR (RBF),khs.sssB,34,,False,0,True,53,False,0,0,53,0,0,True,False,,53,
Benchmark SVR (RBF),khs.sCH3,35,,False,0,True,53,False,0,0,53,0,0,True,False,,53,
Benchmark SVR (RBF),khs.dCH2,36,,False,0,True,53,False,0,0,53,0,0,True,False,,53,
Benchmark SVR (RBF),khs.ssCH2,37,,False,0,False,0,True,53,0,53,53,0,True,True,No exact RDKit implementation consistent with the CDK training definition; the repository's original CDK generator was used.,53,
Benchmark SVR (RBF),khs.tCH,38,,False,0,True,53,False,0,0,53,0,0,True,False,,53,
Benchmark SVR (RBF),khs.dsCH,39,,False,0,True,53,False,0,0,53,0,0,True,False,,53,
Benchmark SVR (RBF),khs.aaCH,40,,False,0,True,53,False,0,0,53,0,0,True,False,,53,
Benchmark SVR (RBF),khs.sssCH,41,,False,0,True,53,False,0,0,53,0,0,True,False,,53,
Benchmark SVR (RBF),khs.ddC,42,,False,0,True,53,False,0,0,53,0,0,True,False,,53,
Benchmark SVR (RBF),khs.dssC,43,,False,0,True,53,False,0,0,53,0,0,True,False,,53,
Benchmark SVR (RBF),khs.aasC,44,,False,0,True,53,False,0,0,53,0,0,True,False,,53,
Benchmark SVR (RBF),khs.aaaC,45,,False,0,True,53,False,0,0,53,0,0,True,False,,53,
Benchmark SVR (RBF),khs.sNH3,46,,False,0,True,53,False,0,0,53,0,0,True,False,,53,
Benchmark SVR (RBF),khs.sNH2,47,,False,0,True,53,False,0,0,53,0,0,True,False,,53,
Benchmark SVR (RBF),khs.ssNH2,48,,False,0,True,53,False,0,0,53,0,0,True,False,,53,
Benchmark SVR (RBF),khs.dNH,49,,False,0,True,53,False,0,0,53,0,0,True,False,,53,
Benchmark SVR (RBF),khs.ssNH,50,,False,0,True,53,False,0,0,53,0,0,True,False,,53,
Benchmark SVR (RBF),khs.aaNH,51,,False,0,True,53,False,0,0,53,0,0,True,False,,53,
Benchmark SVR (RBF),khs.tN,52,,False,0,True,53,False,0,0,53,0,0,True,False,,53,
Benchmark SVR (RBF),khs.dsN,53,,False,0,True,53,False,0,0,53,0,0,True,False,,53,
Benchmark SVR (RBF),khs.aaN,54,,False,0,True,53,False,0,0,53,0,0,True,False,,53,
Benchmark SVR (RBF),khs.sssN,55,,False,0,True,53,False,0,0,53,0,0,True,False,,53,
Benchmark SVR (RBF),khs.ddsN,56,,False,0,True,53,False,0,0,53,0,0,True,False,,53,
Benchmark SVR (RBF),khs.aasN,57,,False,0,True,53,False,0,0,53,0,0,True,False,,53,
Benchmark SVR (RBF),khs.ssssN,58,,False,0,True,53,False,0,0,53,0,0,True,False,,53,
Benchmark SVR (RBF),khs.sOH,59,,False,0,False,0,True,53,0,53,53,0,True,True,No exact RDKit implementation consistent with the CDK training definition; the repository's original CDK generator was used.,53,
Benchmark SVR (RBF),khs.dO,60,,False,0,True,53,False,0,0,53,0,0,True,False,,53,
Benchmark SVR (RBF),khs.ssO,61,,False,0,True,53,False,0,0,53,0,0,True,False,,53,
Benchmark SVR (RBF),khs.aaO,62,,False,0,True,53,False,0,0,53,0,0,True,False,,53,
Benchmark SVR (RBF),khs.sF,63,,False,0,True,53,False,0,0,53,0,0,True,False,,53,
Benchmark SVR (RBF),khs.sSiH3,64,,False,0,True,53,False,0,0,53,0,0,True,False,,53,
Benchmark SVR (RBF),khs.ssSiH2,65,,False,0,True,53,False,0,0,53,0,0,True,False,,53,
Benchmark SVR (RBF),khs.sssSiH,66,,False,0,True,53,False,0,0,53,0,0,True,False,,53,
Benchmark SVR (RBF),khs.ssssSi,67,,False,0,True,53,False,0,0,53,0,0,True,False,,53,
Benchmark SVR (RBF),khs.sPH2,68,,False,0,True,53,False,0,0,53,0,0,True,False,,53,
Benchmark SVR (RBF),khs.ssPH,69,,False,0,True,53,False,0,0,53,0,0,True,False,,53,
Benchmark SVR (RBF),khs.sssP,70,,False,0,True,53,False,0,0,53,0,0,True,False,,53,
Benchmark SVR (RBF),khs.dsssP,71,,False,0,True,53,False,0,0,53,0,0,True,False,,53,
Benchmark SVR (RBF),khs.sssssP,72,,False,0,True,53,False,0,0,53,0,0,True,False,,53,
Benchmark SVR (RBF),khs.sSH,73,,False,0,True,53,False,0,0,53,0,0,True,False,,53,
Benchmark SVR (RBF),khs.dS,74,,False,0,True,53,False,0,0,53,0,0,True,False,,53,
Benchmark SVR (RBF),khs.ssS,75,,False,0,True,53,False,0,0,53,0,0,True,False,,53,
Benchmark SVR (RBF),khs.aaS,76,,False,0,True,53,False,0,0,53,0,0,True,False,,53,
Benchmark SVR (RBF),khs.dssS,77,,False,0,True,53,False,0,0,53,0,0,True,False,,53,
Benchmark SVR (RBF),khs.ddssS,78,,False,0,True,53,False,0,0,53,0,0,True,False,,53,
Benchmark SVR (RBF),khs.sCl,79,,False,0,True,53,False,0,0,53,0,0,True,False,,53,
Benchmark SVR (RBF),khs.sGeH3,80,,False,0,True,53,False,0,0,53,0,0,True,False,,53,
Benchmark SVR (RBF),khs.ssGeH2,81,,False,0,True,53,False,0,0,53,0,0,True,False,,53,
Benchmark SVR (RBF),khs.sssGeH,82,,False,0,True,53,False,0,0,53,0,0,True,False,,53,
Benchmark SVR (RBF),khs.ssssGe,83,,False,0,True,53,False,0,0,53,0,0,True,False,,53,
Benchmark SVR (RBF),khs.sAsH2,84,,False,0,True,53,False,0,0,53,0,0,True,False,,53,
Benchmark SVR (RBF),khs.ssAsH,85,,False,0,True,53,False,0,0,53,0,0,True,False,,53,
Benchmark SVR (RBF),khs.sssAs,86,,False,0,True,53,False,0,0,53,0,0,True,False,,53,
Benchmark SVR (RBF),khs.sssdAs,87,,False,0,True,53,False,0,0,53,0,0,True,False,,53,
Benchmark SVR (RBF),khs.sssssAs,88,,False,0,True,53,False,0,0,53,0,0,True,False,,53,
Benchmark SVR (RBF),khs.sSeH,89,,False,0,True,53,False,0,0,53,0,0,True,False,,53,
Benchmark SVR (RBF),khs.dSe,90,,False,0,True,53,False,0,0,53,0,0,True,False,,53,
Benchmark SVR (RBF),khs.ssSe,91,,False,0,True,53,False,0,0,53,0,0,True,False,,53,
Benchmark SVR (RBF),khs.aaSe,92,,False,0,True,53,False,0,0,53,0,0,True,False,,53,
Benchmark SVR (RBF),khs.dssSe,93,,False,0,True,53,False,0,0,53,0,0,True,False,,53,
Benchmark SVR (RBF),khs.ddssSe,94,,False,0,True,53,False,0,0,53,0,0,True,False,,53,
Benchmark SVR (RBF),khs.sBr,95,,False,0,True,53,False,0,0,53,0,0,True,False,,53,
Benchmark SVR (RBF),khs.sSnH3,96,,False,0,True,53,False,0,0,53,0,0,True,False,,53,
Benchmark SVR (RBF),khs.ssSnH2,97,,False,0,True,53,False,0,0,53,0,0,True,False,,53,
Benchmark SVR (RBF),khs.sssSnH,98,,False,0,True,53,False,0,0,53,0,0,True,False,,53,
Benchmark SVR (RBF),khs.ssssSn,99,,False,0,True,53,False,0,0,53,0,0,True,False,,53,
Benchmark SVR (RBF),khs.sPbH3,100,,False,0,True,53,False,0,0,53,0,0,True,False,,53,
Benchmark SVR (RBF),khs.ssPbH2,101,,False,0,True,53,False,0,0,53,0,0,True,False,,53,
Benchmark SVR (RBF),khs.sssPbH,102,,False,0,True,53,False,0,0,53,0,0,True,False,,53,
Benchmark SVR (RBF),khs.ssssPb,103,,False,0,True,53,False,0,0,53,0,0,True,False,,53,
Benchmark SVR (RBF),nAtomLC,104,,False,0,False,0,True,53,0,53,53,0,True,True,No exact RDKit implementation consistent with the CDK training definition; the repository's original CDK generator was used.,53,
Benchmark SVR (RBF),nAtomP,105,,False,0,False,0,True,53,0,53,53,0,True,True,No exact RDKit implementation consistent with the CDK training definition; the repository's original CDK generator was used.,53,
Benchmark SVR (RBF),nAtomLAC,106,,False,0,False,0,True,53,0,53,53,0,True,True,No exact RDKit implementation consistent with the CDK training definition; the repository's original CDK generator was used.,53,
Benchmark SVR (RBF),MDEC-11,107,,False,0,False,0,True,53,0,53,53,0,True,True,No exact RDKit implementation consistent with the CDK training definition; the repository's original CDK generator was used.,53,
Benchmark SVR (RBF),MDEC-12,108,,False,0,False,0,True,53,0,53,53,0,True,True,No exact RDKit implementation consistent with the CDK training definition; the repository's original CDK generator was used.,53,
Benchmark SVR (RBF),MDEC-13,109,,False,0,False,0,True,53,0,53,53,0,True,True,No exact RDKit implementation consistent with the CDK training definition; the repository's original CDK generator was used.,53,
Benchmark SVR (RBF),MDEC-14,110,,False,0,False,0,True,53,0,53,53,0,True,True,No exact RDKit implementation consistent with the CDK training definition; the repository's original CDK generator was used.,53,
Benchmark SVR (RBF),MDEC-22,111,,False,0,False,0,True,53,0,53,53,0,True,True,No exact RDKit implementation consistent with the CDK training definition; the repository's original CDK generator was used.,53,
Benchmark SVR (RBF),MDEC-33,112,,False,0,False,0,True,53,0,53,53,0,True,True,No exact RDKit implementation consistent with the CDK training definition; the repository's original CDK generator was used.,53,
Benchmark SVR (RBF),MDEC-34,113,,False,0,False,0,True,53,0,53,53,0,True,True,No exact RDKit implementation consistent with the CDK training definition; the repository's original CDK generator was used.,53,
Benchmark SVR (RBF),MDEC-44,114,,False,0,False,0,True,53,0,53,53,0,True,True,No exact RDKit implementation consistent with the CDK training definition; the repository's original CDK generator was used.,53,
Benchmark SVR (RBF),MDEO-11,115,,False,0,False,0,True,53,0,53,53,0,True,True,No exact RDKit implementation consistent with the CDK training definition; the repository's original CDK generator was used.,53,
Benchmark SVR (RBF),MDEO-12,116,,False,0,False,0,True,53,0,53,53,0,True,True,No exact RDKit implementation consistent with the CDK training definition; the repository's original CDK generator was used.,53,
Benchmark SVR (RBF),MDEO-22,117,,False,0,False,0,True,53,0,53,53,0,True,True,No exact RDKit implementation consistent with the CDK training definition; the repository's original CDK generator was used.,53,
Benchmark SVR (RBF),MDEN-11,118,,False,0,False,0,True,53,0,53,53,0,True,True,No exact RDKit implementation consistent with the CDK training definition; the repository's original CDK generator was used.,53,
Benchmark SVR (RBF),MDEN-12,119,,False,0,False,0,True,53,0,53,53,0,True,True,No exact RDKit implementation consistent with the CDK training definition; the repository's original CDK generator was used.,53,
Benchmark SVR (RBF),MDEN-13,120,,False,0,False,0,True,53,0,53,53,0,True,True,No exact RDKit implementation consistent with the CDK training definition; the repository's original CDK generator was used.,53,
Benchmark SVR (RBF),MDEN-22,121,,False,0,False,0,True,53,0,53,53,0,True,True,No exact RDKit implementation consistent with the CDK training definition; the repository's original CDK generator was used.,53,
Benchmark SVR (RBF),MDEN-23,122,,False,0,False,0,True,53,0,53,53,0,True,True,No exact RDKit implementation consistent with the CDK training definition; the repository's original CDK generator was used.,53,
Benchmark SVR (RBF),MDEN-33,123,,False,0,False,0,True,53,0,53,53,0,True,True,No exact RDKit implementation consistent with the CDK training definition; the repository's original CDK generator was used.,53,
Benchmark SVR (RBF),MLogP,124,,False,0,False,0,True,53,0,53,53,0,True,True,No exact RDKit implementation consistent with the CDK training definition; the repository's original CDK generator was used.,53,
Benchmark SVR (RBF),topoShape,125,,False,0,False,0,True,53,0,53,53,0,True,True,No exact RDKit implementation consistent with the CDK training definition; the repository's original CDK generator was used.,53,
Benchmark SVR (RBF),nRotB,126,nRotB,True,53,False,0,False,0,0,0,0,0,True,False,,0,Reused exact normalized column name from HuSkinDB.
Benchmark SVR (RBF),LipinskiFailures,127,LipinskiFailures,True,53,False,0,False,0,0,0,0,0,True,False,,0,Reused exact normalized column name from HuSkinDB.
Benchmark SVR (RBF),nAromRings,128,,False,0,True,53,False,0,0,53,0,0,True,False,,53,
Benchmark SVR (RBF),nRingBlocks,129,,False,0,False,0,True,53,0,53,53,0,True,True,No exact RDKit implementation consistent with the CDK training definition; the repository's original CDK generator was used.,53,
Benchmark SVR (RBF),nAromBlocks,130,,False,0,False,0,True,53,0,53,53,0,True,True,No exact RDKit implementation consistent with the CDK training definition; the repository's original CDK generator was used.,53,
Benchmark SVR (RBF),nRings3,131,,False,0,True,53,False,0,0,53,0,0,True,False,,53,
Benchmark SVR (RBF),nRings4,132,,False,0,True,53,False,0,0,53,0,0,True,False,,53,
Benchmark SVR (RBF),nRings5,133,,False,0,True,53,False,0,0,53,0,0,True,False,,53,
Benchmark SVR (RBF),nRings6,134,,False,0,True,53,False,0,0,53,0,0,True,False,,53,
Benchmark SVR (RBF),nRings7,135,,False,0,True,53,False,0,0,53,0,0,True,False,,53,
Benchmark SVR (RBF),nRings8,136,,False,0,True,53,False,0,0,53,0,0,True,False,,53,
Benchmark SVR (RBF),nRings9,137,,False,0,True,53,False,0,0,53,0,0,True,False,,53,
Benchmark SVR (RBF),TopoPSA,138,TopoPSA,True,53,False,0,False,0,0,0,0,0,True,False,,0,Reused exact normalized column name from HuSkinDB.
Benchmark SVR (RBF),VAdjMat,139,,False,0,False,0,True,53,0,53,53,0,True,True,No exact RDKit implementation consistent with the CDK training definition; the repository's original CDK generator was used.,53,
Benchmark SVR (RBF),WTPT-2,140,,False,0,False,0,True,53,0,53,53,0,True,True,No exact RDKit implementation consistent with the CDK training definition; the repository's original CDK generator was used.,53,
Benchmark SVR (RBF),WTPT-3,141,,False,0,False,0,True,53,0,53,53,0,True,True,No exact RDKit implementation consistent with the CDK training definition; the repository's original CDK generator was used.,53,
Benchmark SVR (RBF),WTPT-4,142,,False,0,False,0,True,53,0,53,53,0,True,True,No exact RDKit implementation consistent with the CDK training definition; the repository's original CDK generator was used.,53,
Benchmark SVR (RBF),WTPT-5,143,,False,0,False,0,True,53,0,53,53,0,True,True,No exact RDKit implementation consistent with the CDK training definition; the repository's original CDK generator was used.,53,
Benchmark SVR (RBF),WPATH,144,,False,0,False,0,True,53,0,53,53,0,True,True,No exact RDKit implementation consistent with the CDK training definition; the repository's original CDK generator was used.,53,
Benchmark SVR (RBF),XLogP,145,,False,0,False,0,True,53,0,53,53,0,True,True,No exact RDKit implementation consistent with the CDK training definition; the repository's original CDK generator was used.,53,
Benchmark SVR (RBF),Zagreb,146,,False,0,True,53,False,0,0,53,0,0,True,False,,53,
Benchmark ExtraTrees,Texpi,1,,False,0,False,0,False,0,53,53,53,0,True,False,,53,Converted Celsius values to Kelvin; values already >=200 were treated as Kelvin.
Benchmark ExtraTrees,ALogp2,2,,False,0,False,0,True,53,0,53,53,0,True,True,No exact RDKit implementation consistent with the CDK training definition; the repository's original CDK generator was used.,53,
Benchmark ExtraTrees,nAcid,3,,False,0,False,0,True,53,0,53,53,0,True,True,No exact RDKit implementation consistent with the CDK training definition; the repository's original CDK generator was used.,53,
Benchmark ExtraTrees,nAromBond,4,,False,0,False,0,True,53,0,53,53,0,True,True,No exact RDKit implementation consistent with the CDK training definition; the repository's original CDK generator was used.,53,
Benchmark ExtraTrees,ATSc2,5,,False,0,False,0,True,53,0,53,53,0,True,True,No exact RDKit implementation consistent with the CDK training definition; the repository's original CDK generator was used.,53,
Benchmark ExtraTrees,ATSc3,6,,False,0,False,0,True,53,0,53,53,0,True,True,No exact RDKit implementation consistent with the CDK training definition; the repository's original CDK generator was used.,53,
Benchmark ExtraTrees,ATSc4,7,,False,0,False,0,True,53,0,53,53,0,True,True,No exact RDKit implementation consistent with the CDK training definition; the repository's original CDK generator was used.,53,
Benchmark ExtraTrees,ATSc5,8,,False,0,False,0,True,53,0,53,53,0,True,True,No exact RDKit implementation consistent with the CDK training definition; the repository's original CDK generator was used.,53,
Benchmark ExtraTrees,ATSm1,9,,False,0,False,0,True,53,0,53,53,0,True,True,No exact RDKit implementation consistent with the CDK training definition; the repository's original CDK generator was used.,53,
Benchmark ExtraTrees,BCUTw-1l,10,,False,0,False,0,True,53,0,53,53,0,True,True,No exact RDKit implementation consistent with the CDK training definition; the repository's original CDK generator was used.,53,
Benchmark ExtraTrees,BCUTw-1h,11,,False,0,False,0,True,53,0,53,53,0,True,True,No exact RDKit implementation consistent with the CDK training definition; the repository's original CDK generator was used.,53,
Benchmark ExtraTrees,BCUTc-1l,12,,False,0,False,0,True,53,0,53,53,0,True,True,No exact RDKit implementation consistent with the CDK training definition; the repository's original CDK generator was used.,53,
Benchmark ExtraTrees,BCUTc-1h,13,,False,0,False,0,True,53,0,53,53,0,True,True,No exact RDKit implementation consistent with the CDK training definition; the repository's original CDK generator was used.,53,
Benchmark ExtraTrees,BCUTp-1l,14,,False,0,False,0,True,53,0,53,53,0,True,True,No exact RDKit implementation consistent with the CDK training definition; the repository's original CDK generator was used.,53,
Benchmark ExtraTrees,BCUTp-1h,15,,False,0,False,0,True,53,0,53,53,0,True,True,No exact RDKit implementation consistent with the CDK training definition; the repository's original CDK generator was used.,53,
Benchmark ExtraTrees,nBase,16,,False,0,False,0,True,53,0,53,53,0,True,True,No exact RDKit implementation consistent with the CDK training definition; the repository's original CDK generator was used.,53,
Benchmark ExtraTrees,C2SP1,17,,False,0,False,0,True,53,0,53,53,0,True,True,No exact RDKit implementation consistent with the CDK training definition; the repository's original CDK generator was used.,53,
Benchmark ExtraTrees,C1SP2,18,,False,0,False,0,True,53,0,53,53,0,True,True,No exact RDKit implementation consistent with the CDK training definition; the repository's original CDK generator was used.,53,
Benchmark ExtraTrees,C2SP2,19,,False,0,False,0,True,53,0,53,53,0,True,True,No exact RDKit implementation consistent with the CDK training definition; the repository's original CDK generator was used.,53,
Benchmark ExtraTrees,C3SP2,20,,False,0,False,0,True,53,0,53,53,0,True,True,No exact RDKit implementation consistent with the CDK training definition; the repository's original CDK generator was used.,53,
Benchmark ExtraTrees,C1SP3,21,,False,0,False,0,True,53,0,53,53,0,True,True,No exact RDKit implementation consistent with the CDK training definition; the repository's original CDK generator was used.,53,
Benchmark ExtraTrees,C2SP3,22,,False,0,False,0,True,53,0,53,53,0,True,True,No exact RDKit implementation consistent with the CDK training definition; the repository's original CDK generator was used.,53,
Benchmark ExtraTrees,SC-4,23,,False,0,False,0,True,53,0,53,53,0,True,True,No exact RDKit implementation consistent with the CDK training definition; the repository's original CDK generator was used.,53,
Benchmark ExtraTrees,FMF,24,,False,0,False,0,True,53,0,53,53,0,True,True,No exact RDKit implementation consistent with the CDK training definition; the repository's original CDK generator was used.,53,
Benchmark ExtraTrees,nHBAcc,25,nHBAcc,True,53,False,0,False,0,0,0,0,0,True,False,,0,Reused exact normalized column name from HuSkinDB.
Benchmark ExtraTrees,nHBDon,26,nHBDon,True,53,False,0,False,0,0,0,0,0,True,False,,0,Reused exact normalized column name from HuSkinDB.
Benchmark ExtraTrees,HybRatio,27,,False,0,False,0,True,53,0,53,53,0,True,True,No exact RDKit implementation consistent with the CDK training definition; the repository's original CDK generator was used.,53,
Benchmark ExtraTrees,JPLogP,28,,False,0,False,0,True,53,0,53,53,0,True,True,No exact RDKit implementation consistent with the CDK training definition; the repository's original CDK generator was used.,53,
Benchmark ExtraTrees,Kier2,29,,False,0,False,0,True,53,0,53,53,0,True,True,No exact RDKit implementation consistent with the CDK training definition; the repository's original CDK generator was used.,53,
Benchmark ExtraTrees,Kier3,30,,False,0,False,0,True,51,2,53,53,0,True,True,No exact RDKit implementation consistent with the CDK training definition; the repository's original CDK generator was used.,53,
Benchmark ExtraTrees,khs.sLi,31,,False,0,True,53,False,0,0,53,0,0,True,False,,53,
Benchmark ExtraTrees,khs.ssBe,32,,False,0,True,53,False,0,0,53,0,0,True,False,,53,
Benchmark ExtraTrees,khs.ssBH,33,,False,0,True,53,False,0,0,53,0,0,True,False,,53,
Benchmark ExtraTrees,khs.sssB,34,,False,0,True,53,False,0,0,53,0,0,True,False,,53,
Benchmark ExtraTrees,khs.sCH3,35,,False,0,True,53,False,0,0,53,0,0,True,False,,53,
Benchmark ExtraTrees,khs.dCH2,36,,False,0,True,53,False,0,0,53,0,0,True,False,,53,
Benchmark ExtraTrees,khs.ssCH2,37,,False,0,False,0,True,53,0,53,53,0,True,True,No exact RDKit implementation consistent with the CDK training definition; the repository's original CDK generator was used.,53,
Benchmark ExtraTrees,khs.tCH,38,,False,0,True,53,False,0,0,53,0,0,True,False,,53,
Benchmark ExtraTrees,khs.dsCH,39,,False,0,True,53,False,0,0,53,0,0,True,False,,53,
Benchmark ExtraTrees,khs.aaCH,40,,False,0,True,53,False,0,0,53,0,0,True,False,,53,
Benchmark ExtraTrees,khs.sssCH,41,,False,0,True,53,False,0,0,53,0,0,True,False,,53,
Benchmark ExtraTrees,khs.ddC,42,,False,0,True,53,False,0,0,53,0,0,True,False,,53,
Benchmark ExtraTrees,khs.dssC,43,,False,0,True,53,False,0,0,53,0,0,True,False,,53,
Benchmark ExtraTrees,khs.aasC,44,,False,0,True,53,False,0,0,53,0,0,True,False,,53,
Benchmark ExtraTrees,khs.aaaC,45,,False,0,True,53,False,0,0,53,0,0,True,False,,53,
Benchmark ExtraTrees,khs.sNH3,46,,False,0,True,53,False,0,0,53,0,0,True,False,,53,
Benchmark ExtraTrees,khs.sNH2,47,,False,0,True,53,False,0,0,53,0,0,True,False,,53,
Benchmark ExtraTrees,khs.ssNH2,48,,False,0,True,53,False,0,0,53,0,0,True,False,,53,
Benchmark ExtraTrees,khs.dNH,49,,False,0,True,53,False,0,0,53,0,0,True,False,,53,
Benchmark ExtraTrees,khs.ssNH,50,,False,0,True,53,False,0,0,53,0,0,True,False,,53,
Benchmark ExtraTrees,khs.aaNH,51,,False,0,True,53,False,0,0,53,0,0,True,False,,53,
Benchmark ExtraTrees,khs.tN,52,,False,0,True,53,False,0,0,53,0,0,True,False,,53,
Benchmark ExtraTrees,khs.dsN,53,,False,0,True,53,False,0,0,53,0,0,True,False,,53,
Benchmark ExtraTrees,khs.aaN,54,,False,0,True,53,False,0,0,53,0,0,True,False,,53,
Benchmark ExtraTrees,khs.sssN,55,,False,0,True,53,False,0,0,53,0,0,True,False,,53,
Benchmark ExtraTrees,khs.ddsN,56,,False,0,True,53,False,0,0,53,0,0,True,False,,53,
Benchmark ExtraTrees,khs.aasN,57,,False,0,True,53,False,0,0,53,0,0,True,False,,53,
Benchmark ExtraTrees,khs.ssssN,58,,False,0,True,53,False,0,0,53,0,0,True,False,,53,
Benchmark ExtraTrees,khs.sOH,59,,False,0,False,0,True,53,0,53,53,0,True,True,No exact RDKit implementation consistent with the CDK training definition; the repository's original CDK generator was used.,53,
Benchmark ExtraTrees,khs.dO,60,,False,0,True,53,False,0,0,53,0,0,True,False,,53,
Benchmark ExtraTrees,khs.ssO,61,,False,0,True,53,False,0,0,53,0,0,True,False,,53,
Benchmark ExtraTrees,khs.aaO,62,,False,0,True,53,False,0,0,53,0,0,True,False,,53,
Benchmark ExtraTrees,khs.sF,63,,False,0,True,53,False,0,0,53,0,0,True,False,,53,
Benchmark ExtraTrees,khs.sSiH3,64,,False,0,True,53,False,0,0,53,0,0,True,False,,53,
Benchmark ExtraTrees,khs.ssSiH2,65,,False,0,True,53,False,0,0,53,0,0,True,False,,53,
Benchmark ExtraTrees,khs.sssSiH,66,,False,0,True,53,False,0,0,53,0,0,True,False,,53,
Benchmark ExtraTrees,khs.ssssSi,67,,False,0,True,53,False,0,0,53,0,0,True,False,,53,
Benchmark ExtraTrees,khs.sPH2,68,,False,0,True,53,False,0,0,53,0,0,True,False,,53,
Benchmark ExtraTrees,khs.ssPH,69,,False,0,True,53,False,0,0,53,0,0,True,False,,53,
Benchmark ExtraTrees,khs.sssP,70,,False,0,True,53,False,0,0,53,0,0,True,False,,53,
Benchmark ExtraTrees,khs.dsssP,71,,False,0,True,53,False,0,0,53,0,0,True,False,,53,
Benchmark ExtraTrees,khs.sssssP,72,,False,0,True,53,False,0,0,53,0,0,True,False,,53,
Benchmark ExtraTrees,khs.sSH,73,,False,0,True,53,False,0,0,53,0,0,True,False,,53,
Benchmark ExtraTrees,khs.dS,74,,False,0,True,53,False,0,0,53,0,0,True,False,,53,
Benchmark ExtraTrees,khs.ssS,75,,False,0,True,53,False,0,0,53,0,0,True,False,,53,
Benchmark ExtraTrees,khs.aaS,76,,False,0,True,53,False,0,0,53,0,0,True,False,,53,
Benchmark ExtraTrees,khs.dssS,77,,False,0,True,53,False,0,0,53,0,0,True,False,,53,
Benchmark ExtraTrees,khs.ddssS,78,,False,0,True,53,False,0,0,53,0,0,True,False,,53,
Benchmark ExtraTrees,khs.sCl,79,,False,0,True,53,False,0,0,53,0,0,True,False,,53,
Benchmark ExtraTrees,khs.sGeH3,80,,False,0,True,53,False,0,0,53,0,0,True,False,,53,
Benchmark ExtraTrees,khs.ssGeH2,81,,False,0,True,53,False,0,0,53,0,0,True,False,,53,
Benchmark ExtraTrees,khs.sssGeH,82,,False,0,True,53,False,0,0,53,0,0,True,False,,53,
Benchmark ExtraTrees,khs.ssssGe,83,,False,0,True,53,False,0,0,53,0,0,True,False,,53,
Benchmark ExtraTrees,khs.sAsH2,84,,False,0,True,53,False,0,0,53,0,0,True,False,,53,
Benchmark ExtraTrees,khs.ssAsH,85,,False,0,True,53,False,0,0,53,0,0,True,False,,53,
Benchmark ExtraTrees,khs.sssAs,86,,False,0,True,53,False,0,0,53,0,0,True,False,,53,
Benchmark ExtraTrees,khs.sssdAs,87,,False,0,True,53,False,0,0,53,0,0,True,False,,53,
Benchmark ExtraTrees,khs.sssssAs,88,,False,0,True,53,False,0,0,53,0,0,True,False,,53,
Benchmark ExtraTrees,khs.sSeH,89,,False,0,True,53,False,0,0,53,0,0,True,False,,53,
Benchmark ExtraTrees,khs.dSe,90,,False,0,True,53,False,0,0,53,0,0,True,False,,53,
Benchmark ExtraTrees,khs.ssSe,91,,False,0,True,53,False,0,0,53,0,0,True,False,,53,
Benchmark ExtraTrees,khs.aaSe,92,,False,0,True,53,False,0,0,53,0,0,True,False,,53,
Benchmark ExtraTrees,khs.dssSe,93,,False,0,True,53,False,0,0,53,0,0,True,False,,53,
Benchmark ExtraTrees,khs.ddssSe,94,,False,0,True,53,False,0,0,53,0,0,True,False,,53,
Benchmark ExtraTrees,khs.sBr,95,,False,0,True,53,False,0,0,53,0,0,True,False,,53,
Benchmark ExtraTrees,khs.sSnH3,96,,False,0,True,53,False,0,0,53,0,0,True,False,,53,
Benchmark ExtraTrees,khs.ssSnH2,97,,False,0,True,53,False,0,0,53,0,0,True,False,,53,
Benchmark ExtraTrees,khs.sssSnH,98,,False,0,True,53,False,0,0,53,0,0,True,False,,53,
Benchmark ExtraTrees,khs.ssssSn,99,,False,0,True,53,False,0,0,53,0,0,True,False,,53,
Benchmark ExtraTrees,khs.sPbH3,100,,False,0,True,53,False,0,0,53,0,0,True,False,,53,
Benchmark ExtraTrees,khs.ssPbH2,101,,False,0,True,53,False,0,0,53,0,0,True,False,,53,
Benchmark ExtraTrees,khs.sssPbH,102,,False,0,True,53,False,0,0,53,0,0,True,False,,53,
Benchmark ExtraTrees,khs.ssssPb,103,,False,0,True,53,False,0,0,53,0,0,True,False,,53,
Benchmark ExtraTrees,nAtomLC,104,,False,0,False,0,True,53,0,53,53,0,True,True,No exact RDKit implementation consistent with the CDK training definition; the repository's original CDK generator was used.,53,
Benchmark ExtraTrees,nAtomP,105,,False,0,False,0,True,53,0,53,53,0,True,True,No exact RDKit implementation consistent with the CDK training definition; the repository's original CDK generator was used.,53,
Benchmark ExtraTrees,nAtomLAC,106,,False,0,False,0,True,53,0,53,53,0,True,True,No exact RDKit implementation consistent with the CDK training definition; the repository's original CDK generator was used.,53,
Benchmark ExtraTrees,MDEC-11,107,,False,0,False,0,True,53,0,53,53,0,True,True,No exact RDKit implementation consistent with the CDK training definition; the repository's original CDK generator was used.,53,
Benchmark ExtraTrees,MDEC-12,108,,False,0,False,0,True,53,0,53,53,0,True,True,No exact RDKit implementation consistent with the CDK training definition; the repository's original CDK generator was used.,53,
Benchmark ExtraTrees,MDEC-13,109,,False,0,False,0,True,53,0,53,53,0,True,True,No exact RDKit implementation consistent with the CDK training definition; the repository's original CDK generator was used.,53,
Benchmark ExtraTrees,MDEC-14,110,,False,0,False,0,True,53,0,53,53,0,True,True,No exact RDKit implementation consistent with the CDK training definition; the repository's original CDK generator was used.,53,
Benchmark ExtraTrees,MDEC-22,111,,False,0,False,0,True,53,0,53,53,0,True,True,No exact RDKit implementation consistent with the CDK training definition; the repository's original CDK generator was used.,53,
Benchmark ExtraTrees,MDEC-33,112,,False,0,False,0,True,53,0,53,53,0,True,True,No exact RDKit implementation consistent with the CDK training definition; the repository's original CDK generator was used.,53,
Benchmark ExtraTrees,MDEC-34,113,,False,0,False,0,True,53,0,53,53,0,True,True,No exact RDKit implementation consistent with the CDK training definition; the repository's original CDK generator was used.,53,
Benchmark ExtraTrees,MDEC-44,114,,False,0,False,0,True,53,0,53,53,0,True,True,No exact RDKit implementation consistent with the CDK training definition; the repository's original CDK generator was used.,53,
Benchmark ExtraTrees,MDEO-11,115,,False,0,False,0,True,53,0,53,53,0,True,True,No exact RDKit implementation consistent with the CDK training definition; the repository's original CDK generator was used.,53,
Benchmark ExtraTrees,MDEO-12,116,,False,0,False,0,True,53,0,53,53,0,True,True,No exact RDKit implementation consistent with the CDK training definition; the repository's original CDK generator was used.,53,
Benchmark ExtraTrees,MDEO-22,117,,False,0,False,0,True,53,0,53,53,0,True,True,No exact RDKit implementation consistent with the CDK training definition; the repository's original CDK generator was used.,53,
Benchmark ExtraTrees,MDEN-11,118,,False,0,False,0,True,53,0,53,53,0,True,True,No exact RDKit implementation consistent with the CDK training definition; the repository's original CDK generator was used.,53,
Benchmark ExtraTrees,MDEN-12,119,,False,0,False,0,True,53,0,53,53,0,True,True,No exact RDKit implementation consistent with the CDK training definition; the repository's original CDK generator was used.,53,
Benchmark ExtraTrees,MDEN-13,120,,False,0,False,0,True,53,0,53,53,0,True,True,No exact RDKit implementation consistent with the CDK training definition; the repository's original CDK generator was used.,53,
Benchmark ExtraTrees,MDEN-22,121,,False,0,False,0,True,53,0,53,53,0,True,True,No exact RDKit implementation consistent with the CDK training definition; the repository's original CDK generator was used.,53,
Benchmark ExtraTrees,MDEN-23,122,,False,0,False,0,True,53,0,53,53,0,True,True,No exact RDKit implementation consistent with the CDK training definition; the repository's original CDK generator was used.,53,
Benchmark ExtraTrees,MDEN-33,123,,False,0,False,0,True,53,0,53,53,0,True,True,No exact RDKit implementation consistent with the CDK training definition; the repository's original CDK generator was used.,53,
Benchmark ExtraTrees,MLogP,124,,False,0,False,0,True,53,0,53,53,0,True,True,No exact RDKit implementation consistent with the CDK training definition; the repository's original CDK generator was used.,53,
Benchmark ExtraTrees,topoShape,125,,False,0,False,0,True,53,0,53,53,0,True,True,No exact RDKit implementation consistent with the CDK training definition; the repository's original CDK generator was used.,53,
Benchmark ExtraTrees,nRotB,126,nRotB,True,53,False,0,False,0,0,0,0,0,True,False,,0,Reused exact normalized column name from HuSkinDB.
Benchmark ExtraTrees,LipinskiFailures,127,LipinskiFailures,True,53,False,0,False,0,0,0,0,0,True,False,,0,Reused exact normalized column name from HuSkinDB.
Benchmark ExtraTrees,nAromRings,128,,False,0,True,53,False,0,0,53,0,0,True,False,,53,
Benchmark ExtraTrees,nRingBlocks,129,,False,0,False,0,True,53,0,53,53,0,True,True,No exact RDKit implementation consistent with the CDK training definition; the repository's original CDK generator was used.,53,
Benchmark ExtraTrees,nAromBlocks,130,,False,0,False,0,True,53,0,53,53,0,True,True,No exact RDKit implementation consistent with the CDK training definition; the repository's original CDK generator was used.,53,
Benchmark ExtraTrees,nRings3,131,,False,0,True,53,False,0,0,53,0,0,True,False,,53,
Benchmark ExtraTrees,nRings4,132,,False,0,True,53,False,0,0,53,0,0,True,False,,53,
Benchmark ExtraTrees,nRings5,133,,False,0,True,53,False,0,0,53,0,0,True,False,,53,
Benchmark ExtraTrees,nRings6,134,,False,0,True,53,False,0,0,53,0,0,True,False,,53,
Benchmark ExtraTrees,nRings7,135,,False,0,True,53,False,0,0,53,0,0,True,False,,53,
Benchmark ExtraTrees,nRings8,136,,False,0,True,53,False,0,0,53,0,0,True,False,,53,
Benchmark ExtraTrees,nRings9,137,,False,0,True,53,False,0,0,53,0,0,True,False,,53,
Benchmark ExtraTrees,TopoPSA,138,TopoPSA,True,53,False,0,False,0,0,0,0,0,True,False,,0,Reused exact normalized column name from HuSkinDB.
Benchmark ExtraTrees,VAdjMat,139,,False,0,False,0,True,53,0,53,53,0,True,True,No exact RDKit implementation consistent with the CDK training definition; the repository's original CDK generator was used.,53,
Benchmark ExtraTrees,WTPT-2,140,,False,0,False,0,True,53,0,53,53,0,True,True,No exact RDKit implementation consistent with the CDK training definition; the repository's original CDK generator was used.,53,
Benchmark ExtraTrees,WTPT-3,141,,False,0,False,0,True,53,0,53,53,0,True,True,No exact RDKit implementation consistent with the CDK training definition; the repository's original CDK generator was used.,53,
Benchmark ExtraTrees,WTPT-4,142,,False,0,False,0,True,53,0,53,53,0,True,True,No exact RDKit implementation consistent with the CDK training definition; the repository's original CDK generator was used.,53,
Benchmark ExtraTrees,WTPT-5,143,,False,0,False,0,True,53,0,53,53,0,True,True,No exact RDKit implementation consistent with the CDK training definition; the repository's original CDK generator was used.,53,
Benchmark ExtraTrees,WPATH,144,,False,0,False,0,True,53,0,53,53,0,True,True,No exact RDKit implementation consistent with the CDK training definition; the repository's original CDK generator was used.,53,
Benchmark ExtraTrees,XLogP,145,,False,0,False,0,True,53,0,53,53,0,True,True,No exact RDKit implementation consistent with the CDK training definition; the repository's original CDK generator was used.,53,
Benchmark ExtraTrees,Zagreb,146,,False,0,True,53,False,0,0,53,0,0,True,False,,53,
Benchmark CatBoost,Texpi,1,,False,0,False,0,False,0,53,53,53,0,True,False,,53,Converted Celsius values to Kelvin; values already >=200 were treated as Kelvin.
Benchmark CatBoost,ALogp2,2,,False,0,False,0,True,53,0,53,53,0,True,True,No exact RDKit implementation consistent with the CDK training definition; the repository's original CDK generator was used.,53,
Benchmark CatBoost,nAcid,3,,False,0,False,0,True,53,0,53,53,0,True,True,No exact RDKit implementation consistent with the CDK training definition; the repository's original CDK generator was used.,53,
Benchmark CatBoost,nAromBond,4,,False,0,False,0,True,53,0,53,53,0,True,True,No exact RDKit implementation consistent with the CDK training definition; the repository's original CDK generator was used.,53,
Benchmark CatBoost,ATSc2,5,,False,0,False,0,True,53,0,53,53,0,True,True,No exact RDKit implementation consistent with the CDK training definition; the repository's original CDK generator was used.,53,
Benchmark CatBoost,ATSc3,6,,False,0,False,0,True,53,0,53,53,0,True,True,No exact RDKit implementation consistent with the CDK training definition; the repository's original CDK generator was used.,53,
Benchmark CatBoost,ATSc4,7,,False,0,False,0,True,53,0,53,53,0,True,True,No exact RDKit implementation consistent with the CDK training definition; the repository's original CDK generator was used.,53,
Benchmark CatBoost,ATSc5,8,,False,0,False,0,True,53,0,53,53,0,True,True,No exact RDKit implementation consistent with the CDK training definition; the repository's original CDK generator was used.,53,
Benchmark CatBoost,ATSm1,9,,False,0,False,0,True,53,0,53,53,0,True,True,No exact RDKit implementation consistent with the CDK training definition; the repository's original CDK generator was used.,53,
Benchmark CatBoost,BCUTw-1l,10,,False,0,False,0,True,53,0,53,53,0,True,True,No exact RDKit implementation consistent with the CDK training definition; the repository's original CDK generator was used.,53,
Benchmark CatBoost,BCUTw-1h,11,,False,0,False,0,True,53,0,53,53,0,True,True,No exact RDKit implementation consistent with the CDK training definition; the repository's original CDK generator was used.,53,
Benchmark CatBoost,BCUTc-1l,12,,False,0,False,0,True,53,0,53,53,0,True,True,No exact RDKit implementation consistent with the CDK training definition; the repository's original CDK generator was used.,53,
Benchmark CatBoost,BCUTc-1h,13,,False,0,False,0,True,53,0,53,53,0,True,True,No exact RDKit implementation consistent with the CDK training definition; the repository's original CDK generator was used.,53,
Benchmark CatBoost,BCUTp-1l,14,,False,0,False,0,True,53,0,53,53,0,True,True,No exact RDKit implementation consistent with the CDK training definition; the repository's original CDK generator was used.,53,
Benchmark CatBoost,BCUTp-1h,15,,False,0,False,0,True,53,0,53,53,0,True,True,No exact RDKit implementation consistent with the CDK training definition; the repository's original CDK generator was used.,53,
Benchmark CatBoost,nBase,16,,False,0,False,0,True,53,0,53,53,0,True,True,No exact RDKit implementation consistent with the CDK training definition; the repository's original CDK generator was used.,53,
Benchmark CatBoost,C2SP1,17,,False,0,False,0,True,53,0,53,53,0,True,True,No exact RDKit implementation consistent with the CDK training definition; the repository's original CDK generator was used.,53,
Benchmark CatBoost,C1SP2,18,,False,0,False,0,True,53,0,53,53,0,True,True,No exact RDKit implementation consistent with the CDK training definition; the repository's original CDK generator was used.,53,
Benchmark CatBoost,C2SP2,19,,False,0,False,0,True,53,0,53,53,0,True,True,No exact RDKit implementation consistent with the CDK training definition; the repository's original CDK generator was used.,53,
Benchmark CatBoost,C3SP2,20,,False,0,False,0,True,53,0,53,53,0,True,True,No exact RDKit implementation consistent with the CDK training definition; the repository's original CDK generator was used.,53,
Benchmark CatBoost,C1SP3,21,,False,0,False,0,True,53,0,53,53,0,True,True,No exact RDKit implementation consistent with the CDK training definition; the repository's original CDK generator was used.,53,
Benchmark CatBoost,C2SP3,22,,False,0,False,0,True,53,0,53,53,0,True,True,No exact RDKit implementation consistent with the CDK training definition; the repository's original CDK generator was used.,53,
Benchmark CatBoost,SC-4,23,,False,0,False,0,True,53,0,53,53,0,True,True,No exact RDKit implementation consistent with the CDK training definition; the repository's original CDK generator was used.,53,
Benchmark CatBoost,FMF,24,,False,0,False,0,True,53,0,53,53,0,True,True,No exact RDKit implementation consistent with the CDK training definition; the repository's original CDK generator was used.,53,
Benchmark CatBoost,nHBAcc,25,nHBAcc,True,53,False,0,False,0,0,0,0,0,True,False,,0,Reused exact normalized column name from HuSkinDB.
Benchmark CatBoost,nHBDon,26,nHBDon,True,53,False,0,False,0,0,0,0,0,True,False,,0,Reused exact normalized column name from HuSkinDB.
Benchmark CatBoost,HybRatio,27,,False,0,False,0,True,53,0,53,53,0,True,True,No exact RDKit implementation consistent with the CDK training definition; the repository's original CDK generator was used.,53,
Benchmark CatBoost,JPLogP,28,,False,0,False,0,True,53,0,53,53,0,True,True,No exact RDKit implementation consistent with the CDK training definition; the repository's original CDK generator was used.,53,
Benchmark CatBoost,Kier2,29,,False,0,False,0,True,53,0,53,53,0,True,True,No exact RDKit implementation consistent with the CDK training definition; the repository's original CDK generator was used.,53,
Benchmark CatBoost,Kier3,30,,False,0,False,0,True,51,2,53,53,0,True,True,No exact RDKit implementation consistent with the CDK training definition; the repository's original CDK generator was used.,53,
Benchmark CatBoost,khs.sLi,31,,False,0,True,53,False,0,0,53,0,0,True,False,,53,
Benchmark CatBoost,khs.ssBe,32,,False,0,True,53,False,0,0,53,0,0,True,False,,53,
Benchmark CatBoost,khs.ssBH,33,,False,0,True,53,False,0,0,53,0,0,True,False,,53,
Benchmark CatBoost,khs.sssB,34,,False,0,True,53,False,0,0,53,0,0,True,False,,53,
Benchmark CatBoost,khs.sCH3,35,,False,0,True,53,False,0,0,53,0,0,True,False,,53,
Benchmark CatBoost,khs.dCH2,36,,False,0,True,53,False,0,0,53,0,0,True,False,,53,
Benchmark CatBoost,khs.ssCH2,37,,False,0,False,0,True,53,0,53,53,0,True,True,No exact RDKit implementation consistent with the CDK training definition; the repository's original CDK generator was used.,53,
Benchmark CatBoost,khs.tCH,38,,False,0,True,53,False,0,0,53,0,0,True,False,,53,
Benchmark CatBoost,khs.dsCH,39,,False,0,True,53,False,0,0,53,0,0,True,False,,53,
Benchmark CatBoost,khs.aaCH,40,,False,0,True,53,False,0,0,53,0,0,True,False,,53,
Benchmark CatBoost,khs.sssCH,41,,False,0,True,53,False,0,0,53,0,0,True,False,,53,
Benchmark CatBoost,khs.ddC,42,,False,0,True,53,False,0,0,53,0,0,True,False,,53,
Benchmark CatBoost,khs.dssC,43,,False,0,True,53,False,0,0,53,0,0,True,False,,53,
Benchmark CatBoost,khs.aasC,44,,False,0,True,53,False,0,0,53,0,0,True,False,,53,
Benchmark CatBoost,khs.aaaC,45,,False,0,True,53,False,0,0,53,0,0,True,False,,53,
Benchmark CatBoost,khs.sNH3,46,,False,0,True,53,False,0,0,53,0,0,True,False,,53,
Benchmark CatBoost,khs.sNH2,47,,False,0,True,53,False,0,0,53,0,0,True,False,,53,
Benchmark CatBoost,khs.ssNH2,48,,False,0,True,53,False,0,0,53,0,0,True,False,,53,
Benchmark CatBoost,khs.dNH,49,,False,0,True,53,False,0,0,53,0,0,True,False,,53,
Benchmark CatBoost,khs.ssNH,50,,False,0,True,53,False,0,0,53,0,0,True,False,,53,
Benchmark CatBoost,khs.aaNH,51,,False,0,True,53,False,0,0,53,0,0,True,False,,53,
Benchmark CatBoost,khs.tN,52,,False,0,True,53,False,0,0,53,0,0,True,False,,53,
Benchmark CatBoost,khs.dsN,53,,False,0,True,53,False,0,0,53,0,0,True,False,,53,
Benchmark CatBoost,khs.aaN,54,,False,0,True,53,False,0,0,53,0,0,True,False,,53,
Benchmark CatBoost,khs.sssN,55,,False,0,True,53,False,0,0,53,0,0,True,False,,53,
Benchmark CatBoost,khs.ddsN,56,,False,0,True,53,False,0,0,53,0,0,True,False,,53,
Benchmark CatBoost,khs.aasN,57,,False,0,True,53,False,0,0,53,0,0,True,False,,53,
Benchmark CatBoost,khs.ssssN,58,,False,0,True,53,False,0,0,53,0,0,True,False,,53,
Benchmark CatBoost,khs.sOH,59,,False,0,False,0,True,53,0,53,53,0,True,True,No exact RDKit implementation consistent with the CDK training definition; the repository's original CDK generator was used.,53,
Benchmark CatBoost,khs.dO,60,,False,0,True,53,False,0,0,53,0,0,True,False,,53,
Benchmark CatBoost,khs.ssO,61,,False,0,True,53,False,0,0,53,0,0,True,False,,53,
Benchmark CatBoost,khs.aaO,62,,False,0,True,53,False,0,0,53,0,0,True,False,,53,
Benchmark CatBoost,khs.sF,63,,False,0,True,53,False,0,0,53,0,0,True,False,,53,
Benchmark CatBoost,khs.sSiH3,64,,False,0,True,53,False,0,0,53,0,0,True,False,,53,
Benchmark CatBoost,khs.ssSiH2,65,,False,0,True,53,False,0,0,53,0,0,True,False,,53,
Benchmark CatBoost,khs.sssSiH,66,,False,0,True,53,False,0,0,53,0,0,True,False,,53,
Benchmark CatBoost,khs.ssssSi,67,,False,0,True,53,False,0,0,53,0,0,True,False,,53,
Benchmark CatBoost,khs.sPH2,68,,False,0,True,53,False,0,0,53,0,0,True,False,,53,
Benchmark CatBoost,khs.ssPH,69,,False,0,True,53,False,0,0,53,0,0,True,False,,53,
Benchmark CatBoost,khs.sssP,70,,False,0,True,53,False,0,0,53,0,0,True,False,,53,
Benchmark CatBoost,khs.dsssP,71,,False,0,True,53,False,0,0,53,0,0,True,False,,53,
Benchmark CatBoost,khs.sssssP,72,,False,0,True,53,False,0,0,53,0,0,True,False,,53,
Benchmark CatBoost,khs.sSH,73,,False,0,True,53,False,0,0,53,0,0,True,False,,53,
Benchmark CatBoost,khs.dS,74,,False,0,True,53,False,0,0,53,0,0,True,False,,53,
Benchmark CatBoost,khs.ssS,75,,False,0,True,53,False,0,0,53,0,0,True,False,,53,
Benchmark CatBoost,khs.aaS,76,,False,0,True,53,False,0,0,53,0,0,True,False,,53,
Benchmark CatBoost,khs.dssS,77,,False,0,True,53,False,0,0,53,0,0,True,False,,53,
Benchmark CatBoost,khs.ddssS,78,,False,0,True,53,False,0,0,53,0,0,True,False,,53,
Benchmark CatBoost,khs.sCl,79,,False,0,True,53,False,0,0,53,0,0,True,False,,53,
Benchmark CatBoost,khs.sGeH3,80,,False,0,True,53,False,0,0,53,0,0,True,False,,53,
Benchmark CatBoost,khs.ssGeH2,81,,False,0,True,53,False,0,0,53,0,0,True,False,,53,
Benchmark CatBoost,khs.sssGeH,82,,False,0,True,53,False,0,0,53,0,0,True,False,,53,
Benchmark CatBoost,khs.ssssGe,83,,False,0,True,53,False,0,0,53,0,0,True,False,,53,
Benchmark CatBoost,khs.sAsH2,84,,False,0,True,53,False,0,0,53,0,0,True,False,,53,
Benchmark CatBoost,khs.ssAsH,85,,False,0,True,53,False,0,0,53,0,0,True,False,,53,
Benchmark CatBoost,khs.sssAs,86,,False,0,True,53,False,0,0,53,0,0,True,False,,53,
Benchmark CatBoost,khs.sssdAs,87,,False,0,True,53,False,0,0,53,0,0,True,False,,53,
Benchmark CatBoost,khs.sssssAs,88,,False,0,True,53,False,0,0,53,0,0,True,False,,53,
Benchmark CatBoost,khs.sSeH,89,,False,0,True,53,False,0,0,53,0,0,True,False,,53,
Benchmark CatBoost,khs.dSe,90,,False,0,True,53,False,0,0,53,0,0,True,False,,53,
Benchmark CatBoost,khs.ssSe,91,,False,0,True,53,False,0,0,53,0,0,True,False,,53,
Benchmark CatBoost,khs.aaSe,92,,False,0,True,53,False,0,0,53,0,0,True,False,,53,
Benchmark CatBoost,khs.dssSe,93,,False,0,True,53,False,0,0,53,0,0,True,False,,53,
Benchmark CatBoost,khs.ddssSe,94,,False,0,True,53,False,0,0,53,0,0,True,False,,53,
Benchmark CatBoost,khs.sBr,95,,False,0,True,53,False,0,0,53,0,0,True,False,,53,
Benchmark CatBoost,khs.sSnH3,96,,False,0,True,53,False,0,0,53,0,0,True,False,,53,
Benchmark CatBoost,khs.ssSnH2,97,,False,0,True,53,False,0,0,53,0,0,True,False,,53,
Benchmark CatBoost,khs.sssSnH,98,,False,0,True,53,False,0,0,53,0,0,True,False,,53,
Benchmark CatBoost,khs.ssssSn,99,,False,0,True,53,False,0,0,53,0,0,True,False,,53,
Benchmark CatBoost,khs.sPbH3,100,,False,0,True,53,False,0,0,53,0,0,True,False,,53,
Benchmark CatBoost,khs.ssPbH2,101,,False,0,True,53,False,0,0,53,0,0,True,False,,53,
Benchmark CatBoost,khs.sssPbH,102,,False,0,True,53,False,0,0,53,0,0,True,False,,53,
Benchmark CatBoost,khs.ssssPb,103,,False,0,True,53,False,0,0,53,0,0,True,False,,53,
Benchmark CatBoost,nAtomLC,104,,False,0,False,0,True,53,0,53,53,0,True,True,No exact RDKit implementation consistent with the CDK training definition; the repository's original CDK generator was used.,53,
Benchmark CatBoost,nAtomP,105,,False,0,False,0,True,53,0,53,53,0,True,True,No exact RDKit implementation consistent with the CDK training definition; the repository's original CDK generator was used.,53,
Benchmark CatBoost,nAtomLAC,106,,False,0,False,0,True,53,0,53,53,0,True,True,No exact RDKit implementation consistent with the CDK training definition; the repository's original CDK generator was used.,53,
Benchmark CatBoost,MDEC-11,107,,False,0,False,0,True,53,0,53,53,0,True,True,No exact RDKit implementation consistent with the CDK training definition; the repository's original CDK generator was used.,53,
Benchmark CatBoost,MDEC-12,108,,False,0,False,0,True,53,0,53,53,0,True,True,No exact RDKit implementation consistent with the CDK training definition; the repository's original CDK generator was used.,53,
Benchmark CatBoost,MDEC-13,109,,False,0,False,0,True,53,0,53,53,0,True,True,No exact RDKit implementation consistent with the CDK training definition; the repository's original CDK generator was used.,53,
Benchmark CatBoost,MDEC-14,110,,False,0,False,0,True,53,0,53,53,0,True,True,No exact RDKit implementation consistent with the CDK training definition; the repository's original CDK generator was used.,53,
Benchmark CatBoost,MDEC-22,111,,False,0,False,0,True,53,0,53,53,0,True,True,No exact RDKit implementation consistent with the CDK training definition; the repository's original CDK generator was used.,53,
Benchmark CatBoost,MDEC-33,112,,False,0,False,0,True,53,0,53,53,0,True,True,No exact RDKit implementation consistent with the CDK training definition; the repository's original CDK generator was used.,53,
Benchmark CatBoost,MDEC-34,113,,False,0,False,0,True,53,0,53,53,0,True,True,No exact RDKit implementation consistent with the CDK training definition; the repository's original CDK generator was used.,53,
Benchmark CatBoost,MDEC-44,114,,False,0,False,0,True,53,0,53,53,0,True,True,No exact RDKit implementation consistent with the CDK training definition; the repository's original CDK generator was used.,53,
Benchmark CatBoost,MDEO-11,115,,False,0,False,0,True,53,0,53,53,0,True,True,No exact RDKit implementation consistent with the CDK training definition; the repository's original CDK generator was used.,53,
Benchmark CatBoost,MDEO-12,116,,False,0,False,0,True,53,0,53,53,0,True,True,No exact RDKit implementation consistent with the CDK training definition; the repository's original CDK generator was used.,53,
Benchmark CatBoost,MDEO-22,117,,False,0,False,0,True,53,0,53,53,0,True,True,No exact RDKit implementation consistent with the CDK training definition; the repository's original CDK generator was used.,53,
Benchmark CatBoost,MDEN-11,118,,False,0,False,0,True,53,0,53,53,0,True,True,No exact RDKit implementation consistent with the CDK training definition; the repository's original CDK generator was used.,53,
Benchmark CatBoost,MDEN-12,119,,False,0,False,0,True,53,0,53,53,0,True,True,No exact RDKit implementation consistent with the CDK training definition; the repository's original CDK generator was used.,53,
Benchmark CatBoost,MDEN-13,120,,False,0,False,0,True,53,0,53,53,0,True,True,No exact RDKit implementation consistent with the CDK training definition; the repository's original CDK generator was used.,53,
Benchmark CatBoost,MDEN-22,121,,False,0,False,0,True,53,0,53,53,0,True,True,No exact RDKit implementation consistent with the CDK training definition; the repository's original CDK generator was used.,53,
Benchmark CatBoost,MDEN-23,122,,False,0,False,0,True,53,0,53,53,0,True,True,No exact RDKit implementation consistent with the CDK training definition; the repository's original CDK generator was used.,53,
Benchmark CatBoost,MDEN-33,123,,False,0,False,0,True,53,0,53,53,0,True,True,No exact RDKit implementation consistent with the CDK training definition; the repository's original CDK generator was used.,53,
Benchmark CatBoost,MLogP,124,,False,0,False,0,True,53,0,53,53,0,True,True,No exact RDKit implementation consistent with the CDK training definition; the repository's original CDK generator was used.,53,
Benchmark CatBoost,topoShape,125,,False,0,False,0,True,53,0,53,53,0,True,True,No exact RDKit implementation consistent with the CDK training definition; the repository's original CDK generator was used.,53,
Benchmark CatBoost,nRotB,126,nRotB,True,53,False,0,False,0,0,0,0,0,True,False,,0,Reused exact normalized column name from HuSkinDB.
Benchmark CatBoost,LipinskiFailures,127,LipinskiFailures,True,53,False,0,False,0,0,0,0,0,True,False,,0,Reused exact normalized column name from HuSkinDB.
Benchmark CatBoost,nAromRings,128,,False,0,True,53,False,0,0,53,0,0,True,False,,53,
Benchmark CatBoost,nRingBlocks,129,,False,0,False,0,True,53,0,53,53,0,True,True,No exact RDKit implementation consistent with the CDK training definition; the repository's original CDK generator was used.,53,
Benchmark CatBoost,nAromBlocks,130,,False,0,False,0,True,53,0,53,53,0,True,True,No exact RDKit implementation consistent with the CDK training definition; the repository's original CDK generator was used.,53,
Benchmark CatBoost,nRings3,131,,False,0,True,53,False,0,0,53,0,0,True,False,,53,
Benchmark CatBoost,nRings4,132,,False,0,True,53,False,0,0,53,0,0,True,False,,53,
Benchmark CatBoost,nRings5,133,,False,0,True,53,False,0,0,53,0,0,True,False,,53,
Benchmark CatBoost,nRings6,134,,False,0,True,53,False,0,0,53,0,0,True,False,,53,
Benchmark CatBoost,nRings7,135,,False,0,True,53,False,0,0,53,0,0,True,False,,53,
Benchmark CatBoost,nRings8,136,,False,0,True,53,False,0,0,53,0,0,True,False,,53,
Benchmark CatBoost,nRings9,137,,False,0,True,53,False,0,0,53,0,0,True,False,,53,
Benchmark CatBoost,TopoPSA,138,TopoPSA,True,53,False,0,False,0,0,0,0,0,True,False,,0,Reused exact normalized column name from HuSkinDB.
Benchmark CatBoost,VAdjMat,139,,False,0,False,0,True,53,0,53,53,0,True,True,No exact RDKit implementation consistent with the CDK training definition; the repository's original CDK generator was used.,53,
Benchmark CatBoost,WTPT-2,140,,False,0,False,0,True,53,0,53,53,0,True,True,No exact RDKit implementation consistent with the CDK training definition; the repository's original CDK generator was used.,53,
Benchmark CatBoost,WTPT-3,141,,False,0,False,0,True,53,0,53,53,0,True,True,No exact RDKit implementation consistent with the CDK training definition; the repository's original CDK generator was used.,53,
Benchmark CatBoost,WTPT-4,142,,False,0,False,0,True,53,0,53,53,0,True,True,No exact RDKit implementation consistent with the CDK training definition; the repository's original CDK generator was used.,53,
Benchmark CatBoost,WTPT-5,143,,False,0,False,0,True,53,0,53,53,0,True,True,No exact RDKit implementation consistent with the CDK training definition; the repository's original CDK generator was used.,53,
Benchmark CatBoost,WPATH,144,,False,0,False,0,True,53,0,53,53,0,True,True,No exact RDKit implementation consistent with the CDK training definition; the repository's original CDK generator was used.,53,
Benchmark CatBoost,XLogP,145,,False,0,False,0,True,53,0,53,53,0,True,True,No exact RDKit implementation consistent with the CDK training definition; the repository's original CDK generator was used.,53,
Benchmark CatBoost,Zagreb,146,,False,0,True,53,False,0,0,53,0,0,True,False,,53,
Benchmark HistGradientBoosting,Texpi,1,,False,0,False,0,False,0,53,53,53,0,True,False,,53,Converted Celsius values to Kelvin; values already >=200 were treated as Kelvin.
Benchmark HistGradientBoosting,ALogp2,2,,False,0,False,0,True,53,0,53,53,0,True,True,No exact RDKit implementation consistent with the CDK training definition; the repository's original CDK generator was used.,53,
Benchmark HistGradientBoosting,nAcid,3,,False,0,False,0,True,53,0,53,53,0,True,True,No exact RDKit implementation consistent with the CDK training definition; the repository's original CDK generator was used.,53,
Benchmark HistGradientBoosting,nAromBond,4,,False,0,False,0,True,53,0,53,53,0,True,True,No exact RDKit implementation consistent with the CDK training definition; the repository's original CDK generator was used.,53,
Benchmark HistGradientBoosting,ATSc2,5,,False,0,False,0,True,53,0,53,53,0,True,True,No exact RDKit implementation consistent with the CDK training definition; the repository's original CDK generator was used.,53,
Benchmark HistGradientBoosting,ATSc3,6,,False,0,False,0,True,53,0,53,53,0,True,True,No exact RDKit implementation consistent with the CDK training definition; the repository's original CDK generator was used.,53,
Benchmark HistGradientBoosting,ATSc4,7,,False,0,False,0,True,53,0,53,53,0,True,True,No exact RDKit implementation consistent with the CDK training definition; the repository's original CDK generator was used.,53,
Benchmark HistGradientBoosting,ATSc5,8,,False,0,False,0,True,53,0,53,53,0,True,True,No exact RDKit implementation consistent with the CDK training definition; the repository's original CDK generator was used.,53,
Benchmark HistGradientBoosting,ATSm1,9,,False,0,False,0,True,53,0,53,53,0,True,True,No exact RDKit implementation consistent with the CDK training definition; the repository's original CDK generator was used.,53,
Benchmark HistGradientBoosting,BCUTw-1l,10,,False,0,False,0,True,53,0,53,53,0,True,True,No exact RDKit implementation consistent with the CDK training definition; the repository's original CDK generator was used.,53,
Benchmark HistGradientBoosting,BCUTw-1h,11,,False,0,False,0,True,53,0,53,53,0,True,True,No exact RDKit implementation consistent with the CDK training definition; the repository's original CDK generator was used.,53,
Benchmark HistGradientBoosting,BCUTc-1l,12,,False,0,False,0,True,53,0,53,53,0,True,True,No exact RDKit implementation consistent with the CDK training definition; the repository's original CDK generator was used.,53,
Benchmark HistGradientBoosting,BCUTc-1h,13,,False,0,False,0,True,53,0,53,53,0,True,True,No exact RDKit implementation consistent with the CDK training definition; the repository's original CDK generator was used.,53,
Benchmark HistGradientBoosting,BCUTp-1l,14,,False,0,False,0,True,53,0,53,53,0,True,True,No exact RDKit implementation consistent with the CDK training definition; the repository's original CDK generator was used.,53,
Benchmark HistGradientBoosting,BCUTp-1h,15,,False,0,False,0,True,53,0,53,53,0,True,True,No exact RDKit implementation consistent with the CDK training definition; the repository's original CDK generator was used.,53,
Benchmark HistGradientBoosting,nBase,16,,False,0,False,0,True,53,0,53,53,0,True,True,No exact RDKit implementation consistent with the CDK training definition; the repository's original CDK generator was used.,53,
Benchmark HistGradientBoosting,C2SP1,17,,False,0,False,0,True,53,0,53,53,0,True,True,No exact RDKit implementation consistent with the CDK training definition; the repository's original CDK generator was used.,53,
Benchmark HistGradientBoosting,C1SP2,18,,False,0,False,0,True,53,0,53,53,0,True,True,No exact RDKit implementation consistent with the CDK training definition; the repository's original CDK generator was used.,53,
Benchmark HistGradientBoosting,C2SP2,19,,False,0,False,0,True,53,0,53,53,0,True,True,No exact RDKit implementation consistent with the CDK training definition; the repository's original CDK generator was used.,53,
Benchmark HistGradientBoosting,C3SP2,20,,False,0,False,0,True,53,0,53,53,0,True,True,No exact RDKit implementation consistent with the CDK training definition; the repository's original CDK generator was used.,53,
Benchmark HistGradientBoosting,C1SP3,21,,False,0,False,0,True,53,0,53,53,0,True,True,No exact RDKit implementation consistent with the CDK training definition; the repository's original CDK generator was used.,53,
Benchmark HistGradientBoosting,C2SP3,22,,False,0,False,0,True,53,0,53,53,0,True,True,No exact RDKit implementation consistent with the CDK training definition; the repository's original CDK generator was used.,53,
Benchmark HistGradientBoosting,SC-4,23,,False,0,False,0,True,53,0,53,53,0,True,True,No exact RDKit implementation consistent with the CDK training definition; the repository's original CDK generator was used.,53,
Benchmark HistGradientBoosting,FMF,24,,False,0,False,0,True,53,0,53,53,0,True,True,No exact RDKit implementation consistent with the CDK training definition; the repository's original CDK generator was used.,53,
Benchmark HistGradientBoosting,nHBAcc,25,nHBAcc,True,53,False,0,False,0,0,0,0,0,True,False,,0,Reused exact normalized column name from HuSkinDB.
Benchmark HistGradientBoosting,nHBDon,26,nHBDon,True,53,False,0,False,0,0,0,0,0,True,False,,0,Reused exact normalized column name from HuSkinDB.
Benchmark HistGradientBoosting,HybRatio,27,,False,0,False,0,True,53,0,53,53,0,True,True,No exact RDKit implementation consistent with the CDK training definition; the repository's original CDK generator was used.,53,
Benchmark HistGradientBoosting,JPLogP,28,,False,0,False,0,True,53,0,53,53,0,True,True,No exact RDKit implementation consistent with the CDK training definition; the repository's original CDK generator was used.,53,
Benchmark HistGradientBoosting,Kier2,29,,False,0,False,0,True,53,0,53,53,0,True,True,No exact RDKit implementation consistent with the CDK training definition; the repository's original CDK generator was used.,53,
Benchmark HistGradientBoosting,Kier3,30,,False,0,False,0,True,51,2,53,53,0,True,True,No exact RDKit implementation consistent with the CDK training definition; the repository's original CDK generator was used.,53,
Benchmark HistGradientBoosting,khs.sLi,31,,False,0,True,53,False,0,0,53,0,0,True,False,,53,
Benchmark HistGradientBoosting,khs.ssBe,32,,False,0,True,53,False,0,0,53,0,0,True,False,,53,
Benchmark HistGradientBoosting,khs.ssBH,33,,False,0,True,53,False,0,0,53,0,0,True,False,,53,
Benchmark HistGradientBoosting,khs.sssB,34,,False,0,True,53,False,0,0,53,0,0,True,False,,53,
Benchmark HistGradientBoosting,khs.sCH3,35,,False,0,True,53,False,0,0,53,0,0,True,False,,53,
Benchmark HistGradientBoosting,khs.dCH2,36,,False,0,True,53,False,0,0,53,0,0,True,False,,53,
Benchmark HistGradientBoosting,khs.ssCH2,37,,False,0,False,0,True,53,0,53,53,0,True,True,No exact RDKit implementation consistent with the CDK training definition; the repository's original CDK generator was used.,53,
Benchmark HistGradientBoosting,khs.tCH,38,,False,0,True,53,False,0,0,53,0,0,True,False,,53,
Benchmark HistGradientBoosting,khs.dsCH,39,,False,0,True,53,False,0,0,53,0,0,True,False,,53,
Benchmark HistGradientBoosting,khs.aaCH,40,,False,0,True,53,False,0,0,53,0,0,True,False,,53,
Benchmark HistGradientBoosting,khs.sssCH,41,,False,0,True,53,False,0,0,53,0,0,True,False,,53,
Benchmark HistGradientBoosting,khs.ddC,42,,False,0,True,53,False,0,0,53,0,0,True,False,,53,
Benchmark HistGradientBoosting,khs.dssC,43,,False,0,True,53,False,0,0,53,0,0,True,False,,53,
Benchmark HistGradientBoosting,khs.aasC,44,,False,0,True,53,False,0,0,53,0,0,True,False,,53,
Benchmark HistGradientBoosting,khs.aaaC,45,,False,0,True,53,False,0,0,53,0,0,True,False,,53,
Benchmark HistGradientBoosting,khs.sNH3,46,,False,0,True,53,False,0,0,53,0,0,True,False,,53,
Benchmark HistGradientBoosting,khs.sNH2,47,,False,0,True,53,False,0,0,53,0,0,True,False,,53,
Benchmark HistGradientBoosting,khs.ssNH2,48,,False,0,True,53,False,0,0,53,0,0,True,False,,53,
Benchmark HistGradientBoosting,khs.dNH,49,,False,0,True,53,False,0,0,53,0,0,True,False,,53,
Benchmark HistGradientBoosting,khs.ssNH,50,,False,0,True,53,False,0,0,53,0,0,True,False,,53,
Benchmark HistGradientBoosting,khs.aaNH,51,,False,0,True,53,False,0,0,53,0,0,True,False,,53,
Benchmark HistGradientBoosting,khs.tN,52,,False,0,True,53,False,0,0,53,0,0,True,False,,53,
Benchmark HistGradientBoosting,khs.dsN,53,,False,0,True,53,False,0,0,53,0,0,True,False,,53,
Benchmark HistGradientBoosting,khs.aaN,54,,False,0,True,53,False,0,0,53,0,0,True,False,,53,
Benchmark HistGradientBoosting,khs.sssN,55,,False,0,True,53,False,0,0,53,0,0,True,False,,53,
Benchmark HistGradientBoosting,khs.ddsN,56,,False,0,True,53,False,0,0,53,0,0,True,False,,53,
Benchmark HistGradientBoosting,khs.aasN,57,,False,0,True,53,False,0,0,53,0,0,True,False,,53,
Benchmark HistGradientBoosting,khs.ssssN,58,,False,0,True,53,False,0,0,53,0,0,True,False,,53,
Benchmark HistGradientBoosting,khs.sOH,59,,False,0,False,0,True,53,0,53,53,0,True,True,No exact RDKit implementation consistent with the CDK training definition; the repository's original CDK generator was used.,53,
Benchmark HistGradientBoosting,khs.dO,60,,False,0,True,53,False,0,0,53,0,0,True,False,,53,
Benchmark HistGradientBoosting,khs.ssO,61,,False,0,True,53,False,0,0,53,0,0,True,False,,53,
Benchmark HistGradientBoosting,khs.aaO,62,,False,0,True,53,False,0,0,53,0,0,True,False,,53,
Benchmark HistGradientBoosting,khs.sF,63,,False,0,True,53,False,0,0,53,0,0,True,False,,53,
Benchmark HistGradientBoosting,khs.sSiH3,64,,False,0,True,53,False,0,0,53,0,0,True,False,,53,
Benchmark HistGradientBoosting,khs.ssSiH2,65,,False,0,True,53,False,0,0,53,0,0,True,False,,53,
Benchmark HistGradientBoosting,khs.sssSiH,66,,False,0,True,53,False,0,0,53,0,0,True,False,,53,
Benchmark HistGradientBoosting,khs.ssssSi,67,,False,0,True,53,False,0,0,53,0,0,True,False,,53,
Benchmark HistGradientBoosting,khs.sPH2,68,,False,0,True,53,False,0,0,53,0,0,True,False,,53,
Benchmark HistGradientBoosting,khs.ssPH,69,,False,0,True,53,False,0,0,53,0,0,True,False,,53,
Benchmark HistGradientBoosting,khs.sssP,70,,False,0,True,53,False,0,0,53,0,0,True,False,,53,
Benchmark HistGradientBoosting,khs.dsssP,71,,False,0,True,53,False,0,0,53,0,0,True,False,,53,
Benchmark HistGradientBoosting,khs.sssssP,72,,False,0,True,53,False,0,0,53,0,0,True,False,,53,
Benchmark HistGradientBoosting,khs.sSH,73,,False,0,True,53,False,0,0,53,0,0,True,False,,53,
Benchmark HistGradientBoosting,khs.dS,74,,False,0,True,53,False,0,0,53,0,0,True,False,,53,
Benchmark HistGradientBoosting,khs.ssS,75,,False,0,True,53,False,0,0,53,0,0,True,False,,53,
Benchmark HistGradientBoosting,khs.aaS,76,,False,0,True,53,False,0,0,53,0,0,True,False,,53,
Benchmark HistGradientBoosting,khs.dssS,77,,False,0,True,53,False,0,0,53,0,0,True,False,,53,
Benchmark HistGradientBoosting,khs.ddssS,78,,False,0,True,53,False,0,0,53,0,0,True,False,,53,
Benchmark HistGradientBoosting,khs.sCl,79,,False,0,True,53,False,0,0,53,0,0,True,False,,53,
Benchmark HistGradientBoosting,khs.sGeH3,80,,False,0,True,53,False,0,0,53,0,0,True,False,,53,
Benchmark HistGradientBoosting,khs.ssGeH2,81,,False,0,True,53,False,0,0,53,0,0,True,False,,53,
Benchmark HistGradientBoosting,khs.sssGeH,82,,False,0,True,53,False,0,0,53,0,0,True,False,,53,
Benchmark HistGradientBoosting,khs.ssssGe,83,,False,0,True,53,False,0,0,53,0,0,True,False,,53,
Benchmark HistGradientBoosting,khs.sAsH2,84,,False,0,True,53,False,0,0,53,0,0,True,False,,53,
Benchmark HistGradientBoosting,khs.ssAsH,85,,False,0,True,53,False,0,0,53,0,0,True,False,,53,
Benchmark HistGradientBoosting,khs.sssAs,86,,False,0,True,53,False,0,0,53,0,0,True,False,,53,
Benchmark HistGradientBoosting,khs.sssdAs,87,,False,0,True,53,False,0,0,53,0,0,True,False,,53,
Benchmark HistGradientBoosting,khs.sssssAs,88,,False,0,True,53,False,0,0,53,0,0,True,False,,53,
Benchmark HistGradientBoosting,khs.sSeH,89,,False,0,True,53,False,0,0,53,0,0,True,False,,53,
Benchmark HistGradientBoosting,khs.dSe,90,,False,0,True,53,False,0,0,53,0,0,True,False,,53,
Benchmark HistGradientBoosting,khs.ssSe,91,,False,0,True,53,False,0,0,53,0,0,True,False,,53,
Benchmark HistGradientBoosting,khs.aaSe,92,,False,0,True,53,False,0,0,53,0,0,True,False,,53,
Benchmark HistGradientBoosting,khs.dssSe,93,,False,0,True,53,False,0,0,53,0,0,True,False,,53,
Benchmark HistGradientBoosting,khs.ddssSe,94,,False,0,True,53,False,0,0,53,0,0,True,False,,53,
Benchmark HistGradientBoosting,khs.sBr,95,,False,0,True,53,False,0,0,53,0,0,True,False,,53,
Benchmark HistGradientBoosting,khs.sSnH3,96,,False,0,True,53,False,0,0,53,0,0,True,False,,53,
Benchmark HistGradientBoosting,khs.ssSnH2,97,,False,0,True,53,False,0,0,53,0,0,True,False,,53,
Benchmark HistGradientBoosting,khs.sssSnH,98,,False,0,True,53,False,0,0,53,0,0,True,False,,53,
Benchmark HistGradientBoosting,khs.ssssSn,99,,False,0,True,53,False,0,0,53,0,0,True,False,,53,
Benchmark HistGradientBoosting,khs.sPbH3,100,,False,0,True,53,False,0,0,53,0,0,True,False,,53,
Benchmark HistGradientBoosting,khs.ssPbH2,101,,False,0,True,53,False,0,0,53,0,0,True,False,,53,
Benchmark HistGradientBoosting,khs.sssPbH,102,,False,0,True,53,False,0,0,53,0,0,True,False,,53,
Benchmark HistGradientBoosting,khs.ssssPb,103,,False,0,True,53,False,0,0,53,0,0,True,False,,53,
Benchmark HistGradientBoosting,nAtomLC,104,,False,0,False,0,True,53,0,53,53,0,True,True,No exact RDKit implementation consistent with the CDK training definition; the repository's original CDK generator was used.,53,
Benchmark HistGradientBoosting,nAtomP,105,,False,0,False,0,True,53,0,53,53,0,True,True,No exact RDKit implementation consistent with the CDK training definition; the repository's original CDK generator was used.,53,
Benchmark HistGradientBoosting,nAtomLAC,106,,False,0,False,0,True,53,0,53,53,0,True,True,No exact RDKit implementation consistent with the CDK training definition; the repository's original CDK generator was used.,53,
Benchmark HistGradientBoosting,MDEC-11,107,,False,0,False,0,True,53,0,53,53,0,True,True,No exact RDKit implementation consistent with the CDK training definition; the repository's original CDK generator was used.,53,
Benchmark HistGradientBoosting,MDEC-12,108,,False,0,False,0,True,53,0,53,53,0,True,True,No exact RDKit implementation consistent with the CDK training definition; the repository's original CDK generator was used.,53,
Benchmark HistGradientBoosting,MDEC-13,109,,False,0,False,0,True,53,0,53,53,0,True,True,No exact RDKit implementation consistent with the CDK training definition; the repository's original CDK generator was used.,53,
Benchmark HistGradientBoosting,MDEC-14,110,,False,0,False,0,True,53,0,53,53,0,True,True,No exact RDKit implementation consistent with the CDK training definition; the repository's original CDK generator was used.,53,
Benchmark HistGradientBoosting,MDEC-22,111,,False,0,False,0,True,53,0,53,53,0,True,True,No exact RDKit implementation consistent with the CDK training definition; the repository's original CDK generator was used.,53,
Benchmark HistGradientBoosting,MDEC-33,112,,False,0,False,0,True,53,0,53,53,0,True,True,No exact RDKit implementation consistent with the CDK training definition; the repository's original CDK generator was used.,53,
Benchmark HistGradientBoosting,MDEC-34,113,,False,0,False,0,True,53,0,53,53,0,True,True,No exact RDKit implementation consistent with the CDK training definition; the repository's original CDK generator was used.,53,
Benchmark HistGradientBoosting,MDEC-44,114,,False,0,False,0,True,53,0,53,53,0,True,True,No exact RDKit implementation consistent with the CDK training definition; the repository's original CDK generator was used.,53,
Benchmark HistGradientBoosting,MDEO-11,115,,False,0,False,0,True,53,0,53,53,0,True,True,No exact RDKit implementation consistent with the CDK training definition; the repository's original CDK generator was used.,53,
Benchmark HistGradientBoosting,MDEO-12,116,,False,0,False,0,True,53,0,53,53,0,True,True,No exact RDKit implementation consistent with the CDK training definition; the repository's original CDK generator was used.,53,
Benchmark HistGradientBoosting,MDEO-22,117,,False,0,False,0,True,53,0,53,53,0,True,True,No exact RDKit implementation consistent with the CDK training definition; the repository's original CDK generator was used.,53,
Benchmark HistGradientBoosting,MDEN-11,118,,False,0,False,0,True,53,0,53,53,0,True,True,No exact RDKit implementation consistent with the CDK training definition; the repository's original CDK generator was used.,53,
Benchmark HistGradientBoosting,MDEN-12,119,,False,0,False,0,True,53,0,53,53,0,True,True,No exact RDKit implementation consistent with the CDK training definition; the repository's original CDK generator was used.,53,
Benchmark HistGradientBoosting,MDEN-13,120,,False,0,False,0,True,53,0,53,53,0,True,True,No exact RDKit implementation consistent with the CDK training definition; the repository's original CDK generator was used.,53,
Benchmark HistGradientBoosting,MDEN-22,121,,False,0,False,0,True,53,0,53,53,0,True,True,No exact RDKit implementation consistent with the CDK training definition; the repository's original CDK generator was used.,53,
Benchmark HistGradientBoosting,MDEN-23,122,,False,0,False,0,True,53,0,53,53,0,True,True,No exact RDKit implementation consistent with the CDK training definition; the repository's original CDK generator was used.,53,
Benchmark HistGradientBoosting,MDEN-33,123,,False,0,False,0,True,53,0,53,53,0,True,True,No exact RDKit implementation consistent with the CDK training definition; the repository's original CDK generator was used.,53,
Benchmark HistGradientBoosting,MLogP,124,,False,0,False,0,True,53,0,53,53,0,True,True,No exact RDKit implementation consistent with the CDK training definition; the repository's original CDK generator was used.,53,
Benchmark HistGradientBoosting,topoShape,125,,False,0,False,0,True,53,0,53,53,0,True,True,No exact RDKit implementation consistent with the CDK training definition; the repository's original CDK generator was used.,53,
Benchmark HistGradientBoosting,nRotB,126,nRotB,True,53,False,0,False,0,0,0,0,0,True,False,,0,Reused exact normalized column name from HuSkinDB.
Benchmark HistGradientBoosting,LipinskiFailures,127,LipinskiFailures,True,53,False,0,False,0,0,0,0,0,True,False,,0,Reused exact normalized column name from HuSkinDB.
Benchmark HistGradientBoosting,nAromRings,128,,False,0,True,53,False,0,0,53,0,0,True,False,,53,
Benchmark HistGradientBoosting,nRingBlocks,129,,False,0,False,0,True,53,0,53,53,0,True,True,No exact RDKit implementation consistent with the CDK training definition; the repository's original CDK generator was used.,53,
Benchmark HistGradientBoosting,nAromBlocks,130,,False,0,False,0,True,53,0,53,53,0,True,True,No exact RDKit implementation consistent with the CDK training definition; the repository's original CDK generator was used.,53,
Benchmark HistGradientBoosting,nRings3,131,,False,0,True,53,False,0,0,53,0,0,True,False,,53,
Benchmark HistGradientBoosting,nRings4,132,,False,0,True,53,False,0,0,53,0,0,True,False,,53,
Benchmark HistGradientBoosting,nRings5,133,,False,0,True,53,False,0,0,53,0,0,True,False,,53,
Benchmark HistGradientBoosting,nRings6,134,,False,0,True,53,False,0,0,53,0,0,True,False,,53,
Benchmark HistGradientBoosting,nRings7,135,,False,0,True,53,False,0,0,53,0,0,True,False,,53,
Benchmark HistGradientBoosting,nRings8,136,,False,0,True,53,False,0,0,53,0,0,True,False,,53,
Benchmark HistGradientBoosting,nRings9,137,,False,0,True,53,False,0,0,53,0,0,True,False,,53,
Benchmark HistGradientBoosting,TopoPSA,138,TopoPSA,True,53,False,0,False,0,0,0,0,0,True,False,,0,Reused exact normalized column name from HuSkinDB.
Benchmark HistGradientBoosting,VAdjMat,139,,False,0,False,0,True,53,0,53,53,0,True,True,No exact RDKit implementation consistent with the CDK training definition; the repository's original CDK generator was used.,53,
Benchmark HistGradientBoosting,WTPT-2,140,,False,0,False,0,True,53,0,53,53,0,True,True,No exact RDKit implementation consistent with the CDK training definition; the repository's original CDK generator was used.,53,
Benchmark HistGradientBoosting,WTPT-3,141,,False,0,False,0,True,53,0,53,53,0,True,True,No exact RDKit implementation consistent with the CDK training definition; the repository's original CDK generator was used.,53,
Benchmark HistGradientBoosting,WTPT-4,142,,False,0,False,0,True,53,0,53,53,0,True,True,No exact RDKit implementation consistent with the CDK training definition; the repository's original CDK generator was used.,53,
Benchmark HistGradientBoosting,WTPT-5,143,,False,0,False,0,True,53,0,53,53,0,True,True,No exact RDKit implementation consistent with the CDK training definition; the repository's original CDK generator was used.,53,
Benchmark HistGradientBoosting,WPATH,144,,False,0,False,0,True,53,0,53,53,0,True,True,No exact RDKit implementation consistent with the CDK training definition; the repository's original CDK generator was used.,53,
Benchmark HistGradientBoosting,XLogP,145,,False,0,False,0,True,53,0,53,53,0,True,True,No exact RDKit implementation consistent with the CDK training definition; the repository's original CDK generator was used.,53,
Benchmark HistGradientBoosting,Zagreb,146,,False,0,True,53,False,0,0,53,0,0,True,False,,53,
Benchmark RF,Texpi,1,,False,0,False,0,False,0,53,53,53,0,True,False,,53,Converted Celsius values to Kelvin; values already >=200 were treated as Kelvin.
Benchmark RF,ALogp2,2,,False,0,False,0,True,53,0,53,53,0,True,True,No exact RDKit implementation consistent with the CDK training definition; the repository's original CDK generator was used.,53,
Benchmark RF,nAcid,3,,False,0,False,0,True,53,0,53,53,0,True,True,No exact RDKit implementation consistent with the CDK training definition; the repository's original CDK generator was used.,53,
Benchmark RF,nAromBond,4,,False,0,False,0,True,53,0,53,53,0,True,True,No exact RDKit implementation consistent with the CDK training definition; the repository's original CDK generator was used.,53,
Benchmark RF,ATSc2,5,,False,0,False,0,True,53,0,53,53,0,True,True,No exact RDKit implementation consistent with the CDK training definition; the repository's original CDK generator was used.,53,
Benchmark RF,ATSc3,6,,False,0,False,0,True,53,0,53,53,0,True,True,No exact RDKit implementation consistent with the CDK training definition; the repository's original CDK generator was used.,53,
Benchmark RF,ATSc4,7,,False,0,False,0,True,53,0,53,53,0,True,True,No exact RDKit implementation consistent with the CDK training definition; the repository's original CDK generator was used.,53,
Benchmark RF,ATSc5,8,,False,0,False,0,True,53,0,53,53,0,True,True,No exact RDKit implementation consistent with the CDK training definition; the repository's original CDK generator was used.,53,
Benchmark RF,ATSm1,9,,False,0,False,0,True,53,0,53,53,0,True,True,No exact RDKit implementation consistent with the CDK training definition; the repository's original CDK generator was used.,53,
Benchmark RF,BCUTw-1l,10,,False,0,False,0,True,53,0,53,53,0,True,True,No exact RDKit implementation consistent with the CDK training definition; the repository's original CDK generator was used.,53,
Benchmark RF,BCUTw-1h,11,,False,0,False,0,True,53,0,53,53,0,True,True,No exact RDKit implementation consistent with the CDK training definition; the repository's original CDK generator was used.,53,
Benchmark RF,BCUTc-1l,12,,False,0,False,0,True,53,0,53,53,0,True,True,No exact RDKit implementation consistent with the CDK training definition; the repository's original CDK generator was used.,53,
Benchmark RF,BCUTc-1h,13,,False,0,False,0,True,53,0,53,53,0,True,True,No exact RDKit implementation consistent with the CDK training definition; the repository's original CDK generator was used.,53,
Benchmark RF,BCUTp-1l,14,,False,0,False,0,True,53,0,53,53,0,True,True,No exact RDKit implementation consistent with the CDK training definition; the repository's original CDK generator was used.,53,
Benchmark RF,BCUTp-1h,15,,False,0,False,0,True,53,0,53,53,0,True,True,No exact RDKit implementation consistent with the CDK training definition; the repository's original CDK generator was used.,53,
Benchmark RF,nBase,16,,False,0,False,0,True,53,0,53,53,0,True,True,No exact RDKit implementation consistent with the CDK training definition; the repository's original CDK generator was used.,53,
Benchmark RF,C2SP1,17,,False,0,False,0,True,53,0,53,53,0,True,True,No exact RDKit implementation consistent with the CDK training definition; the repository's original CDK generator was used.,53,
Benchmark RF,C1SP2,18,,False,0,False,0,True,53,0,53,53,0,True,True,No exact RDKit implementation consistent with the CDK training definition; the repository's original CDK generator was used.,53,
Benchmark RF,C2SP2,19,,False,0,False,0,True,53,0,53,53,0,True,True,No exact RDKit implementation consistent with the CDK training definition; the repository's original CDK generator was used.,53,
Benchmark RF,C3SP2,20,,False,0,False,0,True,53,0,53,53,0,True,True,No exact RDKit implementation consistent with the CDK training definition; the repository's original CDK generator was used.,53,
Benchmark RF,C1SP3,21,,False,0,False,0,True,53,0,53,53,0,True,True,No exact RDKit implementation consistent with the CDK training definition; the repository's original CDK generator was used.,53,
Benchmark RF,C2SP3,22,,False,0,False,0,True,53,0,53,53,0,True,True,No exact RDKit implementation consistent with the CDK training definition; the repository's original CDK generator was used.,53,
Benchmark RF,SC-4,23,,False,0,False,0,True,53,0,53,53,0,True,True,No exact RDKit implementation consistent with the CDK training definition; the repository's original CDK generator was used.,53,
Benchmark RF,FMF,24,,False,0,False,0,True,53,0,53,53,0,True,True,No exact RDKit implementation consistent with the CDK training definition; the repository's original CDK generator was used.,53,
Benchmark RF,nHBAcc,25,nHBAcc,True,53,False,0,False,0,0,0,0,0,True,False,,0,Reused exact normalized column name from HuSkinDB.
Benchmark RF,nHBDon,26,nHBDon,True,53,False,0,False,0,0,0,0,0,True,False,,0,Reused exact normalized column name from HuSkinDB.
Benchmark RF,HybRatio,27,,False,0,False,0,True,53,0,53,53,0,True,True,No exact RDKit implementation consistent with the CDK training definition; the repository's original CDK generator was used.,53,
Benchmark RF,JPLogP,28,,False,0,False,0,True,53,0,53,53,0,True,True,No exact RDKit implementation consistent with the CDK training definition; the repository's original CDK generator was used.,53,
Benchmark RF,Kier2,29,,False,0,False,0,True,53,0,53,53,0,True,True,No exact RDKit implementation consistent with the CDK training definition; the repository's original CDK generator was used.,53,
Benchmark RF,Kier3,30,,False,0,False,0,True,51,2,53,53,0,True,True,No exact RDKit implementation consistent with the CDK training definition; the repository's original CDK generator was used.,53,
Benchmark RF,khs.sLi,31,,False,0,True,53,False,0,0,53,0,0,True,False,,53,
Benchmark RF,khs.ssBe,32,,False,0,True,53,False,0,0,53,0,0,True,False,,53,
Benchmark RF,khs.ssBH,33,,False,0,True,53,False,0,0,53,0,0,True,False,,53,
Benchmark RF,khs.sssB,34,,False,0,True,53,False,0,0,53,0,0,True,False,,53,
Benchmark RF,khs.sCH3,35,,False,0,True,53,False,0,0,53,0,0,True,False,,53,
Benchmark RF,khs.dCH2,36,,False,0,True,53,False,0,0,53,0,0,True,False,,53,
Benchmark RF,khs.ssCH2,37,,False,0,False,0,True,53,0,53,53,0,True,True,No exact RDKit implementation consistent with the CDK training definition; the repository's original CDK generator was used.,53,
Benchmark RF,khs.tCH,38,,False,0,True,53,False,0,0,53,0,0,True,False,,53,
Benchmark RF,khs.dsCH,39,,False,0,True,53,False,0,0,53,0,0,True,False,,53,
Benchmark RF,khs.aaCH,40,,False,0,True,53,False,0,0,53,0,0,True,False,,53,
Benchmark RF,khs.sssCH,41,,False,0,True,53,False,0,0,53,0,0,True,False,,53,
Benchmark RF,khs.ddC,42,,False,0,True,53,False,0,0,53,0,0,True,False,,53,
Benchmark RF,khs.dssC,43,,False,0,True,53,False,0,0,53,0,0,True,False,,53,
Benchmark RF,khs.aasC,44,,False,0,True,53,False,0,0,53,0,0,True,False,,53,
Benchmark RF,khs.aaaC,45,,False,0,True,53,False,0,0,53,0,0,True,False,,53,
Benchmark RF,khs.sNH3,46,,False,0,True,53,False,0,0,53,0,0,True,False,,53,
Benchmark RF,khs.sNH2,47,,False,0,True,53,False,0,0,53,0,0,True,False,,53,
Benchmark RF,khs.ssNH2,48,,False,0,True,53,False,0,0,53,0,0,True,False,,53,
Benchmark RF,khs.dNH,49,,False,0,True,53,False,0,0,53,0,0,True,False,,53,
Benchmark RF,khs.ssNH,50,,False,0,True,53,False,0,0,53,0,0,True,False,,53,
Benchmark RF,khs.aaNH,51,,False,0,True,53,False,0,0,53,0,0,True,False,,53,
Benchmark RF,khs.tN,52,,False,0,True,53,False,0,0,53,0,0,True,False,,53,
Benchmark RF,khs.dsN,53,,False,0,True,53,False,0,0,53,0,0,True,False,,53,
Benchmark RF,khs.aaN,54,,False,0,True,53,False,0,0,53,0,0,True,False,,53,
Benchmark RF,khs.sssN,55,,False,0,True,53,False,0,0,53,0,0,True,False,,53,
Benchmark RF,khs.ddsN,56,,False,0,True,53,False,0,0,53,0,0,True,False,,53,
Benchmark RF,khs.aasN,57,,False,0,True,53,False,0,0,53,0,0,True,False,,53,
Benchmark RF,khs.ssssN,58,,False,0,True,53,False,0,0,53,0,0,True,False,,53,
Benchmark RF,khs.sOH,59,,False,0,False,0,True,53,0,53,53,0,True,True,No exact RDKit implementation consistent with the CDK training definition; the repository's original CDK generator was used.,53,
Benchmark RF,khs.dO,60,,False,0,True,53,False,0,0,53,0,0,True,False,,53,
Benchmark RF,khs.ssO,61,,False,0,True,53,False,0,0,53,0,0,True,False,,53,
Benchmark RF,khs.aaO,62,,False,0,True,53,False,0,0,53,0,0,True,False,,53,
Benchmark RF,khs.sF,63,,False,0,True,53,False,0,0,53,0,0,True,False,,53,
Benchmark RF,khs.sSiH3,64,,False,0,True,53,False,0,0,53,0,0,True,False,,53,
Benchmark RF,khs.ssSiH2,65,,False,0,True,53,False,0,0,53,0,0,True,False,,53,
Benchmark RF,khs.sssSiH,66,,False,0,True,53,False,0,0,53,0,0,True,False,,53,
Benchmark RF,khs.ssssSi,67,,False,0,True,53,False,0,0,53,0,0,True,False,,53,
Benchmark RF,khs.sPH2,68,,False,0,True,53,False,0,0,53,0,0,True,False,,53,
Benchmark RF,khs.ssPH,69,,False,0,True,53,False,0,0,53,0,0,True,False,,53,
Benchmark RF,khs.sssP,70,,False,0,True,53,False,0,0,53,0,0,True,False,,53,
Benchmark RF,khs.dsssP,71,,False,0,True,53,False,0,0,53,0,0,True,False,,53,
Benchmark RF,khs.sssssP,72,,False,0,True,53,False,0,0,53,0,0,True,False,,53,
Benchmark RF,khs.sSH,73,,False,0,True,53,False,0,0,53,0,0,True,False,,53,
Benchmark RF,khs.dS,74,,False,0,True,53,False,0,0,53,0,0,True,False,,53,
Benchmark RF,khs.ssS,75,,False,0,True,53,False,0,0,53,0,0,True,False,,53,
Benchmark RF,khs.aaS,76,,False,0,True,53,False,0,0,53,0,0,True,False,,53,
Benchmark RF,khs.dssS,77,,False,0,True,53,False,0,0,53,0,0,True,False,,53,
Benchmark RF,khs.ddssS,78,,False,0,True,53,False,0,0,53,0,0,True,False,,53,
Benchmark RF,khs.sCl,79,,False,0,True,53,False,0,0,53,0,0,True,False,,53,
Benchmark RF,khs.sGeH3,80,,False,0,True,53,False,0,0,53,0,0,True,False,,53,
Benchmark RF,khs.ssGeH2,81,,False,0,True,53,False,0,0,53,0,0,True,False,,53,
Benchmark RF,khs.sssGeH,82,,False,0,True,53,False,0,0,53,0,0,True,False,,53,
Benchmark RF,khs.ssssGe,83,,False,0,True,53,False,0,0,53,0,0,True,False,,53,
Benchmark RF,khs.sAsH2,84,,False,0,True,53,False,0,0,53,0,0,True,False,,53,
Benchmark RF,khs.ssAsH,85,,False,0,True,53,False,0,0,53,0,0,True,False,,53,
Benchmark RF,khs.sssAs,86,,False,0,True,53,False,0,0,53,0,0,True,False,,53,
Benchmark RF,khs.sssdAs,87,,False,0,True,53,False,0,0,53,0,0,True,False,,53,
Benchmark RF,khs.sssssAs,88,,False,0,True,53,False,0,0,53,0,0,True,False,,53,
Benchmark RF,khs.sSeH,89,,False,0,True,53,False,0,0,53,0,0,True,False,,53,
Benchmark RF,khs.dSe,90,,False,0,True,53,False,0,0,53,0,0,True,False,,53,
Benchmark RF,khs.ssSe,91,,False,0,True,53,False,0,0,53,0,0,True,False,,53,
Benchmark RF,khs.aaSe,92,,False,0,True,53,False,0,0,53,0,0,True,False,,53,
Benchmark RF,khs.dssSe,93,,False,0,True,53,False,0,0,53,0,0,True,False,,53,
Benchmark RF,khs.ddssSe,94,,False,0,True,53,False,0,0,53,0,0,True,False,,53,
Benchmark RF,khs.sBr,95,,False,0,True,53,False,0,0,53,0,0,True,False,,53,
Benchmark RF,khs.sSnH3,96,,False,0,True,53,False,0,0,53,0,0,True,False,,53,
Benchmark RF,khs.ssSnH2,97,,False,0,True,53,False,0,0,53,0,0,True,False,,53,
Benchmark RF,khs.sssSnH,98,,False,0,True,53,False,0,0,53,0,0,True,False,,53,
Benchmark RF,khs.ssssSn,99,,False,0,True,53,False,0,0,53,0,0,True,False,,53,
Benchmark RF,khs.sPbH3,100,,False,0,True,53,False,0,0,53,0,0,True,False,,53,
Benchmark RF,khs.ssPbH2,101,,False,0,True,53,False,0,0,53,0,0,True,False,,53,
Benchmark RF,khs.sssPbH,102,,False,0,True,53,False,0,0,53,0,0,True,False,,53,
Benchmark RF,khs.ssssPb,103,,False,0,True,53,False,0,0,53,0,0,True,False,,53,
Benchmark RF,nAtomLC,104,,False,0,False,0,True,53,0,53,53,0,True,True,No exact RDKit implementation consistent with the CDK training definition; the repository's original CDK generator was used.,53,
Benchmark RF,nAtomP,105,,False,0,False,0,True,53,0,53,53,0,True,True,No exact RDKit implementation consistent with the CDK training definition; the repository's original CDK generator was used.,53,
Benchmark RF,nAtomLAC,106,,False,0,False,0,True,53,0,53,53,0,True,True,No exact RDKit implementation consistent with the CDK training definition; the repository's original CDK generator was used.,53,
Benchmark RF,MDEC-11,107,,False,0,False,0,True,53,0,53,53,0,True,True,No exact RDKit implementation consistent with the CDK training definition; the repository's original CDK generator was used.,53,
Benchmark RF,MDEC-12,108,,False,0,False,0,True,53,0,53,53,0,True,True,No exact RDKit implementation consistent with the CDK training definition; the repository's original CDK generator was used.,53,
Benchmark RF,MDEC-13,109,,False,0,False,0,True,53,0,53,53,0,True,True,No exact RDKit implementation consistent with the CDK training definition; the repository's original CDK generator was used.,53,
Benchmark RF,MDEC-14,110,,False,0,False,0,True,53,0,53,53,0,True,True,No exact RDKit implementation consistent with the CDK training definition; the repository's original CDK generator was used.,53,
Benchmark RF,MDEC-22,111,,False,0,False,0,True,53,0,53,53,0,True,True,No exact RDKit implementation consistent with the CDK training definition; the repository's original CDK generator was used.,53,
Benchmark RF,MDEC-33,112,,False,0,False,0,True,53,0,53,53,0,True,True,No exact RDKit implementation consistent with the CDK training definition; the repository's original CDK generator was used.,53,
Benchmark RF,MDEC-34,113,,False,0,False,0,True,53,0,53,53,0,True,True,No exact RDKit implementation consistent with the CDK training definition; the repository's original CDK generator was used.,53,
Benchmark RF,MDEC-44,114,,False,0,False,0,True,53,0,53,53,0,True,True,No exact RDKit implementation consistent with the CDK training definition; the repository's original CDK generator was used.,53,
Benchmark RF,MDEO-11,115,,False,0,False,0,True,53,0,53,53,0,True,True,No exact RDKit implementation consistent with the CDK training definition; the repository's original CDK generator was used.,53,
Benchmark RF,MDEO-12,116,,False,0,False,0,True,53,0,53,53,0,True,True,No exact RDKit implementation consistent with the CDK training definition; the repository's original CDK generator was used.,53,
Benchmark RF,MDEO-22,117,,False,0,False,0,True,53,0,53,53,0,True,True,No exact RDKit implementation consistent with the CDK training definition; the repository's original CDK generator was used.,53,
Benchmark RF,MDEN-11,118,,False,0,False,0,True,53,0,53,53,0,True,True,No exact RDKit implementation consistent with the CDK training definition; the repository's original CDK generator was used.,53,
Benchmark RF,MDEN-12,119,,False,0,False,0,True,53,0,53,53,0,True,True,No exact RDKit implementation consistent with the CDK training definition; the repository's original CDK generator was used.,53,
Benchmark RF,MDEN-13,120,,False,0,False,0,True,53,0,53,53,0,True,True,No exact RDKit implementation consistent with the CDK training definition; the repository's original CDK generator was used.,53,
Benchmark RF,MDEN-22,121,,False,0,False,0,True,53,0,53,53,0,True,True,No exact RDKit implementation consistent with the CDK training definition; the repository's original CDK generator was used.,53,
Benchmark RF,MDEN-23,122,,False,0,False,0,True,53,0,53,53,0,True,True,No exact RDKit implementation consistent with the CDK training definition; the repository's original CDK generator was used.,53,
Benchmark RF,MDEN-33,123,,False,0,False,0,True,53,0,53,53,0,True,True,No exact RDKit implementation consistent with the CDK training definition; the repository's original CDK generator was used.,53,
Benchmark RF,MLogP,124,,False,0,False,0,True,53,0,53,53,0,True,True,No exact RDKit implementation consistent with the CDK training definition; the repository's original CDK generator was used.,53,
Benchmark RF,topoShape,125,,False,0,False,0,True,53,0,53,53,0,True,True,No exact RDKit implementation consistent with the CDK training definition; the repository's original CDK generator was used.,53,
Benchmark RF,nRotB,126,nRotB,True,53,False,0,False,0,0,0,0,0,True,False,,0,Reused exact normalized column name from HuSkinDB.
Benchmark RF,LipinskiFailures,127,LipinskiFailures,True,53,False,0,False,0,0,0,0,0,True,False,,0,Reused exact normalized column name from HuSkinDB.
Benchmark RF,nAromRings,128,,False,0,True,53,False,0,0,53,0,0,True,False,,53,
Benchmark RF,nRingBlocks,129,,False,0,False,0,True,53,0,53,53,0,True,True,No exact RDKit implementation consistent with the CDK training definition; the repository's original CDK generator was used.,53,
Benchmark RF,nAromBlocks,130,,False,0,False,0,True,53,0,53,53,0,True,True,No exact RDKit implementation consistent with the CDK training definition; the repository's original CDK generator was used.,53,
Benchmark RF,nRings3,131,,False,0,True,53,False,0,0,53,0,0,True,False,,53,
Benchmark RF,nRings4,132,,False,0,True,53,False,0,0,53,0,0,True,False,,53,
Benchmark RF,nRings5,133,,False,0,True,53,False,0,0,53,0,0,True,False,,53,
Benchmark RF,nRings6,134,,False,0,True,53,False,0,0,53,0,0,True,False,,53,
Benchmark RF,nRings7,135,,False,0,True,53,False,0,0,53,0,0,True,False,,53,
Benchmark RF,nRings8,136,,False,0,True,53,False,0,0,53,0,0,True,False,,53,
Benchmark RF,nRings9,137,,False,0,True,53,False,0,0,53,0,0,True,False,,53,
Benchmark RF,TopoPSA,138,TopoPSA,True,53,False,0,False,0,0,0,0,0,True,False,,0,Reused exact normalized column name from HuSkinDB.
Benchmark RF,VAdjMat,139,,False,0,False,0,True,53,0,53,53,0,True,True,No exact RDKit implementation consistent with the CDK training definition; the repository's original CDK generator was used.,53,
Benchmark RF,WTPT-2,140,,False,0,False,0,True,53,0,53,53,0,True,True,No exact RDKit implementation consistent with the CDK training definition; the repository's original CDK generator was used.,53,
Benchmark RF,WTPT-3,141,,False,0,False,0,True,53,0,53,53,0,True,True,No exact RDKit implementation consistent with the CDK training definition; the repository's original CDK generator was used.,53,
Benchmark RF,WTPT-4,142,,False,0,False,0,True,53,0,53,53,0,True,True,No exact RDKit implementation consistent with the CDK training definition; the repository's original CDK generator was used.,53,
Benchmark RF,WTPT-5,143,,False,0,False,0,True,53,0,53,53,0,True,True,No exact RDKit implementation consistent with the CDK training definition; the repository's original CDK generator was used.,53,
Benchmark RF,WPATH,144,,False,0,False,0,True,53,0,53,53,0,True,True,No exact RDKit implementation consistent with the CDK training definition; the repository's original CDK generator was used.,53,
Benchmark RF,XLogP,145,,False,0,False,0,True,53,0,53,53,0,True,True,No exact RDKit implementation consistent with the CDK training definition; the repository's original CDK generator was used.,53,
Benchmark RF,Zagreb,146,,False,0,True,53,False,0,0,53,0,0,True,False,,53,
Benchmark ElasticNet,Texpi,1,,False,0,False,0,False,0,53,53,53,0,True,False,,53,Converted Celsius values to Kelvin; values already >=200 were treated as Kelvin.
Benchmark ElasticNet,ALogp2,2,,False,0,False,0,True,53,0,53,53,0,True,True,No exact RDKit implementation consistent with the CDK training definition; the repository's original CDK generator was used.,53,
Benchmark ElasticNet,nAcid,3,,False,0,False,0,True,53,0,53,53,0,True,True,No exact RDKit implementation consistent with the CDK training definition; the repository's original CDK generator was used.,53,
Benchmark ElasticNet,nAromBond,4,,False,0,False,0,True,53,0,53,53,0,True,True,No exact RDKit implementation consistent with the CDK training definition; the repository's original CDK generator was used.,53,
Benchmark ElasticNet,ATSc2,5,,False,0,False,0,True,53,0,53,53,0,True,True,No exact RDKit implementation consistent with the CDK training definition; the repository's original CDK generator was used.,53,
Benchmark ElasticNet,ATSc3,6,,False,0,False,0,True,53,0,53,53,0,True,True,No exact RDKit implementation consistent with the CDK training definition; the repository's original CDK generator was used.,53,
Benchmark ElasticNet,ATSc4,7,,False,0,False,0,True,53,0,53,53,0,True,True,No exact RDKit implementation consistent with the CDK training definition; the repository's original CDK generator was used.,53,
Benchmark ElasticNet,ATSc5,8,,False,0,False,0,True,53,0,53,53,0,True,True,No exact RDKit implementation consistent with the CDK training definition; the repository's original CDK generator was used.,53,
Benchmark ElasticNet,ATSm1,9,,False,0,False,0,True,53,0,53,53,0,True,True,No exact RDKit implementation consistent with the CDK training definition; the repository's original CDK generator was used.,53,
Benchmark ElasticNet,BCUTw-1l,10,,False,0,False,0,True,53,0,53,53,0,True,True,No exact RDKit implementation consistent with the CDK training definition; the repository's original CDK generator was used.,53,
Benchmark ElasticNet,BCUTw-1h,11,,False,0,False,0,True,53,0,53,53,0,True,True,No exact RDKit implementation consistent with the CDK training definition; the repository's original CDK generator was used.,53,
Benchmark ElasticNet,BCUTc-1l,12,,False,0,False,0,True,53,0,53,53,0,True,True,No exact RDKit implementation consistent with the CDK training definition; the repository's original CDK generator was used.,53,
Benchmark ElasticNet,BCUTc-1h,13,,False,0,False,0,True,53,0,53,53,0,True,True,No exact RDKit implementation consistent with the CDK training definition; the repository's original CDK generator was used.,53,
Benchmark ElasticNet,BCUTp-1l,14,,False,0,False,0,True,53,0,53,53,0,True,True,No exact RDKit implementation consistent with the CDK training definition; the repository's original CDK generator was used.,53,
Benchmark ElasticNet,BCUTp-1h,15,,False,0,False,0,True,53,0,53,53,0,True,True,No exact RDKit implementation consistent with the CDK training definition; the repository's original CDK generator was used.,53,
Benchmark ElasticNet,nBase,16,,False,0,False,0,True,53,0,53,53,0,True,True,No exact RDKit implementation consistent with the CDK training definition; the repository's original CDK generator was used.,53,
Benchmark ElasticNet,C2SP1,17,,False,0,False,0,True,53,0,53,53,0,True,True,No exact RDKit implementation consistent with the CDK training definition; the repository's original CDK generator was used.,53,
Benchmark ElasticNet,C1SP2,18,,False,0,False,0,True,53,0,53,53,0,True,True,No exact RDKit implementation consistent with the CDK training definition; the repository's original CDK generator was used.,53,
Benchmark ElasticNet,C2SP2,19,,False,0,False,0,True,53,0,53,53,0,True,True,No exact RDKit implementation consistent with the CDK training definition; the repository's original CDK generator was used.,53,
Benchmark ElasticNet,C3SP2,20,,False,0,False,0,True,53,0,53,53,0,True,True,No exact RDKit implementation consistent with the CDK training definition; the repository's original CDK generator was used.,53,
Benchmark ElasticNet,C1SP3,21,,False,0,False,0,True,53,0,53,53,0,True,True,No exact RDKit implementation consistent with the CDK training definition; the repository's original CDK generator was used.,53,
Benchmark ElasticNet,C2SP3,22,,False,0,False,0,True,53,0,53,53,0,True,True,No exact RDKit implementation consistent with the CDK training definition; the repository's original CDK generator was used.,53,
Benchmark ElasticNet,SC-4,23,,False,0,False,0,True,53,0,53,53,0,True,True,No exact RDKit implementation consistent with the CDK training definition; the repository's original CDK generator was used.,53,
Benchmark ElasticNet,FMF,24,,False,0,False,0,True,53,0,53,53,0,True,True,No exact RDKit implementation consistent with the CDK training definition; the repository's original CDK generator was used.,53,
Benchmark ElasticNet,nHBAcc,25,nHBAcc,True,53,False,0,False,0,0,0,0,0,True,False,,0,Reused exact normalized column name from HuSkinDB.
Benchmark ElasticNet,nHBDon,26,nHBDon,True,53,False,0,False,0,0,0,0,0,True,False,,0,Reused exact normalized column name from HuSkinDB.
Benchmark ElasticNet,HybRatio,27,,False,0,False,0,True,53,0,53,53,0,True,True,No exact RDKit implementation consistent with the CDK training definition; the repository's original CDK generator was used.,53,
Benchmark ElasticNet,JPLogP,28,,False,0,False,0,True,53,0,53,53,0,True,True,No exact RDKit implementation consistent with the CDK training definition; the repository's original CDK generator was used.,53,
Benchmark ElasticNet,Kier2,29,,False,0,False,0,True,53,0,53,53,0,True,True,No exact RDKit implementation consistent with the CDK training definition; the repository's original CDK generator was used.,53,
Benchmark ElasticNet,Kier3,30,,False,0,False,0,True,51,2,53,53,0,True,True,No exact RDKit implementation consistent with the CDK training definition; the repository's original CDK generator was used.,53,
Benchmark ElasticNet,khs.sLi,31,,False,0,True,53,False,0,0,53,0,0,True,False,,53,
Benchmark ElasticNet,khs.ssBe,32,,False,0,True,53,False,0,0,53,0,0,True,False,,53,
Benchmark ElasticNet,khs.ssBH,33,,False,0,True,53,False,0,0,53,0,0,True,False,,53,
Benchmark ElasticNet,khs.sssB,34,,False,0,True,53,False,0,0,53,0,0,True,False,,53,
Benchmark ElasticNet,khs.sCH3,35,,False,0,True,53,False,0,0,53,0,0,True,False,,53,
Benchmark ElasticNet,khs.dCH2,36,,False,0,True,53,False,0,0,53,0,0,True,False,,53,
Benchmark ElasticNet,khs.ssCH2,37,,False,0,False,0,True,53,0,53,53,0,True,True,No exact RDKit implementation consistent with the CDK training definition; the repository's original CDK generator was used.,53,
Benchmark ElasticNet,khs.tCH,38,,False,0,True,53,False,0,0,53,0,0,True,False,,53,
Benchmark ElasticNet,khs.dsCH,39,,False,0,True,53,False,0,0,53,0,0,True,False,,53,
Benchmark ElasticNet,khs.aaCH,40,,False,0,True,53,False,0,0,53,0,0,True,False,,53,
Benchmark ElasticNet,khs.sssCH,41,,False,0,True,53,False,0,0,53,0,0,True,False,,53,
Benchmark ElasticNet,khs.ddC,42,,False,0,True,53,False,0,0,53,0,0,True,False,,53,
Benchmark ElasticNet,khs.dssC,43,,False,0,True,53,False,0,0,53,0,0,True,False,,53,
Benchmark ElasticNet,khs.aasC,44,,False,0,True,53,False,0,0,53,0,0,True,False,,53,
Benchmark ElasticNet,khs.aaaC,45,,False,0,True,53,False,0,0,53,0,0,True,False,,53,
Benchmark ElasticNet,khs.sNH3,46,,False,0,True,53,False,0,0,53,0,0,True,False,,53,
Benchmark ElasticNet,khs.sNH2,47,,False,0,True,53,False,0,0,53,0,0,True,False,,53,
Benchmark ElasticNet,khs.ssNH2,48,,False,0,True,53,False,0,0,53,0,0,True,False,,53,
Benchmark ElasticNet,khs.dNH,49,,False,0,True,53,False,0,0,53,0,0,True,False,,53,
Benchmark ElasticNet,khs.ssNH,50,,False,0,True,53,False,0,0,53,0,0,True,False,,53,
Benchmark ElasticNet,khs.aaNH,51,,False,0,True,53,False,0,0,53,0,0,True,False,,53,
Benchmark ElasticNet,khs.tN,52,,False,0,True,53,False,0,0,53,0,0,True,False,,53,
Benchmark ElasticNet,khs.dsN,53,,False,0,True,53,False,0,0,53,0,0,True,False,,53,
Benchmark ElasticNet,khs.aaN,54,,False,0,True,53,False,0,0,53,0,0,True,False,,53,
Benchmark ElasticNet,khs.sssN,55,,False,0,True,53,False,0,0,53,0,0,True,False,,53,
Benchmark ElasticNet,khs.ddsN,56,,False,0,True,53,False,0,0,53,0,0,True,False,,53,
Benchmark ElasticNet,khs.aasN,57,,False,0,True,53,False,0,0,53,0,0,True,False,,53,
Benchmark ElasticNet,khs.ssssN,58,,False,0,True,53,False,0,0,53,0,0,True,False,,53,
Benchmark ElasticNet,khs.sOH,59,,False,0,False,0,True,53,0,53,53,0,True,True,No exact RDKit implementation consistent with the CDK training definition; the repository's original CDK generator was used.,53,
Benchmark ElasticNet,khs.dO,60,,False,0,True,53,False,0,0,53,0,0,True,False,,53,
Benchmark ElasticNet,khs.ssO,61,,False,0,True,53,False,0,0,53,0,0,True,False,,53,
Benchmark ElasticNet,khs.aaO,62,,False,0,True,53,False,0,0,53,0,0,True,False,,53,
Benchmark ElasticNet,khs.sF,63,,False,0,True,53,False,0,0,53,0,0,True,False,,53,
Benchmark ElasticNet,khs.sSiH3,64,,False,0,True,53,False,0,0,53,0,0,True,False,,53,
Benchmark ElasticNet,khs.ssSiH2,65,,False,0,True,53,False,0,0,53,0,0,True,False,,53,
Benchmark ElasticNet,khs.sssSiH,66,,False,0,True,53,False,0,0,53,0,0,True,False,,53,
Benchmark ElasticNet,khs.ssssSi,67,,False,0,True,53,False,0,0,53,0,0,True,False,,53,
Benchmark ElasticNet,khs.sPH2,68,,False,0,True,53,False,0,0,53,0,0,True,False,,53,
Benchmark ElasticNet,khs.ssPH,69,,False,0,True,53,False,0,0,53,0,0,True,False,,53,
Benchmark ElasticNet,khs.sssP,70,,False,0,True,53,False,0,0,53,0,0,True,False,,53,
Benchmark ElasticNet,khs.dsssP,71,,False,0,True,53,False,0,0,53,0,0,True,False,,53,
Benchmark ElasticNet,khs.sssssP,72,,False,0,True,53,False,0,0,53,0,0,True,False,,53,
Benchmark ElasticNet,khs.sSH,73,,False,0,True,53,False,0,0,53,0,0,True,False,,53,
Benchmark ElasticNet,khs.dS,74,,False,0,True,53,False,0,0,53,0,0,True,False,,53,
Benchmark ElasticNet,khs.ssS,75,,False,0,True,53,False,0,0,53,0,0,True,False,,53,
Benchmark ElasticNet,khs.aaS,76,,False,0,True,53,False,0,0,53,0,0,True,False,,53,
Benchmark ElasticNet,khs.dssS,77,,False,0,True,53,False,0,0,53,0,0,True,False,,53,
Benchmark ElasticNet,khs.ddssS,78,,False,0,True,53,False,0,0,53,0,0,True,False,,53,
Benchmark ElasticNet,khs.sCl,79,,False,0,True,53,False,0,0,53,0,0,True,False,,53,
Benchmark ElasticNet,khs.sGeH3,80,,False,0,True,53,False,0,0,53,0,0,True,False,,53,
Benchmark ElasticNet,khs.ssGeH2,81,,False,0,True,53,False,0,0,53,0,0,True,False,,53,
Benchmark ElasticNet,khs.sssGeH,82,,False,0,True,53,False,0,0,53,0,0,True,False,,53,
Benchmark ElasticNet,khs.ssssGe,83,,False,0,True,53,False,0,0,53,0,0,True,False,,53,
Benchmark ElasticNet,khs.sAsH2,84,,False,0,True,53,False,0,0,53,0,0,True,False,,53,
Benchmark ElasticNet,khs.ssAsH,85,,False,0,True,53,False,0,0,53,0,0,True,False,,53,
Benchmark ElasticNet,khs.sssAs,86,,False,0,True,53,False,0,0,53,0,0,True,False,,53,
Benchmark ElasticNet,khs.sssdAs,87,,False,0,True,53,False,0,0,53,0,0,True,False,,53,
Benchmark ElasticNet,khs.sssssAs,88,,False,0,True,53,False,0,0,53,0,0,True,False,,53,
Benchmark ElasticNet,khs.sSeH,89,,False,0,True,53,False,0,0,53,0,0,True,False,,53,
Benchmark ElasticNet,khs.dSe,90,,False,0,True,53,False,0,0,53,0,0,True,False,,53,
Benchmark ElasticNet,khs.ssSe,91,,False,0,True,53,False,0,0,53,0,0,True,False,,53,
Benchmark ElasticNet,khs.aaSe,92,,False,0,True,53,False,0,0,53,0,0,True,False,,53,
Benchmark ElasticNet,khs.dssSe,93,,False,0,True,53,False,0,0,53,0,0,True,False,,53,
Benchmark ElasticNet,khs.ddssSe,94,,False,0,True,53,False,0,0,53,0,0,True,False,,53,
Benchmark ElasticNet,khs.sBr,95,,False,0,True,53,False,0,0,53,0,0,True,False,,53,
Benchmark ElasticNet,khs.sSnH3,96,,False,0,True,53,False,0,0,53,0,0,True,False,,53,
Benchmark ElasticNet,khs.ssSnH2,97,,False,0,True,53,False,0,0,53,0,0,True,False,,53,
Benchmark ElasticNet,khs.sssSnH,98,,False,0,True,53,False,0,0,53,0,0,True,False,,53,
Benchmark ElasticNet,khs.ssssSn,99,,False,0,True,53,False,0,0,53,0,0,True,False,,53,
Benchmark ElasticNet,khs.sPbH3,100,,False,0,True,53,False,0,0,53,0,0,True,False,,53,
Benchmark ElasticNet,khs.ssPbH2,101,,False,0,True,53,False,0,0,53,0,0,True,False,,53,
Benchmark ElasticNet,khs.sssPbH,102,,False,0,True,53,False,0,0,53,0,0,True,False,,53,
Benchmark ElasticNet,khs.ssssPb,103,,False,0,True,53,False,0,0,53,0,0,True,False,,53,
Benchmark ElasticNet,nAtomLC,104,,False,0,False,0,True,53,0,53,53,0,True,True,No exact RDKit implementation consistent with the CDK training definition; the repository's original CDK generator was used.,53,
Benchmark ElasticNet,nAtomP,105,,False,0,False,0,True,53,0,53,53,0,True,True,No exact RDKit implementation consistent with the CDK training definition; the repository's original CDK generator was used.,53,
Benchmark ElasticNet,nAtomLAC,106,,False,0,False,0,True,53,0,53,53,0,True,True,No exact RDKit implementation consistent with the CDK training definition; the repository's original CDK generator was used.,53,
Benchmark ElasticNet,MDEC-11,107,,False,0,False,0,True,53,0,53,53,0,True,True,No exact RDKit implementation consistent with the CDK training definition; the repository's original CDK generator was used.,53,
Benchmark ElasticNet,MDEC-12,108,,False,0,False,0,True,53,0,53,53,0,True,True,No exact RDKit implementation consistent with the CDK training definition; the repository's original CDK generator was used.,53,
Benchmark ElasticNet,MDEC-13,109,,False,0,False,0,True,53,0,53,53,0,True,True,No exact RDKit implementation consistent with the CDK training definition; the repository's original CDK generator was used.,53,
Benchmark ElasticNet,MDEC-14,110,,False,0,False,0,True,53,0,53,53,0,True,True,No exact RDKit implementation consistent with the CDK training definition; the repository's original CDK generator was used.,53,
Benchmark ElasticNet,MDEC-22,111,,False,0,False,0,True,53,0,53,53,0,True,True,No exact RDKit implementation consistent with the CDK training definition; the repository's original CDK generator was used.,53,
Benchmark ElasticNet,MDEC-33,112,,False,0,False,0,True,53,0,53,53,0,True,True,No exact RDKit implementation consistent with the CDK training definition; the repository's original CDK generator was used.,53,
Benchmark ElasticNet,MDEC-34,113,,False,0,False,0,True,53,0,53,53,0,True,True,No exact RDKit implementation consistent with the CDK training definition; the repository's original CDK generator was used.,53,
Benchmark ElasticNet,MDEC-44,114,,False,0,False,0,True,53,0,53,53,0,True,True,No exact RDKit implementation consistent with the CDK training definition; the repository's original CDK generator was used.,53,
Benchmark ElasticNet,MDEO-11,115,,False,0,False,0,True,53,0,53,53,0,True,True,No exact RDKit implementation consistent with the CDK training definition; the repository's original CDK generator was used.,53,
Benchmark ElasticNet,MDEO-12,116,,False,0,False,0,True,53,0,53,53,0,True,True,No exact RDKit implementation consistent with the CDK training definition; the repository's original CDK generator was used.,53,
Benchmark ElasticNet,MDEO-22,117,,False,0,False,0,True,53,0,53,53,0,True,True,No exact RDKit implementation consistent with the CDK training definition; the repository's original CDK generator was used.,53,
Benchmark ElasticNet,MDEN-11,118,,False,0,False,0,True,53,0,53,53,0,True,True,No exact RDKit implementation consistent with the CDK training definition; the repository's original CDK generator was used.,53,
Benchmark ElasticNet,MDEN-12,119,,False,0,False,0,True,53,0,53,53,0,True,True,No exact RDKit implementation consistent with the CDK training definition; the repository's original CDK generator was used.,53,
Benchmark ElasticNet,MDEN-13,120,,False,0,False,0,True,53,0,53,53,0,True,True,No exact RDKit implementation consistent with the CDK training definition; the repository's original CDK generator was used.,53,
Benchmark ElasticNet,MDEN-22,121,,False,0,False,0,True,53,0,53,53,0,True,True,No exact RDKit implementation consistent with the CDK training definition; the repository's original CDK generator was used.,53,
Benchmark ElasticNet,MDEN-23,122,,False,0,False,0,True,53,0,53,53,0,True,True,No exact RDKit implementation consistent with the CDK training definition; the repository's original CDK generator was used.,53,
Benchmark ElasticNet,MDEN-33,123,,False,0,False,0,True,53,0,53,53,0,True,True,No exact RDKit implementation consistent with the CDK training definition; the repository's original CDK generator was used.,53,
Benchmark ElasticNet,MLogP,124,,False,0,False,0,True,53,0,53,53,0,True,True,No exact RDKit implementation consistent with the CDK training definition; the repository's original CDK generator was used.,53,
Benchmark ElasticNet,topoShape,125,,False,0,False,0,True,53,0,53,53,0,True,True,No exact RDKit implementation consistent with the CDK training definition; the repository's original CDK generator was used.,53,
Benchmark ElasticNet,nRotB,126,nRotB,True,53,False,0,False,0,0,0,0,0,True,False,,0,Reused exact normalized column name from HuSkinDB.
Benchmark ElasticNet,LipinskiFailures,127,LipinskiFailures,True,53,False,0,False,0,0,0,0,0,True,False,,0,Reused exact normalized column name from HuSkinDB.
Benchmark ElasticNet,nAromRings,128,,False,0,True,53,False,0,0,53,0,0,True,False,,53,
Benchmark ElasticNet,nRingBlocks,129,,False,0,False,0,True,53,0,53,53,0,True,True,No exact RDKit implementation consistent with the CDK training definition; the repository's original CDK generator was used.,53,
Benchmark ElasticNet,nAromBlocks,130,,False,0,False,0,True,53,0,53,53,0,True,True,No exact RDKit implementation consistent with the CDK training definition; the repository's original CDK generator was used.,53,
Benchmark ElasticNet,nRings3,131,,False,0,True,53,False,0,0,53,0,0,True,False,,53,
Benchmark ElasticNet,nRings4,132,,False,0,True,53,False,0,0,53,0,0,True,False,,53,
Benchmark ElasticNet,nRings5,133,,False,0,True,53,False,0,0,53,0,0,True,False,,53,
Benchmark ElasticNet,nRings6,134,,False,0,True,53,False,0,0,53,0,0,True,False,,53,
Benchmark ElasticNet,nRings7,135,,False,0,True,53,False,0,0,53,0,0,True,False,,53,
Benchmark ElasticNet,nRings8,136,,False,0,True,53,False,0,0,53,0,0,True,False,,53,
Benchmark ElasticNet,nRings9,137,,False,0,True,53,False,0,0,53,0,0,True,False,,53,
Benchmark ElasticNet,TopoPSA,138,TopoPSA,True,53,False,0,False,0,0,0,0,0,True,False,,0,Reused exact normalized column name from HuSkinDB.
Benchmark ElasticNet,VAdjMat,139,,False,0,False,0,True,53,0,53,53,0,True,True,No exact RDKit implementation consistent with the CDK training definition; the repository's original CDK generator was used.,53,
Benchmark ElasticNet,WTPT-2,140,,False,0,False,0,True,53,0,53,53,0,True,True,No exact RDKit implementation consistent with the CDK training definition; the repository's original CDK generator was used.,53,
Benchmark ElasticNet,WTPT-3,141,,False,0,False,0,True,53,0,53,53,0,True,True,No exact RDKit implementation consistent with the CDK training definition; the repository's original CDK generator was used.,53,
Benchmark ElasticNet,WTPT-4,142,,False,0,False,0,True,53,0,53,53,0,True,True,No exact RDKit implementation consistent with the CDK training definition; the repository's original CDK generator was used.,53,
Benchmark ElasticNet,WTPT-5,143,,False,0,False,0,True,53,0,53,53,0,True,True,No exact RDKit implementation consistent with the CDK training definition; the repository's original CDK generator was used.,53,
Benchmark ElasticNet,WPATH,144,,False,0,False,0,True,53,0,53,53,0,True,True,No exact RDKit implementation consistent with the CDK training definition; the repository's original CDK generator was used.,53,
Benchmark ElasticNet,XLogP,145,,False,0,False,0,True,53,0,53,53,0,True,True,No exact RDKit implementation consistent with the CDK training definition; the repository's original CDK generator was used.,53,
Benchmark ElasticNet,Zagreb,146,,False,0,True,53,False,0,0,53,0,0,True,False,,53,
Benchmark Stacking Regressor,Texpi,1,,False,0,False,0,False,0,53,53,53,0,True,False,,53,Converted Celsius values to Kelvin; values already >=200 were treated as Kelvin.
Benchmark Stacking Regressor,ALogp2,2,,False,0,False,0,True,53,0,53,53,0,True,True,No exact RDKit implementation consistent with the CDK training definition; the repository's original CDK generator was used.,53,
Benchmark Stacking Regressor,nAcid,3,,False,0,False,0,True,53,0,53,53,0,True,True,No exact RDKit implementation consistent with the CDK training definition; the repository's original CDK generator was used.,53,
Benchmark Stacking Regressor,nAromBond,4,,False,0,False,0,True,53,0,53,53,0,True,True,No exact RDKit implementation consistent with the CDK training definition; the repository's original CDK generator was used.,53,
Benchmark Stacking Regressor,ATSc2,5,,False,0,False,0,True,53,0,53,53,0,True,True,No exact RDKit implementation consistent with the CDK training definition; the repository's original CDK generator was used.,53,
Benchmark Stacking Regressor,ATSc3,6,,False,0,False,0,True,53,0,53,53,0,True,True,No exact RDKit implementation consistent with the CDK training definition; the repository's original CDK generator was used.,53,
Benchmark Stacking Regressor,ATSc4,7,,False,0,False,0,True,53,0,53,53,0,True,True,No exact RDKit implementation consistent with the CDK training definition; the repository's original CDK generator was used.,53,
Benchmark Stacking Regressor,ATSc5,8,,False,0,False,0,True,53,0,53,53,0,True,True,No exact RDKit implementation consistent with the CDK training definition; the repository's original CDK generator was used.,53,
Benchmark Stacking Regressor,ATSm1,9,,False,0,False,0,True,53,0,53,53,0,True,True,No exact RDKit implementation consistent with the CDK training definition; the repository's original CDK generator was used.,53,
Benchmark Stacking Regressor,BCUTw-1l,10,,False,0,False,0,True,53,0,53,53,0,True,True,No exact RDKit implementation consistent with the CDK training definition; the repository's original CDK generator was used.,53,
Benchmark Stacking Regressor,BCUTw-1h,11,,False,0,False,0,True,53,0,53,53,0,True,True,No exact RDKit implementation consistent with the CDK training definition; the repository's original CDK generator was used.,53,
Benchmark Stacking Regressor,BCUTc-1l,12,,False,0,False,0,True,53,0,53,53,0,True,True,No exact RDKit implementation consistent with the CDK training definition; the repository's original CDK generator was used.,53,
Benchmark Stacking Regressor,BCUTc-1h,13,,False,0,False,0,True,53,0,53,53,0,True,True,No exact RDKit implementation consistent with the CDK training definition; the repository's original CDK generator was used.,53,
Benchmark Stacking Regressor,BCUTp-1l,14,,False,0,False,0,True,53,0,53,53,0,True,True,No exact RDKit implementation consistent with the CDK training definition; the repository's original CDK generator was used.,53,
Benchmark Stacking Regressor,BCUTp-1h,15,,False,0,False,0,True,53,0,53,53,0,True,True,No exact RDKit implementation consistent with the CDK training definition; the repository's original CDK generator was used.,53,
Benchmark Stacking Regressor,nBase,16,,False,0,False,0,True,53,0,53,53,0,True,True,No exact RDKit implementation consistent with the CDK training definition; the repository's original CDK generator was used.,53,
Benchmark Stacking Regressor,C2SP1,17,,False,0,False,0,True,53,0,53,53,0,True,True,No exact RDKit implementation consistent with the CDK training definition; the repository's original CDK generator was used.,53,
Benchmark Stacking Regressor,C1SP2,18,,False,0,False,0,True,53,0,53,53,0,True,True,No exact RDKit implementation consistent with the CDK training definition; the repository's original CDK generator was used.,53,
Benchmark Stacking Regressor,C2SP2,19,,False,0,False,0,True,53,0,53,53,0,True,True,No exact RDKit implementation consistent with the CDK training definition; the repository's original CDK generator was used.,53,
Benchmark Stacking Regressor,C3SP2,20,,False,0,False,0,True,53,0,53,53,0,True,True,No exact RDKit implementation consistent with the CDK training definition; the repository's original CDK generator was used.,53,
Benchmark Stacking Regressor,C1SP3,21,,False,0,False,0,True,53,0,53,53,0,True,True,No exact RDKit implementation consistent with the CDK training definition; the repository's original CDK generator was used.,53,
Benchmark Stacking Regressor,C2SP3,22,,False,0,False,0,True,53,0,53,53,0,True,True,No exact RDKit implementation consistent with the CDK training definition; the repository's original CDK generator was used.,53,
Benchmark Stacking Regressor,SC-4,23,,False,0,False,0,True,53,0,53,53,0,True,True,No exact RDKit implementation consistent with the CDK training definition; the repository's original CDK generator was used.,53,
Benchmark Stacking Regressor,FMF,24,,False,0,False,0,True,53,0,53,53,0,True,True,No exact RDKit implementation consistent with the CDK training definition; the repository's original CDK generator was used.,53,
Benchmark Stacking Regressor,nHBAcc,25,nHBAcc,True,53,False,0,False,0,0,0,0,0,True,False,,0,Reused exact normalized column name from HuSkinDB.
Benchmark Stacking Regressor,nHBDon,26,nHBDon,True,53,False,0,False,0,0,0,0,0,True,False,,0,Reused exact normalized column name from HuSkinDB.
Benchmark Stacking Regressor,HybRatio,27,,False,0,False,0,True,53,0,53,53,0,True,True,No exact RDKit implementation consistent with the CDK training definition; the repository's original CDK generator was used.,53,
Benchmark Stacking Regressor,JPLogP,28,,False,0,False,0,True,53,0,53,53,0,True,True,No exact RDKit implementation consistent with the CDK training definition; the repository's original CDK generator was used.,53,
Benchmark Stacking Regressor,Kier2,29,,False,0,False,0,True,53,0,53,53,0,True,True,No exact RDKit implementation consistent with the CDK training definition; the repository's original CDK generator was used.,53,
Benchmark Stacking Regressor,Kier3,30,,False,0,False,0,True,51,2,53,53,0,True,True,No exact RDKit implementation consistent with the CDK training definition; the repository's original CDK generator was used.,53,
Benchmark Stacking Regressor,khs.sLi,31,,False,0,True,53,False,0,0,53,0,0,True,False,,53,
Benchmark Stacking Regressor,khs.ssBe,32,,False,0,True,53,False,0,0,53,0,0,True,False,,53,
Benchmark Stacking Regressor,khs.ssBH,33,,False,0,True,53,False,0,0,53,0,0,True,False,,53,
Benchmark Stacking Regressor,khs.sssB,34,,False,0,True,53,False,0,0,53,0,0,True,False,,53,
Benchmark Stacking Regressor,khs.sCH3,35,,False,0,True,53,False,0,0,53,0,0,True,False,,53,
Benchmark Stacking Regressor,khs.dCH2,36,,False,0,True,53,False,0,0,53,0,0,True,False,,53,
Benchmark Stacking Regressor,khs.ssCH2,37,,False,0,False,0,True,53,0,53,53,0,True,True,No exact RDKit implementation consistent with the CDK training definition; the repository's original CDK generator was used.,53,
Benchmark Stacking Regressor,khs.tCH,38,,False,0,True,53,False,0,0,53,0,0,True,False,,53,
Benchmark Stacking Regressor,khs.dsCH,39,,False,0,True,53,False,0,0,53,0,0,True,False,,53,
Benchmark Stacking Regressor,khs.aaCH,40,,False,0,True,53,False,0,0,53,0,0,True,False,,53,
Benchmark Stacking Regressor,khs.sssCH,41,,False,0,True,53,False,0,0,53,0,0,True,False,,53,
Benchmark Stacking Regressor,khs.ddC,42,,False,0,True,53,False,0,0,53,0,0,True,False,,53,
Benchmark Stacking Regressor,khs.dssC,43,,False,0,True,53,False,0,0,53,0,0,True,False,,53,
Benchmark Stacking Regressor,khs.aasC,44,,False,0,True,53,False,0,0,53,0,0,True,False,,53,
Benchmark Stacking Regressor,khs.aaaC,45,,False,0,True,53,False,0,0,53,0,0,True,False,,53,
Benchmark Stacking Regressor,khs.sNH3,46,,False,0,True,53,False,0,0,53,0,0,True,False,,53,
Benchmark Stacking Regressor,khs.sNH2,47,,False,0,True,53,False,0,0,53,0,0,True,False,,53,
Benchmark Stacking Regressor,khs.ssNH2,48,,False,0,True,53,False,0,0,53,0,0,True,False,,53,
Benchmark Stacking Regressor,khs.dNH,49,,False,0,True,53,False,0,0,53,0,0,True,False,,53,
Benchmark Stacking Regressor,khs.ssNH,50,,False,0,True,53,False,0,0,53,0,0,True,False,,53,
Benchmark Stacking Regressor,khs.aaNH,51,,False,0,True,53,False,0,0,53,0,0,True,False,,53,
Benchmark Stacking Regressor,khs.tN,52,,False,0,True,53,False,0,0,53,0,0,True,False,,53,
Benchmark Stacking Regressor,khs.dsN,53,,False,0,True,53,False,0,0,53,0,0,True,False,,53,
Benchmark Stacking Regressor,khs.aaN,54,,False,0,True,53,False,0,0,53,0,0,True,False,,53,
Benchmark Stacking Regressor,khs.sssN,55,,False,0,True,53,False,0,0,53,0,0,True,False,,53,
Benchmark Stacking Regressor,khs.ddsN,56,,False,0,True,53,False,0,0,53,0,0,True,False,,53,
Benchmark Stacking Regressor,khs.aasN,57,,False,0,True,53,False,0,0,53,0,0,True,False,,53,
Benchmark Stacking Regressor,khs.ssssN,58,,False,0,True,53,False,0,0,53,0,0,True,False,,53,
Benchmark Stacking Regressor,khs.sOH,59,,False,0,False,0,True,53,0,53,53,0,True,True,No exact RDKit implementation consistent with the CDK training definition; the repository's original CDK generator was used.,53,
Benchmark Stacking Regressor,khs.dO,60,,False,0,True,53,False,0,0,53,0,0,True,False,,53,
Benchmark Stacking Regressor,khs.ssO,61,,False,0,True,53,False,0,0,53,0,0,True,False,,53,
Benchmark Stacking Regressor,khs.aaO,62,,False,0,True,53,False,0,0,53,0,0,True,False,,53,
Benchmark Stacking Regressor,khs.sF,63,,False,0,True,53,False,0,0,53,0,0,True,False,,53,
Benchmark Stacking Regressor,khs.sSiH3,64,,False,0,True,53,False,0,0,53,0,0,True,False,,53,
Benchmark Stacking Regressor,khs.ssSiH2,65,,False,0,True,53,False,0,0,53,0,0,True,False,,53,
Benchmark Stacking Regressor,khs.sssSiH,66,,False,0,True,53,False,0,0,53,0,0,True,False,,53,
Benchmark Stacking Regressor,khs.ssssSi,67,,False,0,True,53,False,0,0,53,0,0,True,False,,53,
Benchmark Stacking Regressor,khs.sPH2,68,,False,0,True,53,False,0,0,53,0,0,True,False,,53,
Benchmark Stacking Regressor,khs.ssPH,69,,False,0,True,53,False,0,0,53,0,0,True,False,,53,
Benchmark Stacking Regressor,khs.sssP,70,,False,0,True,53,False,0,0,53,0,0,True,False,,53,
Benchmark Stacking Regressor,khs.dsssP,71,,False,0,True,53,False,0,0,53,0,0,True,False,,53,
Benchmark Stacking Regressor,khs.sssssP,72,,False,0,True,53,False,0,0,53,0,0,True,False,,53,
Benchmark Stacking Regressor,khs.sSH,73,,False,0,True,53,False,0,0,53,0,0,True,False,,53,
Benchmark Stacking Regressor,khs.dS,74,,False,0,True,53,False,0,0,53,0,0,True,False,,53,
Benchmark Stacking Regressor,khs.ssS,75,,False,0,True,53,False,0,0,53,0,0,True,False,,53,
Benchmark Stacking Regressor,khs.aaS,76,,False,0,True,53,False,0,0,53,0,0,True,False,,53,
Benchmark Stacking Regressor,khs.dssS,77,,False,0,True,53,False,0,0,53,0,0,True,False,,53,
Benchmark Stacking Regressor,khs.ddssS,78,,False,0,True,53,False,0,0,53,0,0,True,False,,53,
Benchmark Stacking Regressor,khs.sCl,79,,False,0,True,53,False,0,0,53,0,0,True,False,,53,
Benchmark Stacking Regressor,khs.sGeH3,80,,False,0,True,53,False,0,0,53,0,0,True,False,,53,
Benchmark Stacking Regressor,khs.ssGeH2,81,,False,0,True,53,False,0,0,53,0,0,True,False,,53,
Benchmark Stacking Regressor,khs.sssGeH,82,,False,0,True,53,False,0,0,53,0,0,True,False,,53,
Benchmark Stacking Regressor,khs.ssssGe,83,,False,0,True,53,False,0,0,53,0,0,True,False,,53,
Benchmark Stacking Regressor,khs.sAsH2,84,,False,0,True,53,False,0,0,53,0,0,True,False,,53,
Benchmark Stacking Regressor,khs.ssAsH,85,,False,0,True,53,False,0,0,53,0,0,True,False,,53,
Benchmark Stacking Regressor,khs.sssAs,86,,False,0,True,53,False,0,0,53,0,0,True,False,,53,
Benchmark Stacking Regressor,khs.sssdAs,87,,False,0,True,53,False,0,0,53,0,0,True,False,,53,
Benchmark Stacking Regressor,khs.sssssAs,88,,False,0,True,53,False,0,0,53,0,0,True,False,,53,
Benchmark Stacking Regressor,khs.sSeH,89,,False,0,True,53,False,0,0,53,0,0,True,False,,53,
Benchmark Stacking Regressor,khs.dSe,90,,False,0,True,53,False,0,0,53,0,0,True,False,,53,
Benchmark Stacking Regressor,khs.ssSe,91,,False,0,True,53,False,0,0,53,0,0,True,False,,53,
Benchmark Stacking Regressor,khs.aaSe,92,,False,0,True,53,False,0,0,53,0,0,True,False,,53,
Benchmark Stacking Regressor,khs.dssSe,93,,False,0,True,53,False,0,0,53,0,0,True,False,,53,
Benchmark Stacking Regressor,khs.ddssSe,94,,False,0,True,53,False,0,0,53,0,0,True,False,,53,
Benchmark Stacking Regressor,khs.sBr,95,,False,0,True,53,False,0,0,53,0,0,True,False,,53,
Benchmark Stacking Regressor,khs.sSnH3,96,,False,0,True,53,False,0,0,53,0,0,True,False,,53,
Benchmark Stacking Regressor,khs.ssSnH2,97,,False,0,True,53,False,0,0,53,0,0,True,False,,53,
Benchmark Stacking Regressor,khs.sssSnH,98,,False,0,True,53,False,0,0,53,0,0,True,False,,53,
Benchmark Stacking Regressor,khs.ssssSn,99,,False,0,True,53,False,0,0,53,0,0,True,False,,53,
Benchmark Stacking Regressor,khs.sPbH3,100,,False,0,True,53,False,0,0,53,0,0,True,False,,53,
Benchmark Stacking Regressor,khs.ssPbH2,101,,False,0,True,53,False,0,0,53,0,0,True,False,,53,
Benchmark Stacking Regressor,khs.sssPbH,102,,False,0,True,53,False,0,0,53,0,0,True,False,,53,
Benchmark Stacking Regressor,khs.ssssPb,103,,False,0,True,53,False,0,0,53,0,0,True,False,,53,
Benchmark Stacking Regressor,nAtomLC,104,,False,0,False,0,True,53,0,53,53,0,True,True,No exact RDKit implementation consistent with the CDK training definition; the repository's original CDK generator was used.,53,
Benchmark Stacking Regressor,nAtomP,105,,False,0,False,0,True,53,0,53,53,0,True,True,No exact RDKit implementation consistent with the CDK training definition; the repository's original CDK generator was used.,53,
Benchmark Stacking Regressor,nAtomLAC,106,,False,0,False,0,True,53,0,53,53,0,True,True,No exact RDKit implementation consistent with the CDK training definition; the repository's original CDK generator was used.,53,
Benchmark Stacking Regressor,MDEC-11,107,,False,0,False,0,True,53,0,53,53,0,True,True,No exact RDKit implementation consistent with the CDK training definition; the repository's original CDK generator was used.,53,
Benchmark Stacking Regressor,MDEC-12,108,,False,0,False,0,True,53,0,53,53,0,True,True,No exact RDKit implementation consistent with the CDK training definition; the repository's original CDK generator was used.,53,
Benchmark Stacking Regressor,MDEC-13,109,,False,0,False,0,True,53,0,53,53,0,True,True,No exact RDKit implementation consistent with the CDK training definition; the repository's original CDK generator was used.,53,
Benchmark Stacking Regressor,MDEC-14,110,,False,0,False,0,True,53,0,53,53,0,True,True,No exact RDKit implementation consistent with the CDK training definition; the repository's original CDK generator was used.,53,
Benchmark Stacking Regressor,MDEC-22,111,,False,0,False,0,True,53,0,53,53,0,True,True,No exact RDKit implementation consistent with the CDK training definition; the repository's original CDK generator was used.,53,
Benchmark Stacking Regressor,MDEC-33,112,,False,0,False,0,True,53,0,53,53,0,True,True,No exact RDKit implementation consistent with the CDK training definition; the repository's original CDK generator was used.,53,
Benchmark Stacking Regressor,MDEC-34,113,,False,0,False,0,True,53,0,53,53,0,True,True,No exact RDKit implementation consistent with the CDK training definition; the repository's original CDK generator was used.,53,
Benchmark Stacking Regressor,MDEC-44,114,,False,0,False,0,True,53,0,53,53,0,True,True,No exact RDKit implementation consistent with the CDK training definition; the repository's original CDK generator was used.,53,
Benchmark Stacking Regressor,MDEO-11,115,,False,0,False,0,True,53,0,53,53,0,True,True,No exact RDKit implementation consistent with the CDK training definition; the repository's original CDK generator was used.,53,
Benchmark Stacking Regressor,MDEO-12,116,,False,0,False,0,True,53,0,53,53,0,True,True,No exact RDKit implementation consistent with the CDK training definition; the repository's original CDK generator was used.,53,
Benchmark Stacking Regressor,MDEO-22,117,,False,0,False,0,True,53,0,53,53,0,True,True,No exact RDKit implementation consistent with the CDK training definition; the repository's original CDK generator was used.,53,
Benchmark Stacking Regressor,MDEN-11,118,,False,0,False,0,True,53,0,53,53,0,True,True,No exact RDKit implementation consistent with the CDK training definition; the repository's original CDK generator was used.,53,
Benchmark Stacking Regressor,MDEN-12,119,,False,0,False,0,True,53,0,53,53,0,True,True,No exact RDKit implementation consistent with the CDK training definition; the repository's original CDK generator was used.,53,
Benchmark Stacking Regressor,MDEN-13,120,,False,0,False,0,True,53,0,53,53,0,True,True,No exact RDKit implementation consistent with the CDK training definition; the repository's original CDK generator was used.,53,
Benchmark Stacking Regressor,MDEN-22,121,,False,0,False,0,True,53,0,53,53,0,True,True,No exact RDKit implementation consistent with the CDK training definition; the repository's original CDK generator was used.,53,
Benchmark Stacking Regressor,MDEN-23,122,,False,0,False,0,True,53,0,53,53,0,True,True,No exact RDKit implementation consistent with the CDK training definition; the repository's original CDK generator was used.,53,
Benchmark Stacking Regressor,MDEN-33,123,,False,0,False,0,True,53,0,53,53,0,True,True,No exact RDKit implementation consistent with the CDK training definition; the repository's original CDK generator was used.,53,
Benchmark Stacking Regressor,MLogP,124,,False,0,False,0,True,53,0,53,53,0,True,True,No exact RDKit implementation consistent with the CDK training definition; the repository's original CDK generator was used.,53,
Benchmark Stacking Regressor,topoShape,125,,False,0,False,0,True,53,0,53,53,0,True,True,No exact RDKit implementation consistent with the CDK training definition; the repository's original CDK generator was used.,53,
Benchmark Stacking Regressor,nRotB,126,nRotB,True,53,False,0,False,0,0,0,0,0,True,False,,0,Reused exact normalized column name from HuSkinDB.
Benchmark Stacking Regressor,LipinskiFailures,127,LipinskiFailures,True,53,False,0,False,0,0,0,0,0,True,False,,0,Reused exact normalized column name from HuSkinDB.
Benchmark Stacking Regressor,nAromRings,128,,False,0,True,53,False,0,0,53,0,0,True,False,,53,
Benchmark Stacking Regressor,nRingBlocks,129,,False,0,False,0,True,53,0,53,53,0,True,True,No exact RDKit implementation consistent with the CDK training definition; the repository's original CDK generator was used.,53,
Benchmark Stacking Regressor,nAromBlocks,130,,False,0,False,0,True,53,0,53,53,0,True,True,No exact RDKit implementation consistent with the CDK training definition; the repository's original CDK generator was used.,53,
Benchmark Stacking Regressor,nRings3,131,,False,0,True,53,False,0,0,53,0,0,True,False,,53,
Benchmark Stacking Regressor,nRings4,132,,False,0,True,53,False,0,0,53,0,0,True,False,,53,
Benchmark Stacking Regressor,nRings5,133,,False,0,True,53,False,0,0,53,0,0,True,False,,53,
Benchmark Stacking Regressor,nRings6,134,,False,0,True,53,False,0,0,53,0,0,True,False,,53,
Benchmark Stacking Regressor,nRings7,135,,False,0,True,53,False,0,0,53,0,0,True,False,,53,
Benchmark Stacking Regressor,nRings8,136,,False,0,True,53,False,0,0,53,0,0,True,False,,53,
Benchmark Stacking Regressor,nRings9,137,,False,0,True,53,False,0,0,53,0,0,True,False,,53,
Benchmark Stacking Regressor,TopoPSA,138,TopoPSA,True,53,False,0,False,0,0,0,0,0,True,False,,0,Reused exact normalized column name from HuSkinDB.
Benchmark Stacking Regressor,VAdjMat,139,,False,0,False,0,True,53,0,53,53,0,True,True,No exact RDKit implementation consistent with the CDK training definition; the repository's original CDK generator was used.,53,
Benchmark Stacking Regressor,WTPT-2,140,,False,0,False,0,True,53,0,53,53,0,True,True,No exact RDKit implementation consistent with the CDK training definition; the repository's original CDK generator was used.,53,
Benchmark Stacking Regressor,WTPT-3,141,,False,0,False,0,True,53,0,53,53,0,True,True,No exact RDKit implementation consistent with the CDK training definition; the repository's original CDK generator was used.,53,
Benchmark Stacking Regressor,WTPT-4,142,,False,0,False,0,True,53,0,53,53,0,True,True,No exact RDKit implementation consistent with the CDK training definition; the repository's original CDK generator was used.,53,
Benchmark Stacking Regressor,WTPT-5,143,,False,0,False,0,True,53,0,53,53,0,True,True,No exact RDKit implementation consistent with the CDK training definition; the repository's original CDK generator was used.,53,
Benchmark Stacking Regressor,WPATH,144,,False,0,False,0,True,53,0,53,53,0,True,True,No exact RDKit implementation consistent with the CDK training definition; the repository's original CDK generator was used.,53,
Benchmark Stacking Regressor,XLogP,145,,False,0,False,0,True,53,0,53,53,0,True,True,No exact RDKit implementation consistent with the CDK training definition; the repository's original CDK generator was used.,53,
Benchmark Stacking Regressor,Zagreb,146,,False,0,True,53,False,0,0,53,0,0,True,False,,53,
