Variability_Rank,Compound_Name,Canonical_SMILES,SMILES_Values,All_Measurements,Selected_Measurements,Excluded_Measurements,Selection_Coverage_Percent,Variability_Band,Experimental_All_Min,Experimental_All_Max,Experimental_All_Mean,Experimental_All_Median,Experimental_All_SD,Experimental_All_IQR,Experimental_All_Range,Experimental_All_Fold_Range_Kp,Experimental_Selected_Min,Experimental_Selected_Max,Experimental_Selected_Mean,Experimental_Selected_Median,Experimental_Selected_SD,Experimental_Selected_IQR,Experimental_Selected_Range,Prediction_All_Min,Prediction_All_Max,Prediction_All_Mean,Prediction_All_Median,Prediction_All_SD,Prediction_All_IQR,Prediction_All_Range,Prediction_All_Unique_Count,Prediction_Selected_Min,Prediction_Selected_Max,Prediction_Selected_Mean,Prediction_Selected_Median,Prediction_Selected_SD,Prediction_Selected_IQR,Prediction_Selected_Range,Prediction_Selected_Unique_Count,Absolute_Error_Selected_Min,Absolute_Error_Selected_Max,Absolute_Error_Selected_Mean,Condition_Combinations_All,Condition_Combinations_Selected,Donor_Surface_Temperatures_All,Donor_Surface_Temperatures_Selected,References_All,References_Selected,Reference_Count_All,Reference_Count_Selected,DOIs_All,DOIs_Selected,DOI_Count_All,DOI_Count_Selected
1,1-Nonanol,CCCCCCCCCO,CCCCCCCCCO,3,1,2,33.33333333,High (>1.0 log unit),-9.07900000,-1.77800000,-5.21166667,-4.77800000,3.66976843,3.65050000,7.30100000,19998618.69632745,-4.77800000,-4.77800000,-4.77800000,-4.77800000,,0.00000000,0.00000000,-4.89277587,-4.82738482,-4.84918184,-4.82738482,0.03775354,0.03269552,0.06539105,2,-4.82738482,-4.82738482,-4.82738482,-4.82738482,,0.00000000,0.00000000,1,0.04938482,0.04938482,0.04938482,3,1,25,25,"Scheuplein, 1971 || Scheuplein, 1973","Scheuplein, 1973",2,1,10.1152/physrev.1971.51.4.702 || 10.1111/1523-1747.ep12723090,10.1111/1523-1747.ep12723090,2,1
2,Water,O,O,15,9,6,60.00000000,High (>1.0 log unit),-9.58800000,-2.80700000,-6.35420000,-6.43800000,1.36660054,0.29000000,6.78100000,6039486.29376378,-6.70700000,-6.32300000,-6.49311111,-6.43800000,0.12086195,0.17100000,0.38400000,-6.12423617,-6.12372863,-6.12420233,-6.12423617,0.00013104,0.00000000,0.00050753,2,-6.12423617,-6.12423617,-6.12423617,-6.12423617,0.00000000,0.00000000,0.00000000,1,0.19876383,0.58276383,0.36887495,15,9,31 | 32 | 30,31 | 32,"Astley, 1976 || Barber, 1992 || Mitragotri, 1996 || Bond, 1988 || Clowes, 1994 || Rigg, 1990 || Scott, 1990 || Barber, 1995","Astley, 1976 || Bond, 1988 || Clowes, 1994 || Rigg, 1990",8,4,10.1002/jps.2600650210 || 10.1016/0272-0590(92)90086-W || 10.1023/A:1016096626810 || 10.1111/1523-1747.ep12460958 || 10.1016/0887-2333(94)90078-7 || 10.1111/1523-1747.ep12874561 || 10.1111/1523-1747.ep12475447 || 10.1016/0378-4274(95)03393-Y,10.1002/jps.2600650210 || 10.1111/1523-1747.ep12460958 || 10.1016/0887-2333(94)90078-7 || 10.1111/1523-1747.ep12874561,8,4
3,1-Octanol,CCCCCCCCO,CCCCCCCCO,14,9,5,64.28571429,High (>1.0 log unit),-8.55600000,-1.84000000,-5.24921429,-4.84000000,1.61247398,0.73025000,6.71600000,5199959.96533515,-5.14100000,-4.58600000,-4.82577778,-4.84000000,0.14817538,0.06900000,0.55500000,-4.79457938,-4.73831328,-4.77026807,-4.78834575,0.02674329,0.05626610,0.05626610,4,-4.79457938,-4.73831328,-4.77065062,-4.78834575,0.02740773,0.05626610,0.05626610,4,0.01674752,0.40268672,0.11866607,14,9,22 | 35 | 25 | 30,22 | 35 | 25 | 30,"Blank, 1964 || Chantasart, 2010 || Cross, 2003 || Mitragotri, 2000 || Scheuplein, 1965 || Scheuplein, 1971 || Scheuplein, 1973 || Southwell, 1984","Blank, 1964 || Chantasart, 2010 || Cross, 2003 || Mitragotri, 2000 || Scheuplein, 1965 || Scheuplein, 1973 || Southwell, 1984",8,7,10.1038/jid.1964.174 || 10.1007/s11095-010-0181-z || 10.1046/j.1523-1747.2003.12131.x || 10.1023/A:1007547809430 || 10.1038/jid.1965.140 || 10.1152/physrev.1971.51.4.702 || 10.1111/1523-1747.ep12723090 || 10.1016/0378-5173(84)90145-5,10.1038/jid.1964.174 || 10.1007/s11095-010-0181-z || 10.1046/j.1523-1747.2003.12131.x || 10.1023/A:1007547809430 || 10.1038/jid.1965.140 || 10.1111/1523-1747.ep12723090 || 10.1016/0378-5173(84)90145-5,8,7
4,1-Heptanol,CCCCCCCO,CCCCCCCO,7,4,3,57.14285714,High (>1.0 log unit),-8.15800000,-2.05100000,-5.45157143,-5.05100000,2.02575894,1.41850000,6.10700000,1279381.30415752,-5.15800000,-4.98100000,-5.06025000,-5.05100000,0.07304508,0.04425000,0.17700000,-5.06142332,-4.98629365,-5.01218498,-4.98629365,0.03548748,0.05305483,0.07512967,3,-5.06142332,-4.98629365,-5.01282107,-5.00178365,0.03554064,0.04201742,0.07512967,3,0.01042332,0.17170635,0.07077742,7,4,30 | 25,30 | 25,"Scheuplein, 1965 || Scheuplein, 1967 || Scheuplein, 1971 || Scheuplein, 1973","Scheuplein, 1965 || Scheuplein, 1967 || Scheuplein, 1973",4,3,10.1038/jid.1965.140 || 10.1038/jid.1967.11 || 10.1152/physrev.1971.51.4.702 || 10.1111/1523-1747.ep12723090,10.1038/jid.1965.140 || 10.1038/jid.1967.11 || 10.1111/1523-1747.ep12723090,4,3
5,1-Hexanol,CCCCCCO,CCCCCCO,13,10,3,76.92307692,High (>1.0 log unit),-7.84000000,-2.44200000,-5.38800000,-5.28400000,1.23475774,0.58600000,5.39800000,250034.53616964,-5.77800000,-4.85900000,-5.27500000,-5.26950000,0.30536572,0.37525000,0.91900000,-5.34584214,-5.27018096,-5.32176529,-5.34239068,0.03582150,0.07566117,0.07566117,3,-5.34584214,-5.27018096,-5.32967447,-5.34411641,0.03139538,0.00345145,0.07566117,3,0.01518096,0.48684214,0.25431357,13,10,35 | 25 | 31,35 | 25 | 31,"Chantasart, 2010 || Cross, 2003 || Scheuplein, 1965 || Scheuplein, 1971 || Scheuplein, 1973 || Bond, 1988","Chantasart, 2010 || Cross, 2003 || Scheuplein, 1965 || Scheuplein, 1973 || Bond, 1988",6,5,10.1007/s11095-010-0181-z || 10.1046/j.1523-1747.2003.12131.x || 10.1038/jid.1965.140 || 10.1152/physrev.1971.51.4.702 || 10.1111/1523-1747.ep12723090 || 10.1111/1523-1747.ep12460958,10.1007/s11095-010-0181-z || 10.1046/j.1523-1747.2003.12131.x || 10.1038/jid.1965.140 || 10.1111/1523-1747.ep12723090 || 10.1111/1523-1747.ep12460958,6,5
6,1-Pentanol,CCCCCO,CCCCCO,8,4,4,50.00000000,High (>1.0 log unit),-7.84900000,-2.77800000,-5.61437500,-5.77800000,1.44564834,0.83350000,5.07100000,117760.59735208,-5.77800000,-5.17600000,-5.62750000,-5.77800000,0.30100000,0.15050000,0.60200000,-5.83778283,-5.75408847,-5.77501206,-5.75408847,0.03874296,0.02092359,0.08369436,2,-5.83778283,-5.75408847,-5.77501206,-5.75408847,0.04184718,0.02092359,0.08369436,2,0.02391153,0.57808847,0.17142359,7,4,22 | 25,22 | 25,"Blank, 1964 || Chantasart, 2010 || Scheuplein, 1965 || Scheuplein, 1973 || Scheuplein, 1971","Blank, 1964 || Scheuplein, 1965 || Scheuplein, 1973",5,3,10.1038/jid.1964.174 || 10.1007/s11095-010-0181-z || 10.1038/jid.1965.140 || 10.1111/1523-1747.ep12723090 || 10.1152/physrev.1971.51.4.702,10.1038/jid.1964.174 || 10.1038/jid.1965.140 || 10.1111/1523-1747.ep12723090,5,3
7,1-Decanol,CCCCCCCCCCO,CCCCCCCCCCO,7,4,3,57.14285714,High (>1.0 log unit),-9.65300000,-4.60200000,-5.90942857,-5.51500000,1.78767772,1.44400000,5.05100000,112460.49739669,-5.51500000,-4.60200000,-4.86775000,-4.67700000,0.43338926,0.26425000,0.91300000,-5.06365753,-4.98692431,-5.04084725,-5.06158902,0.03684799,0.03836661,0.07673322,3,-5.06365753,-4.98692431,-5.04395710,-5.06262328,0.03803436,0.02073469,0.07673322,3,0.33392431,0.46165753,0.40187833,7,4,35 | 25,35 | 25,"Buist, 2010 || Cross, 2003 || Mitragotri, 2000 || Scheuplein, 1973","Buist, 2010 || Cross, 2003 || Mitragotri, 2000 || Scheuplein, 1973",4,4,10.1016/j.yrtph.2010.02.008 || 10.1046/j.1523-1747.2003.12131.x || 10.1023/A:1007547809430 || 10.1111/1523-1747.ep12723090,10.1016/j.yrtph.2010.02.008 || 10.1046/j.1523-1747.2003.12131.x || 10.1023/A:1007547809430 || 10.1111/1523-1747.ep12723090,4,4
8,1-Propanol,CCCO,CCCO,8,5,3,62.50000000,High (>1.0 log unit),-7.35200000,-3.41000000,-5.98712500,-6.36800000,1.21364533,0.50475000,3.94200000,8749.83775227,-6.55600000,-6.30100000,-6.41400000,-6.41000000,0.10566693,0.15100000,0.25500000,-6.42203863,-6.38594988,-6.40496769,-6.40916063,0.01255090,0.00580269,0.03608876,3,-6.42203863,-6.38594988,-6.40709408,-6.40916063,0.01306932,0.00000000,0.03608876,3,0.02405012,0.14683937,0.08858562,8,5,22 | 30 | 25,22 | 30 | 25,"Blank, 1964 || Scheuplein, 1965 || Scheuplein, 1967 || Scheuplein, 1971 || Scheuplein, 1973","Blank, 1964 || Scheuplein, 1965 || Scheuplein, 1967 || Scheuplein, 1973",5,4,10.1038/jid.1964.174 || 10.1038/jid.1965.140 || 10.1038/jid.1967.11 || 10.1152/physrev.1971.51.4.702 || 10.1111/1523-1747.ep12723090,10.1038/jid.1964.174 || 10.1038/jid.1965.140 || 10.1038/jid.1967.11 || 10.1111/1523-1747.ep12723090,5,4
9,Amphetamine,CC(N)Cc1ccccc1,CC(Cc1ccccc1)N,2,1,1,50.00000000,High (>1.0 log unit),-8.40900000,-4.59200000,-6.50050000,-6.50050000,2.69902658,1.90850000,3.81700000,6561.45266303,-4.59200000,-4.59200000,-4.59200000,-4.59200000,,0.00000000,0.00000000,-4.98612741,-4.98612741,-4.98612741,-4.98612741,0.00000000,0.00000000,0.00000000,1,-4.98612741,-4.98612741,-4.98612741,-4.98612741,,0.00000000,0.00000000,1,0.39412741,0.39412741,0.39412741,2,1,,,"Galey, 1976","Galey, 1976",1,1,10.1111/1523-1747.ep12598596,10.1111/1523-1747.ep12598596,1,1
10,2-Ethoxyethyl acetate,CCOCCOC(C)=O,CCOCCOC(=O)C,2,1,1,50.00000000,High (>1.0 log unit),-6.64900000,-2.83900000,-4.74400000,-4.74400000,2.69407684,1.90500000,3.81000000,6456.54229035,-6.64900000,-6.64900000,-6.64900000,-6.64900000,,0.00000000,0.00000000,-6.17813852,-6.15248501,-6.16531176,-6.16531176,0.01813977,0.01282675,0.02565351,2,-6.17813852,-6.17813852,-6.17813852,-6.17813852,,0.00000000,0.00000000,1,0.47086148,0.47086148,0.47086148,2,1,30,30,"Barber, 1992 || Dugard, 1984","Dugard, 1984",2,1,10.1016/0272-0590(92)90086-W || 10.1289/ehp.8457193,10.1289/ehp.8457193,2,1
11,2-Propoxyethanol,CCCOCCO,CCCOCCO,3,2,1,66.66666667,High (>1.0 log unit),-6.92300000,-3.19200000,-5.55266667,-6.54300000,2.05320733,1.86550000,3.73100000,5382.69782516,-6.92300000,-6.54300000,-6.73300000,-6.73300000,0.26870058,0.19000000,0.38000000,-6.46161253,-6.46161253,-6.46161253,-6.46161253,0.00000000,0.00000000,0.00000000,1,-6.46161253,-6.46161253,-6.46161253,-6.46161253,0.00000000,0.00000000,0.00000000,1,0.08138747,0.46138747,0.27138747,3,2,,,"Barber, 1992 || Venier, 2004","Venier, 2004",2,1,10.1016/0272-0590(92)90086-W || 10.1016/j.tiv.2004.03.004,10.1016/j.tiv.2004.03.004,2,1
12,Urea,NC(N)=O,NC(=O)N,2,1,1,50.00000000,High (>1.0 log unit),-7.31700000,-3.83000000,-5.57350000,-5.57350000,2.46568135,1.74350000,3.48700000,3069.02198839,-7.31700000,-7.31700000,-7.31700000,-7.31700000,,0.00000000,0.00000000,-7.32235150,-7.28595768,-7.30415459,-7.30415459,0.02573431,0.01819691,0.03639381,2,-7.28595768,-7.28595768,-7.28595768,-7.28595768,,0.00000000,0.00000000,1,0.03104232,0.03104232,0.03104232,2,1,37,37,"Barber, 1992 || Peck, 1994","Peck, 1994",2,1,10.1016/0272-0590(92)90086-W || 10.1023/A:1018998529283,10.1023/A:1018998529283,2,1
13,Ethanol,CCO,CCO,11,7,4,63.63636364,High (>1.0 log unit),-7.07900000,-3.65300000,-6.02381818,-6.35200000,1.04317926,1.21350000,3.42600000,2666.85866452,-7.07900000,-6.27800000,-6.66742857,-6.65300000,0.31208271,0.42300000,0.80100000,-6.55738090,-6.49022097,-6.52535807,-6.54635716,0.02726466,0.04646938,0.06715994,4,-6.55738090,-6.49022097,-6.52663556,-6.54635716,0.02902845,0.04646938,0.06715994,4,0.04644540,0.53264284,0.24091928,11,7,22 | 35 | 25 | 30,22 | 35 | 25 | 30,"Blank, 1964 || Cross, 2003 || Scheuplein, 1965 || Scheuplein, 1971 || Scheuplein, 1973 || Scott, 1990","Blank, 1964 || Cross, 2003 || Scheuplein, 1965 || Scheuplein, 1973 || Scott, 1990",6,5,10.1038/jid.1964.174 || 10.1046/j.1523-1747.2003.12131.x || 10.1038/jid.1965.140 || 10.1152/physrev.1971.51.4.702 || 10.1111/1523-1747.ep12723090 || 10.1111/1523-1747.ep12475447,10.1038/jid.1964.174 || 10.1046/j.1523-1747.2003.12131.x || 10.1038/jid.1965.140 || 10.1111/1523-1747.ep12723090 || 10.1111/1523-1747.ep12475447,6,5
14,1-Butanol,CCCCO,CCCCO,14,10,4,71.42857143,High (>1.0 log unit),-7.77800000,-4.70300000,-5.94050000,-6.07900000,0.74296990,0.67450000,3.07500000,1188.50222744,-6.55600000,-5.48100000,-6.04140000,-6.11850000,0.31010686,0.31825000,1.07500000,-6.00137486,-5.97248886,-5.98103634,-5.97606842,0.00932858,0.01600800,0.02888600,4,-6.00137486,-5.97248886,-5.98089577,-5.97606842,0.01012167,0.01600800,0.02888600,4,0.07762514,0.56750314,0.25422937,14,10,35 | 25 | 30,35 | 25 | 30,"Blank, 1967 || Chantasart, 2010 || Cross, 2003 || Mitragotri, 1995 || Mitragotri, 1996 || Scheuplein, 1965 || Scheuplein, 1967 || Scheuplein, 1973","Blank, 1967 || Chantasart, 2010 || Cross, 2003 || Mitragotri, 1995 || Mitragotri, 1996 || Scheuplein, 1965 || Scheuplein, 1967 || Scheuplein, 1973",8,8,10.1038/jid.1967.184 || 10.1007/s11095-010-0181-z || 10.1046/j.1523-1747.2003.12131.x || 10.1002/jps.2600840607 || 10.1023/A:1016096626810 || 10.1038/jid.1965.140 || 10.1038/jid.1967.11 || 10.1111/1523-1747.ep12723090,10.1038/jid.1967.184 || 10.1007/s11095-010-0181-z || 10.1046/j.1523-1747.2003.12131.x || 10.1002/jps.2600840607 || 10.1023/A:1016096626810 || 10.1038/jid.1965.140 || 10.1038/jid.1967.11 || 10.1111/1523-1747.ep12723090,8,8
15,Methanol,CO,CO,7,3,4,42.85714286,High (>1.0 log unit),-6.85700000,-3.85700000,-5.59828571,-5.53900000,1.06888473,1.44050000,3.00000000,1000.00000000,-6.85700000,-6.35200000,-6.58833333,-6.55600000,0.25404790,0.25250000,0.50500000,-6.68430346,-6.64357114,-6.66636637,-6.67327972,0.01608395,0.01485429,0.04073232,3,-6.68430346,-6.64357114,-6.66705144,-6.67327972,0.02106832,0.02036616,0.04073232,3,0.08757114,0.33230346,0.20119830,7,3,25 | 30,25 | 30,"Scheuplein, 1965 || Scheuplein, 1971 || Scheuplein, 1973 || Southwell, 1984","Scheuplein, 1965 || Scheuplein, 1973 || Southwell, 1984",4,3,10.1038/jid.1965.140 || 10.1152/physrev.1971.51.4.702 || 10.1111/1523-1747.ep12723090 || 10.1016/0378-5173(84)90145-5,10.1038/jid.1965.140 || 10.1111/1523-1747.ep12723090 || 10.1016/0378-5173(84)90145-5,4,3
16,Testosterone,C[C@]12CC[C@H]3[C@@H](CCC4=CC(=O)CC[C@@]43C)[C@@H]1CC[C@@H]2O,O=C1CC[C@]2(C(=C1)CC[C@@H]1[C@@H]2CC[C@]2([C@H]1CC[C@@H]2O)C)C,16,11,5,68.75000000,High (>1.0 log unit),-7.90300000,-4.94500000,-6.02268750,-5.77850000,0.74803126,0.82800000,2.95800000,907.82053018,-6.21400000,-5.47600000,-5.73063636,-5.67000000,0.27577936,0.35250000,0.73800000,-5.81502394,-5.79805027,-5.81022382,-5.80969517,0.00575236,0.00532877,0.01697367,4,-5.81502394,-5.79805027,-5.81105871,-5.80969517,0.00507081,0.00532877,0.01697367,3,0.01197606,0.41594973,0.23821833,16,11,25 | 32 | 26 | 37,25 | 32 | 37,"Buist, 2010 || Johnson, 1996 || Mitragotri, 1995 || Mitragotri, 2000 || Qvist, 2000 || Scheuplein, 1969 || Siddiqui, 1989 || Bronaugh, 1986 || Sznitowska, 2001 || Wilkinson, 2006","Buist, 2010 || Johnson, 1996 || Mitragotri, 1995 || Mitragotri, 2000 || Qvist, 2000 || Bronaugh, 1986 || Sznitowska, 2001",10,7,10.1016/j.yrtph.2010.02.008 || 10.1021/js960079z || 10.1002/jps.2600840607 || 10.1023/A:1007547809430 || 10.1016/S0928-0987(00)00091-9 || 10.1038/jid.1969.9 || 10.1007/bf01061455 || 10.1111/j.1365-2133.1986.tb06214.x || 10.1016/s0168-3659(01)00443-6 || 10.1007/s00420-005-0056-5,10.1016/j.yrtph.2010.02.008 || 10.1021/js960079z || 10.1002/jps.2600840607 || 10.1023/A:1007547809430 || 10.1016/S0928-0987(00)00091-9 || 10.1111/j.1365-2133.1986.tb06214.x || 10.1016/s0168-3659(01)00443-6,10,7
17,Salicylic acid,O=C(O)c1ccccc1O,OC(=O)c1ccccc1O,6,3,3,50.00000000,High (>1.0 log unit),-7.55600000,-5.13600000,-6.11200000,-5.98800000,0.88129723,0.99300000,2.42000000,263.02679919,-6.21600000,-5.41600000,-5.79733333,-5.76000000,0.40130454,0.40000000,0.80000000,-5.84409906,-5.82096715,-5.82482247,-5.82096715,0.00944357,0.00000000,0.02313192,2,-5.84409906,-5.82096715,-5.82867779,-5.82096715,0.01335522,0.01156596,0.02313192,2,0.08409906,0.40496715,0.29469969,6,3,30 | 32,30 | 32,"Buist, 2010 || Degim, 1998 || Hadgraft, 1987 || Mitragotri, 1996 || Qvist, 2000 || Schmook, 2001","Degim, 1998 || Hadgraft, 1987 || Schmook, 2001",6,3,10.1016/j.yrtph.2010.02.008 || 10.1016/S0378-5173(98)00113-6 || 10.1016/0378-5173(87)90210-9 || 10.1023/A:1016096626810 || 10.1016/S0928-0987(00)00091-9 || 10.1016/S0378-5173(00)00665-7,10.1016/S0378-5173(98)00113-6 || 10.1016/0378-5173(87)90210-9 || 10.1016/S0378-5173(00)00665-7,6,3
18,Estradiol,C[C@]12CC[C@@H]3c4ccc(O)cc4CC[C@H]3[C@@H]1CC[C@@H]2O,Oc1ccc2c(c1)CC[C@@H]1[C@@H]2CC[C@]2([C@H]1CC[C@@H]2O)C,15,12,3,80.00000000,High (>1.0 log unit),-7.07900000,-4.81500000,-5.99013333,-5.96700000,0.52840864,0.27950000,2.26400000,183.65383433,-6.68400000,-5.55600000,-6.03916667,-5.99250000,0.31063888,0.16900000,1.12800000,-6.13821594,-6.10557185,-6.13039186,-6.13682104,0.01290373,0.00220845,0.03264410,5,-6.13821594,-6.10557185,-6.12875691,-6.13682104,0.01404742,0.01112498,0.03264410,4,0.05782104,0.58082104,0.25585810,15,12,30 | 37 | 25 | 26 | 32,30 | 37 | 25 | 32,"Galey, 1976 || Goodman, 1988 || Johnson, 1995 || Johnson, 1996 || Knutson, 1993 || Michaels A. S., 1975 || Mitragotri, 1995 || Mitragotri, 1996 || Mitragotri, 2000 || Scheuplein, 1969 || Williams, 1992 || Pershing, 1993","Galey, 1976 || Goodman, 1988 || Johnson, 1995 || Johnson, 1996 || Knutson, 1993 || Michaels A. S., 1975 || Mitragotri, 1995 || Mitragotri, 1996 || Mitragotri, 2000 || Pershing, 1993",12,10,10.1111/1523-1747.ep12598596 || 10.1111/1523-1747.ep12475655 || 10.1002/jps.2600840922 || 10.1021/js960079z || 10.1016/0168-3659(93)90170-A || 10.1002/aic.690210522 || 10.1002/jps.2600840607 || 10.1023/A:1016096626810 || 10.1023/A:1007547809430 || 10.1038/jid.1969.9 || 10.1016/0378-5173(92)90032-W || 10.1023/A:1018974131236,10.1111/1523-1747.ep12598596 || 10.1111/1523-1747.ep12475655 || 10.1002/jps.2600840922 || 10.1021/js960079z || 10.1016/0168-3659(93)90170-A || 10.1002/aic.690210522 || 10.1002/jps.2600840607 || 10.1023/A:1016096626810 || 10.1023/A:1007547809430 || 10.1023/A:1018974131236,12,10
19,2-Ethoxyethanol,CCOCCO,OCCOCC,9,3,6,33.33333333,High (>1.0 log unit),-7.78500000,-5.54500000,-6.54166667,-6.63100000,0.94035552,1.52400000,2.24000000,173.78008287,-7.15800000,-6.63100000,-6.98233333,-7.15800000,0.30426359,0.26350000,0.52700000,-6.64891502,-6.63506730,-6.63814457,-6.63506730,0.00610627,0.00000000,0.01384772,2,-6.64891502,-6.63506730,-6.64429911,-6.64891502,0.00799499,0.00692386,0.01384772,2,0.01791502,0.52293270,0.34997757,9,3,30,30,"Blank, 1967 || Scheuplein, 1967 || Wilkinson, 2002 || Lockley, 2002 || Dugard, 1984","Blank, 1967 || Scheuplein, 1967 || Dugard, 1984",5,3,10.1038/jid.1967.184 || 10.1038/jid.1967.11 || 10.1007/s00420-002-0367-8 || 10.1006/taap.2002.9373 || 10.1289/ehp.8457193,10.1038/jid.1967.184 || 10.1038/jid.1967.11 || 10.1289/ehp.8457193,5,3
20,Lindane,ClC1C(Cl)C(Cl)C(Cl)C(Cl)C1Cl,ClC1C(Cl)C(Cl)C(C(C1Cl)Cl)Cl,4,1,3,25.00000000,High (>1.0 log unit),-8.78400000,-6.69100000,-7.61775000,-7.49800000,0.92201351,1.10675000,2.09300000,123.87965865,-6.69100000,-6.69100000,-6.69100000,-6.69100000,,0.00000000,0.00000000,-6.13692316,-6.13692316,-6.13692316,-6.13692316,0.00000000,0.00000000,0.00000000,1,-6.13692316,-6.13692316,-6.13692316,-6.13692316,,0.00000000,0.00000000,1,0.55407684,0.55407684,0.55407684,4,1,32,32,"Dick, 1997","Dick, 1997",1,1,10.1177/096032719701601104,10.1177/096032719701601104,1,1
21,Hydroquinone,Oc1ccc(O)cc1,Oc1ccc(cc1)O,2,1,1,50.00000000,High (>1.0 log unit),-8.58600000,-6.50600000,-7.54600000,-7.54600000,1.47078210,1.04000000,2.08000000,120.22644346,-6.50600000,-6.50600000,-6.50600000,-6.50600000,,0.00000000,0.00000000,-6.63391156,-6.61404001,-6.62397578,-6.62397578,0.01405131,0.00993577,0.01987155,2,-6.61404001,-6.61404001,-6.61404001,-6.61404001,,0.00000000,0.00000000,1,0.10804001,0.10804001,0.10804001,2,1,37,37,"du Plessis, 2002 || Barber, 1995","du Plessis, 2002",2,1,10.1016/S0928-0987(02)00085-4 || 10.1016/0378-4274(95)03393-Y,10.1016/S0928-0987(02)00085-4,2,1
22,Fentanyl,CCC(=O)N(c1ccccc1)C1CCN(CCc2ccccc2)CC1,CCC(=O)N(c1ccccc1)C1CCN(CC1)CCc1ccccc1,12,10,2,83.33333333,High (>1.0 log unit),-7.07900000,-5.01300000,-5.64725000,-5.52950000,0.60819437,0.63500000,2.06600000,116.41260294,-5.84900000,-5.01300000,-5.42460000,-5.47750000,0.31475535,0.53000000,0.83600000,-5.52029326,-5.51023571,-5.51107384,-5.51023571,0.00290337,0.00000000,0.01005755,2,-5.52029326,-5.51023571,-5.51124146,-5.51023571,0.00318048,0.00000000,0.01005755,2,0.00723571,0.49723571,0.26004139,12,10,30 | 37,30 | 37,"Michaels A. S., 1975 || Roy, 1989 || Roy, 1990","Michaels A. S., 1975 || Roy, 1989 || Roy, 1990",3,3,10.1002/aic.690210522 || 10.1023/A:1015944018555 || 10.1023/A:1015912932416,10.1002/aic.690210522 || 10.1023/A:1015944018555 || 10.1023/A:1015912932416,3,3
23,Hydrocortisone,C[C@]12CCC(=O)C=C1CC[C@@H]1[C@@H]2[C@@H](O)C[C@@]2(C)[C@H]1CC[C@]2(O)C(=O)CO,OCC(=O)[C@@]1(O)CC[C@@H]2[C@]1(C)C[C@H](O)[C@H]1[C@H]2CCC2=CC(=O)CC[C@]12C,10,7,3,70.00000000,High (>1.0 log unit),-9.19500000,-7.19500000,-7.94590000,-7.52900000,0.82562898,1.35400000,2.00000000,100.00000000,-7.68100000,-7.19500000,-7.43985714,-7.43100000,0.15938154,0.17200000,0.48600000,-7.45466450,-7.34491210,-7.37294537,-7.34782769,0.04529878,0.03993571,0.10975240,5,-7.39621599,-7.34491210,-7.35307425,-7.34491210,0.01914744,0.00291559,0.05130389,3,0.01208790,0.33608790,0.13128097,10,7,30 | 26 | 25 | 37 | 32,30 | 37,"Hadgraft, 1987 || Johnson, 1995 || Scheuplein, 1969 || Siddiqui, 1989 || Sznitowska, 2001 || Schmook, 2001","Hadgraft, 1987 || Johnson, 1995 || Sznitowska, 2001",6,3,10.1016/0378-5173(87)90210-9 || 10.1002/jps.2600840922 || 10.1038/jid.1969.9 || 10.1007/bf01061455 || 10.1016/s0168-3659(01)00443-6 || 10.1016/S0378-5173(00)00665-7,10.1016/0378-5173(87)90210-9 || 10.1002/jps.2600840922 || 10.1016/s0168-3659(01)00443-6,6,3
24,2-Butoxyethanol,CCCCOCCO,CCCCOCCO,2,1,1,50.00000000,High (>1.0 log unit),-7.22600000,-5.26800000,-6.24700000,-6.24700000,1.38451508,0.97900000,1.95800000,90.78205302,-5.26800000,-5.26800000,-5.26800000,-5.26800000,,0.00000000,0.00000000,-5.81347378,-5.79545676,-5.80446527,-5.80446527,0.01273996,0.00900851,0.01801702,2,-5.79545676,-5.79545676,-5.79545676,-5.79545676,,0.00000000,0.00000000,1,0.52745676,0.52745676,0.52745676,2,1,30,,"Wilkinson, 2002 || Dugard, 1984","Wilkinson, 2002",2,1,10.1007/s00420-002-0367-8 || 10.1289/ehp.8457193,10.1007/s00420-002-0367-8,2,1
25,Sufentanil,CCC(=O)N(c1ccccc1)C1(COC)CCN(CCc2cccs2)CC1,COCC1(CCN(CC1)CCc1cccs1)N(c1ccccc1)C(=O)CC,11,9,2,81.81818182,High (>1.0 log unit),-6.89400000,-5.01800000,-5.53645455,-5.37400000,0.56507740,0.52050000,1.87600000,75.16228940,-5.76400000,-5.01800000,-5.31655556,-5.36000000,0.25706911,0.39500000,0.74600000,-5.39696371,-5.39696371,-5.39696371,-5.39696371,0.00000000,0.00000000,0.00000000,1,-5.39696371,-5.39696371,-5.39696371,-5.39696371,0.00000000,0.00000000,0.00000000,1,0.02296371,0.37896371,0.21421012,11,9,37,37,"Roy, 1989 || Roy, 1990","Roy, 1989 || Roy, 1990",2,2,10.1023/A:1015944018555 || 10.1023/A:1015912932416,10.1023/A:1015944018555 || 10.1023/A:1015912932416,2,2
26,Bis(2-ethylhexyl)phthalate,CCCCC(CC)COC(=O)c1ccccc1C(=O)OCC(CC)CCCC,CCCCC(COC(=O)c1ccccc1C(=O)OCC(CCCC)CC)CC,3,2,1,66.66666667,High (>1.0 log unit),-8.80000000,-6.97900000,-7.81066667,-7.65300000,0.92068145,0.91050000,1.82100000,66.22165037,-7.65300000,-6.97900000,-7.31600000,-7.31600000,0.47658997,0.33700000,0.67400000,-7.37165980,-7.31801745,-7.35377901,-7.37165980,0.03097043,0.02682118,0.05364235,2,-7.37165980,-7.37165980,-7.37165980,-7.37165980,0.00000000,0.00000000,0.00000000,1,0.28134020,0.39265980,0.33700000,3,2,30,,"Barber, 1992 || Buist, 2010 || Scott, 1987","Barber, 1992 || Buist, 2010",3,2,10.1016/0272-0590(92)90086-W || 10.1016/j.yrtph.2010.02.008 || 10.1289/ehp.8774223,10.1016/0272-0590(92)90086-W || 10.1016/j.yrtph.2010.02.008,3,2
27,4-Amino-2-Nitrophenol,Nc1ccc(O)c([N+](=O)[O-])c1,Nc1ccc(c(c1)[N+](=O)[O-])O,2,1,1,50.00000000,High (>1.0 log unit),-7.62200000,-6.10900000,-6.86550000,-6.86550000,1.06985256,0.75650000,1.51300000,32.58367010,-7.62200000,-7.62200000,-7.62200000,-7.62200000,,0.00000000,0.00000000,-7.23604440,-7.23604440,-7.23604440,-7.23604440,0.00000000,0.00000000,0.00000000,1,-7.23604440,-7.23604440,-7.23604440,-7.23604440,,0.00000000,0.00000000,1,0.38595560,0.38595560,0.38595560,2,1,32,32,"Bronaugh, 1984","Bronaugh, 1984",1,1,10.1111/1523-1747.ep12263302,10.1111/1523-1747.ep12263302,1,1
28,Lidocaine,CCN(CC)CC(=O)Nc1c(C)cccc1C,CCN(CC(=O)Nc1c(C)cccc1C)CC,6,4,2,66.66666667,High (>1.0 log unit),-7.02100000,-5.53000000,-6.21033333,-6.01850000,0.63668569,0.97525000,1.49100000,30.97419299,-6.07900000,-5.53000000,-5.81850000,-5.83250000,0.24697166,0.32550000,0.54900000,-5.98338128,-5.98338128,-5.98338128,-5.98338128,0.00000000,0.00000000,0.00000000,1,-5.98338128,-5.98338128,-5.98338128,-5.98338128,0.00000000,0.00000000,0.00000000,1,0.02538128,0.45338128,0.21269064,6,4,,,"Johnson, 1996 || Mitragotri, 2000 || Kushla, 1991","Johnson, 1996 || Mitragotri, 2000 || Kushla, 1991",3,3,10.1021/js960079z || 10.1023/A:1007547809430 || 10.1016/0378-5173(91)90387-4,10.1021/js960079z || 10.1023/A:1007547809430 || 10.1016/0378-5173(91)90387-4,3,3
29,Levosimendan,C[C@@H]1CC(=O)NN=C1c1ccc(NN=C(C#N)C#N)cc1,N#CC(=NNc1ccc(cc1)C1=NNC(=O)C[C@H]1C)C#N,2,1,1,50.00000000,High (>1.0 log unit),-7.95400000,-6.48400000,-7.21900000,-7.21900000,1.03944697,0.73500000,1.47000000,29.51209227,-6.48400000,-6.48400000,-6.48400000,-6.48400000,,0.00000000,0.00000000,-6.21604654,-6.14350244,-6.17977449,-6.17977449,0.05129642,0.03627205,0.07254410,2,-6.21604654,-6.21604654,-6.21604654,-6.21604654,,0.00000000,0.00000000,1,0.26795346,0.26795346,0.26795346,2,1,25,25,"Valjakka-Koskela, 2000","Valjakka-Koskela, 2000",1,1,10.1016/S0928-0987(00)00120-2,10.1016/S0928-0987(00)00120-2,1,1
30,2-Amino-4-Nitrophenol,Nc1cc([N+](=O)[O-])ccc1O,[O-][N+](=O)c1ccc(c(c1)N)O,2,1,1,50.00000000,High (>1.0 log unit),-8.07900000,-6.73700000,-7.40800000,-7.40800000,0.94893730,0.67100000,1.34200000,21.97859873,-6.73700000,-6.73700000,-6.73700000,-6.73700000,,0.00000000,0.00000000,-6.69091160,-6.69091160,-6.69091160,-6.69091160,0.00000000,0.00000000,0.00000000,1,-6.69091160,-6.69091160,-6.69091160,-6.69091160,,0.00000000,0.00000000,1,0.04608840,0.04608840,0.04608840,2,1,32,32,"Bronaugh, 1984","Bronaugh, 1984",1,1,10.1111/1523-1747.ep12263302,10.1111/1523-1747.ep12263302,1,1
31,Progesterone,CC(=O)[C@H]1CC[C@H]2[C@@H]3CCC4=CC(=O)CC[C@]4(C)[C@H]3CC[C@]12C,O=C1CC[C@]2(C(=C1)CC[C@@H]1[C@@H]2CC[C@]2([C@H]1CC[C@@H]2C(=O)C)C)C,4,3,1,75.00000000,High (>1.0 log unit),-6.38000000,-5.07900000,-5.53900000,-5.34850000,0.57992701,0.46550000,1.30100000,19.99861870,-5.44200000,-5.07900000,-5.25866667,-5.25500000,0.18152778,0.18150000,0.36300000,-5.35719270,-5.30472852,-5.33096061,-5.33096061,0.03029021,0.05246419,0.05246419,2,-5.35719270,-5.30472852,-5.33970464,-5.35719270,0.03029021,0.02623209,0.05246419,2,0.10219270,0.27819270,0.17255230,4,3,25 | 26,25,"Johnson, 1995 || Mitragotri, 1995 || Mitragotri, 2000 || Scheuplein, 1969","Johnson, 1995 || Mitragotri, 1995 || Mitragotri, 2000",4,3,10.1002/jps.2600840922 || 10.1002/jps.2600840607 || 10.1023/A:1007547809430 || 10.1038/jid.1969.9,10.1002/jps.2600840922 || 10.1002/jps.2600840607 || 10.1023/A:1007547809430,4,3
32,Aldosterone,C[C@]12CCC(=O)C=C1CC[C@@H]1[C@@H]2[C@@H](O)C[C@]2(C=O)[C@@H](C(=O)CO)CC[C@@H]12,OCC(=O)[C@H]1CC[C@@H]2[C@]1(C=O)C[C@H](O)[C@H]1[C@H]2CCC2=CC(=O)CC[C@]12C,4,3,1,75.00000000,High (>1.0 log unit),-9.07900000,-7.79300000,-8.20200000,-7.96800000,0.59737314,0.48800000,1.28600000,19.31968317,-8.07900000,-7.79300000,-7.90966667,-7.85700000,0.15009775,0.14300000,0.28600000,-7.95743675,-7.83882226,-7.86847589,-7.83882226,0.05930724,0.02965362,0.11861449,2,-7.83882226,-7.83882226,-7.83882226,-7.83882226,0.00000000,0.00000000,0.00000000,1,0.01817774,0.24017774,0.10139258,4,3,26,,"Johnson, 1995 || Mitragotri, 1996 || Mitragotri, 2000 || Scheuplein, 1969","Johnson, 1995 || Mitragotri, 1996 || Mitragotri, 2000",4,3,10.1002/jps.2600840922 || 10.1023/A:1016096626810 || 10.1023/A:1007547809430 || 10.1038/jid.1969.9,10.1002/jps.2600840922 || 10.1023/A:1016096626810 || 10.1023/A:1007547809430,4,3
33,Scopolamine,CN1[C@@H]2CC(OC(=O)[C@H](CO)c3ccccc3)C[C@H]1[C@@H]1O[C@@H]12,OC[C@H](c1ccccc1)C(=O)OC1C[C@@H]2N([C@H](C1)[C@@H]1[C@H]2O1)C,4,1,3,25.00000000,High (>1.0 log unit),-9.12800000,-7.85200000,-8.51575000,-8.54150000,0.58371818,0.79975000,1.27600000,18.87991349,-7.85200000,-7.85200000,-7.85200000,-7.85200000,,0.00000000,0.00000000,-7.38820505,-7.38820505,-7.38820505,-7.38820505,0.00000000,0.00000000,0.00000000,1,-7.38820505,-7.38820505,-7.38820505,-7.38820505,,0.00000000,0.00000000,1,0.46379495,0.46379495,0.46379495,3,1,30,30,"Michaels A. S., 1975","Michaels A. S., 1975",1,1,10.1002/aic.690210522,10.1002/aic.690210522,1,1
34,Caffeine,Cn1c(=O)c2c(ncn2C)n(C)c1=O,Cn1cnc2c1c(=O)n(C)c(=O)n2C,7,6,1,85.71428571,High (>1.0 log unit),-7.55600000,-6.35200000,-6.91285714,-6.91500000,0.39732582,0.41450000,1.20400000,15.99558029,-7.55600000,-6.54100000,-7.00633333,-6.98400000,0.34065212,0.27225000,1.01500000,-6.96369585,-6.92365842,-6.93420476,-6.92365842,0.01810146,0.01689349,0.04003743,3,-6.96369585,-6.92365842,-6.93033132,-6.92365842,0.01634521,0.00000000,0.04003743,2,0.00865842,0.59230415,0.23832709,7,6,32 | 25 | 30,32 | 25,"Akomeah, 2007 || Mitragotri, 1995 || Bronaugh, 1986 || Dias, 1999 || Southwell, 1984 || Wilkinson, 2006","Akomeah, 2007 || Mitragotri, 1995 || Bronaugh, 1986 || Dias, 1999 || Wilkinson, 2006",6,5,10.1002/jps.20773 || 10.1002/jps.2600840607 || 10.1111/j.1365-2133.1986.tb06214.x || 10.1016/S0378-5173(99)00067-8 || 10.1016/0378-5173(84)90145-5 || 10.1007/s00420-005-0056-5,10.1002/jps.20773 || 10.1002/jps.2600840607 || 10.1111/j.1365-2133.1986.tb06214.x || 10.1016/S0378-5173(99)00067-8 || 10.1007/s00420-005-0056-5,6,5
35,Cortisone,C[C@]12CCC(=O)C=C1CC[C@@H]1[C@@H]2C(=O)C[C@@]2(C)[C@H]1CC[C@]2(O)C(=O)CO,OCC(=O)[C@@]1(O)CC[C@@H]2[C@]1(C)CC(=O)[C@H]1[C@H]2CCC2=CC(=O)CC[C@]12C,2,1,1,50.00000000,High (>1.0 log unit),-8.55600000,-7.38000000,-7.96800000,-7.96800000,0.83155757,0.58800000,1.17600000,14.99684836,-7.38000000,-7.38000000,-7.38000000,-7.38000000,,0.00000000,0.00000000,-7.51432383,-7.39868215,-7.45650299,-7.45650299,0.08177101,0.05782084,0.11564168,2,-7.39868215,-7.39868215,-7.39868215,-7.39868215,,0.00000000,0.00000000,1,0.01868215,0.01868215,0.01868215,2,1,26,,"Buist, 2010 || Scheuplein, 1969","Buist, 2010",2,1,10.1016/j.yrtph.2010.02.008 || 10.1038/jid.1969.9,10.1016/j.yrtph.2010.02.008,2,1
36,2-Phenylphenol,Oc1ccccc1-c1ccccc1,Oc1ccccc1c1ccccc1,2,1,1,50.00000000,High (>1.0 log unit),-6.35500000,-5.29400000,-5.82450000,-5.82450000,0.75024029,0.53050000,1.06100000,11.50800389,-5.29400000,-5.29400000,-5.29400000,-5.29400000,,0.00000000,0.00000000,-4.81856175,-4.81856175,-4.81856175,-4.81856175,0.00000000,0.00000000,0.00000000,1,-4.81856175,-4.81856175,-4.81856175,-4.81856175,,0.00000000,0.00000000,1,0.47543825,0.47543825,0.47543825,2,1,,,"Cnubben, 2002","Cnubben, 2002",1,1,10.1006/rtph.2001.1530,10.1006/rtph.2001.1530,1,1
37,Methotrexate,CN(Cc1cnc2nc(N)nc(N)c2n1)c1ccc(C(=O)N[C@@H](CCC(=O)O)C(=O)O)cc1,OC(=O)CC[C@@H](C(=O)O)NC(=O)c1ccc(cc1)N(Cc1cnc2c(n1)c(N)nc(n2)N)C,7,7,0,100.00000000,Moderate (>0.5 to 1.0 log unit),-7.50300000,-6.50300000,-6.92600000,-6.84000000,0.34593689,0.39800000,1.00000000,10.00000000,-7.50300000,-6.50300000,-6.92600000,-6.84000000,0.34593689,0.39800000,1.00000000,-6.95158058,-6.95158058,-6.95158058,-6.95158058,0.00000000,0.00000000,0.00000000,1,-6.95158058,-6.95158058,-6.95158058,-6.95158058,0.00000000,0.00000000,0.00000000,1,0.05541942,0.55141942,0.27251151,6,6,,,"Vaidyanathan, 1985","Vaidyanathan, 1985",1,1,10.1016/0378-5173(85)90106-1,10.1016/0378-5173(85)90106-1,1,1
38,Betamethasone-17-valerate,CCCCC(=O)OC1(C(=O)CO)C(C)CC2C3CCC4=CC(=O)C=CC4(C)C3(F)C(O)CC21C,CCCCC(=O)OC1(C(C)CC2C1(C)CC(O)C1(C2CCC2=CC(=O)C=CC12C)F)C(=O)CO,2,1,1,50.00000000,Moderate (>0.5 to 1.0 log unit),-6.49600000,-5.52500000,-6.01050000,-6.01050000,0.68660068,0.48550000,0.97100000,9.35405674,-6.49600000,-6.49600000,-6.49600000,-6.49600000,,0.00000000,0.00000000,-6.46176722,-6.43929511,-6.45053117,-6.45053117,0.01589018,0.01123605,0.02247211,2,-6.46176722,-6.46176722,-6.46176722,-6.46176722,,0.00000000,0.00000000,1,0.03423278,0.03423278,0.03423278,2,1,25 | 37,25,"Siddiqui, 1989 || Kubota, 1993","Siddiqui, 1989",2,1,10.1007/bf01061455 || 10.1002/jps.2600821017,10.1007/bf01061455,2,1
39,p-Cresol,Cc1ccc(O)cc1,Cc1ccc(cc1)O,2,1,1,50.00000000,Moderate (>0.5 to 1.0 log unit),-5.31300000,-4.47700000,-4.89500000,-4.89500000,0.59114127,0.41800000,0.83600000,6.85488226,-5.31300000,-5.31300000,-5.31300000,-5.31300000,,0.00000000,0.00000000,-5.33673631,-5.33321983,-5.33497807,-5.33497807,0.00248653,0.00175824,0.00351648,2,-5.33673631,-5.33673631,-5.33673631,-5.33673631,,0.00000000,0.00000000,1,0.02373631,0.02373631,0.02373631,2,1,25,25,"Anderson, 1989 || Roberts, 1977","Roberts, 1977",2,1,10.1111/1523-1747.ep12277592 || 10.1111/j.2042-7158.1977.tb11434.x,10.1111/j.2042-7158.1977.tb11434.x,2,1
40,Nicotine,CN1CCCC1c1cccnc1,CN1CCCC1c1cccnc1,3,3,0,100.00000000,Moderate (>0.5 to 1.0 log unit),-6.03600000,-5.27000000,-5.61733333,-5.54600000,0.38795017,0.38300000,0.76600000,5.83445104,-6.03600000,-5.27000000,-5.61733333,-5.54600000,0.38795017,0.38300000,0.76600000,-5.76548954,-5.75147545,-5.75614681,-5.75147545,0.00809104,0.00700705,0.01401410,2,-5.76548954,-5.75147545,-5.75614681,-5.75147545,0.00809104,0.00700705,0.01401410,2,0.20547545,0.49548954,0.32849651,3,3,30 | 32,30 | 32,"Degim, 1998 || Hadgraft, 1987 || Qvist, 2000","Degim, 1998 || Hadgraft, 1987 || Qvist, 2000",3,3,10.1016/S0378-5173(98)00113-6 || 10.1016/0378-5173(87)90210-9 || 10.1016/S0928-0987(00)00091-9,10.1016/S0378-5173(98)00113-6 || 10.1016/0378-5173(87)90210-9 || 10.1016/S0928-0987(00)00091-9,3,3
41,Sucrose,OC[C@H]1O[C@@](CO)(O[C@H]2O[C@H](CO)[C@@H](O)[C@H](O)[C@H]2O)[C@@H](O)[C@@H]1O,OC[C@H]1O[C@@]([C@H]([C@@H]1O)O)(CO)O[C@H]1O[C@H](CO)[C@H]([C@@H]([C@H]1O)O)O,4,1,3,25.00000000,Moderate (>0.5 to 1.0 log unit),-8.84000000,-8.07500000,-8.58450000,-8.71150000,0.36062584,0.38400000,0.76500000,5.82103218,-8.07500000,-8.07500000,-8.07500000,-8.07500000,,0.00000000,0.00000000,-7.99586169,-7.94952936,-7.96111244,-7.94952936,0.02316617,0.01158308,0.04633234,2,-7.94952936,-7.94952936,-7.94952936,-7.94952936,,0.00000000,0.00000000,1,0.12547064,0.12547064,0.12547064,4,1,37,37,"Anderson, 1988 || Mitragotri, 1996 || Peck, 1994","Peck, 1994",3,1,10.1023/a:1015989929342 || 10.1023/A:1016096626810 || 10.1023/A:1018998529283,10.1023/A:1018998529283,3,1
42,5-Fluorouracil,O=c1[nH]cc(F)c(=O)[nH]1,Fc1c[nH]c(=O)[nH]c1=O,3,1,2,33.33333333,Moderate (>0.5 to 1.0 log unit),-8.01500000,-7.29700000,-7.62866667,-7.57400000,0.36210818,0.35900000,0.71800000,5.22396189,-8.01500000,-8.01500000,-8.01500000,-8.01500000,,0.00000000,0.00000000,-8.27467177,-8.27467177,-8.27467177,-8.27467177,0.00000000,0.00000000,0.00000000,1,-8.27467177,-8.27467177,-8.27467177,-8.27467177,,0.00000000,0.00000000,1,0.25967177,0.25967177,0.25967177,3,1,32 | 31,31,"Hirvonen, 1991 || Williams, 1992 || Rigg, 1990","Rigg, 1990",3,1,10.1023/a:1015824100788 || 10.1016/0378-5173(92)90032-W || 10.1111/1523-1747.ep12874561,10.1111/1523-1747.ep12874561,3,1
43,Acyclovir,Nc1nc(=O)c2ncn(COCCO)c2[nH]1,Nc1nc(=O)c2c([nH]1)n(COCCO)cn2,2,1,1,50.00000000,Moderate (>0.5 to 1.0 log unit),-7.77800000,-7.07900000,-7.42850000,-7.42850000,0.49426764,0.34950000,0.69900000,5.00034535,-7.07900000,-7.07900000,-7.07900000,-7.07900000,,0.00000000,0.00000000,-6.88129809,-6.88129809,-6.88129809,-6.88129809,0.00000000,0.00000000,0.00000000,1,-6.88129809,-6.88129809,-6.88129809,-6.88129809,,0.00000000,0.00000000,1,0.19770191,0.19770191,0.19770191,2,1,,,"Volpato, 1998","Volpato, 1998",1,1,10.1016/S0168-3659(97)00152-1,10.1016/S0168-3659(97)00152-1,1,1
44,Ketoprofen,CC(C(=O)O)c1cccc(C(=O)c2ccccc2)c1,OC(=O)C(c1cccc(c1)C(=O)c1ccccc1)C,2,1,1,50.00000000,Moderate (>0.5 to 1.0 log unit),-6.76800000,-6.15100000,-6.45950000,-6.45950000,0.43628488,0.30850000,0.61700000,4.13999675,-6.15100000,-6.15100000,-6.15100000,-6.15100000,,0.00000000,0.00000000,-6.11660970,-6.11446130,-6.11553550,-6.11553550,0.00151915,0.00107420,0.00214840,2,-6.11446130,-6.11446130,-6.11446130,-6.11446130,,0.00000000,0.00000000,1,0.03653870,0.03653870,0.03653870,2,1,32 | 37,37,"Degim, 2003 || Swart, 2005","Swart, 2005",2,1,10.1002/jps.10312 || 10.1016/j.ijpharm.2005.05.030,10.1016/j.ijpharm.2005.05.030,2,1
45,Resorcinol,Oc1cccc(O)c1,Oc1cccc(c1)O,2,1,1,50.00000000,Moderate (>0.5 to 1.0 log unit),-7.17600000,-6.62600000,-6.90100000,-6.90100000,0.38890873,0.27500000,0.55000000,3.54813389,-6.62600000,-6.62600000,-6.62600000,-6.62600000,,0.00000000,0.00000000,-6.33751444,-6.33300602,-6.33526023,-6.33526023,0.00318793,0.00225421,0.00450842,2,-6.33300602,-6.33300602,-6.33300602,-6.33300602,,0.00000000,0.00000000,1,0.29299398,0.29299398,0.29299398,2,1,37 | 25,37,"du Plessis, 2002 || Roberts, 1977","du Plessis, 2002",2,1,10.1016/S0928-0987(02)00085-4 || 10.1111/j.2042-7158.1977.tb11434.x,10.1016/S0928-0987(02)00085-4,2,1
46,Ephedrine,CN[C@@H](C)[C@H](O)c1ccccc1,CN[C@H]([C@@H](c1ccccc1)O)C,4,4,0,100.00000000,Moderate (>0.5 to 1.0 log unit),-6.32600000,-5.77800000,-5.91500000,-5.77800000,0.27400000,0.13700000,0.54800000,3.53183170,-6.32600000,-5.77800000,-5.91500000,-5.77800000,0.27400000,0.13700000,0.54800000,-6.01318852,-6.01318852,-6.01318852,-6.01318852,0.00000000,0.00000000,0.00000000,1,-6.01318852,-6.01318852,-6.01318852,-6.01318852,0.00000000,0.00000000,0.00000000,1,0.23518852,0.31281148,0.25459426,4,4,30,30,"Michaels A. S., 1975","Michaels A. S., 1975",1,1,10.1002/aic.690210522,10.1002/aic.690210522,1,1
47,Propoxur,CNC(=O)Oc1ccccc1OC(C)C,CNC(=O)Oc1ccccc1OC(C)C,4,3,1,75.00000000,Moderate (>0.5 to 1.0 log unit),-6.32400000,-5.79700000,-5.97775000,-5.89500000,0.23581967,0.15725000,0.52700000,3.36511569,-5.91200000,-5.79700000,-5.86233333,-5.87800000,0.05907904,0.05750000,0.11500000,-5.52478592,-5.52478592,-5.52478592,-5.52478592,0.00000000,0.00000000,0.00000000,1,-5.52478592,-5.52478592,-5.52478592,-5.52478592,0.00000000,0.00000000,0.00000000,1,0.27221408,0.38721408,0.33754741,3,3,32,32,"Wilkinson, 2006","Wilkinson, 2006",1,1,10.1007/s00420-005-0056-5,10.1007/s00420-005-0056-5,1,1
48,Benzoic acid,O=C(O)c1ccccc1,OC(=O)c1ccccc1,2,2,0,100.00000000,Moderate (>0.5 to 1.0 log unit),-5.67500000,-5.15600000,-5.41550000,-5.41550000,0.36698842,0.25950000,0.51900000,3.30369541,-5.67500000,-5.15600000,-5.41550000,-5.41550000,0.36698842,0.25950000,0.51900000,-5.40451798,-5.40451798,-5.40451798,-5.40451798,0.00000000,0.00000000,0.00000000,1,-5.40451798,-5.40451798,-5.40451798,-5.40451798,0.00000000,0.00000000,0.00000000,1,0.24851798,0.27048202,0.25950000,2,2,,,"Buist, 2010 || Degim, 1998","Buist, 2010 || Degim, 1998",2,2,10.1016/j.yrtph.2010.02.008 || 10.1016/S0378-5173(98)00113-6,10.1016/j.yrtph.2010.02.008 || 10.1016/S0378-5173(98)00113-6,2,2
49,Ibuprofen,CC(C)Cc1ccc(C(C)C(=O)O)cc1,CC(Cc1ccc(cc1)C(C(=O)O)C)C,2,2,0,100.00000000,Moderate (>0.5 to 1.0 log unit),-5.50300000,-4.99600000,-5.24950000,-5.24950000,0.35850314,0.25350000,0.50700000,3.21366054,-5.50300000,-4.99600000,-5.24950000,-5.24950000,0.35850314,0.25350000,0.50700000,-5.53980265,-5.53896960,-5.53938613,-5.53938613,0.00058905,0.00041652,0.00083304,2,-5.53980265,-5.53896960,-5.53938613,-5.53938613,0.00058905,0.00041652,0.00083304,2,0.03680265,0.54296960,0.28988613,2,2,37,37,"Degim, 1998 || Swart, 2005","Degim, 1998 || Swart, 2005",2,2,10.1016/S0378-5173(98)00113-6 || 10.1016/j.ijpharm.2005.05.030,10.1016/S0378-5173(98)00113-6 || 10.1016/j.ijpharm.2005.05.030,2,2
50,Lysine,NCCCC[C@H](N)C(=O)O,NCCCC[C@@H](C(=O)O)N,2,2,0,100.00000000,Low (≤0.5 log unit),-7.32800000,-6.86000000,-7.09400000,-7.09400000,0.33092597,0.23400000,0.46800000,2.93764965,-7.32800000,-6.86000000,-7.09400000,-7.09400000,0.33092597,0.23400000,0.46800000,-7.15895321,-7.15895321,-7.15895321,-7.15895321,0.00000000,0.00000000,0.00000000,1,-7.15895321,-7.15895321,-7.15895321,-7.15895321,0.00000000,0.00000000,0.00000000,1,0.16904679,0.29895321,0.23400000,2,2,,,"Sznitowska, 1993","Sznitowska, 1993",1,1,10.1016/0378-5173(93)90321-6,10.1016/0378-5173(93)90321-6,1,1
51,Methyl 4-hydroxybenzoate,COC(=O)c1ccc(O)cc1,COC(=O)c1ccc(cc1)O,4,4,0,100.00000000,Low (≤0.5 log unit),-5.63400000,-5.23000000,-5.52300000,-5.61400000,0.19611221,0.12800000,0.40400000,2.53512863,-5.63400000,-5.23000000,-5.52300000,-5.61400000,0.19611221,0.12800000,0.40400000,-5.49396159,-5.46314962,-5.47085262,-5.46314962,0.01540598,0.00770299,0.03081196,2,-5.49396159,-5.46314962,-5.47085262,-5.46314962,0.01540598,0.00770299,0.03081196,2,0.10203841,0.23314962,0.16872220,4,4,32 | 25,32 | 25,"Akomeah, 2007 || Roberts, 1977 || Romonchuk, 2010 || Zhang, 2009","Akomeah, 2007 || Roberts, 1977 || Romonchuk, 2010 || Zhang, 2009",4,4,10.1002/jps.20773 || 10.1111/j.2042-7158.1977.tb11434.x || 10.1159/000272121 || 10.1007/s11095-009-9912-4,10.1002/jps.20773 || 10.1111/j.2042-7158.1977.tb11434.x || 10.1159/000272121 || 10.1007/s11095-009-9912-4,4,4
52,Mannitol,OC[C@@H](O)[C@@H](O)[C@H](O)[C@H](O)CO,OC[C@H]([C@H]([C@@H]([C@@H](CO)O)O)O)O,4,4,0,100.00000000,Low (≤0.5 log unit),-8.15800000,-7.77100000,-7.91550000,-7.86650000,0.17404310,0.18150000,0.38700000,2.43781082,-8.15800000,-7.77100000,-7.91550000,-7.86650000,0.17404310,0.18150000,0.38700000,-7.98779468,-7.92045973,-7.96033199,-7.96653678,0.02840772,0.01683374,0.06733496,3,-7.98779468,-7.92045973,-7.96033199,-7.96653678,0.02840772,0.01683374,0.06733496,3,0.04353678,0.21679468,0.14056360,4,4,37 | 32 | 30,37 | 32 | 30,"Peck, 1994 || Clowes, 1994 || Scott, 1990","Peck, 1994 || Clowes, 1994 || Scott, 1990",3,3,10.1023/A:1018998529283 || 10.1016/0887-2333(94)90078-7 || 10.1111/1523-1747.ep12475447,10.1023/A:1018998529283 || 10.1016/0887-2333(94)90078-7 || 10.1111/1523-1747.ep12475447,3,3
53,Butoxyethanol,CCCCOC(C)O,CCCCOC(O)C,3,3,0,100.00000000,Low (≤0.5 log unit),-6.36400000,-5.98200000,-6.11533333,-6.00000000,0.21553963,0.19100000,0.38200000,2.40990543,-6.36400000,-5.98200000,-6.11533333,-6.00000000,0.21553963,0.19100000,0.38200000,-5.78737537,-5.78737537,-5.78737537,-5.78737537,0.00000000,0.00000000,0.00000000,1,-5.78737537,-5.78737537,-5.78737537,-5.78737537,0.00000000,0.00000000,0.00000000,1,0.19462463,0.57662463,0.32795797,3,3,32,32,"Buist, 2010 || Wilkinson, 2006","Buist, 2010 || Wilkinson, 2006",2,2,10.1016/j.yrtph.2010.02.008 || 10.1007/s00420-005-0056-5,10.1016/j.yrtph.2010.02.008 || 10.1007/s00420-005-0056-5,2,2
54,2-Naphthol,Oc1ccc2ccccc2c1,Oc1ccc2c(c1)cccc2,2,2,0,100.00000000,Low (≤0.5 log unit),-5.11100000,-4.75700000,-4.93400000,-4.93400000,0.25031580,0.17700000,0.35400000,2.25943577,-5.11100000,-4.75700000,-4.93400000,-4.93400000,0.25031580,0.17700000,0.35400000,-4.95619648,-4.93168735,-4.94394192,-4.94394192,0.01733057,0.01225456,0.02450913,2,-4.95619648,-4.93168735,-4.94394192,-4.94394192,0.01733057,0.01225456,0.02450913,2,0.15480352,0.17468735,0.16474544,2,2,25 | 32,25 | 32,"Roberts, 1977 || Zhang, 2009","Roberts, 1977 || Zhang, 2009",2,2,10.1111/j.2042-7158.1977.tb11434.x || 10.1007/s11095-009-9912-4,10.1111/j.2042-7158.1977.tb11434.x || 10.1007/s11095-009-9912-4,2,2
55,Ethylene glycol mono methyl ether acetate,COCCOC(C)=O,COCCOC(=O)C,2,2,0,100.00000000,Low (≤0.5 log unit),-6.63700000,-6.29900000,-6.46800000,-6.46800000,0.23900209,0.16900000,0.33800000,2.17770977,-6.63700000,-6.29900000,-6.46800000,-6.46800000,0.23900209,0.16900000,0.33800000,-6.13496448,-6.13496448,-6.13496448,-6.13496448,0.00000000,0.00000000,0.00000000,1,-6.13496448,-6.13496448,-6.13496448,-6.13496448,0.00000000,0.00000000,0.00000000,1,0.16403552,0.50203552,0.33303552,2,2,,,"Venier, 2004","Venier, 2004",1,1,10.1016/j.tiv.2004.03.004,10.1016/j.tiv.2004.03.004,1,1
56,"2,4-Dichlorophenol",Oc1ccc(Cl)cc1Cl,Clc1ccc(c(c1)Cl)O,2,2,0,100.00000000,Low (≤0.5 log unit),-5.06500000,-4.77800000,-4.92150000,-4.92150000,0.20293965,0.14350000,0.28700000,1.93642196,-5.06500000,-4.77800000,-4.92150000,-4.92150000,0.20293965,0.14350000,0.28700000,-4.71793829,-4.71530510,-4.71662170,-4.71662170,0.00186195,0.00131659,0.00263319,2,-4.71793829,-4.71530510,-4.71662170,-4.71662170,0.00186195,0.00131659,0.00263319,2,0.06269490,0.34706171,0.20487830,2,2,25,25,"Buist, 2010 || Roberts, 1977","Buist, 2010 || Roberts, 1977",2,2,10.1016/j.yrtph.2010.02.008 || 10.1111/j.2042-7158.1977.tb11434.x,10.1016/j.yrtph.2010.02.008 || 10.1111/j.2042-7158.1977.tb11434.x,2,2
57,Chlorpheniramine,CN(C)CCC(c1ccc(Cl)cc1)c1ccccn1,CN(CCC(c1ccccn1)c1ccc(cc1)Cl)C,2,1,1,50.00000000,Low (≤0.5 log unit),-6.49100000,-6.21600000,-6.35350000,-6.35350000,0.19445436,0.13750000,0.27500000,1.88364909,-6.21600000,-6.21600000,-6.21600000,-6.21600000,,0.00000000,0.00000000,-5.68181778,-5.68181778,-5.68181778,-5.68181778,0.00000000,0.00000000,0.00000000,1,-5.68181778,-5.68181778,-5.68181778,-5.68181778,,0.00000000,0.00000000,1,0.53418222,0.53418222,0.53418222,2,1,30,30,"Michaels A. S., 1975","Michaels A. S., 1975",1,1,10.1002/aic.690210522,10.1002/aic.690210522,1,1
58,Ethylene glycol mono isopropyl ether,CC(C)OCCO,OCCOC(C)C,2,2,0,100.00000000,Low (≤0.5 log unit),-7.12500000,-6.91300000,-7.01900000,-7.01900000,0.14990664,0.10600000,0.21200000,1.62929603,-7.12500000,-6.91300000,-7.01900000,-7.01900000,0.14990664,0.10600000,0.21200000,-6.70777923,-6.70777923,-6.70777923,-6.70777923,0.00000000,0.00000000,0.00000000,1,-6.70777923,-6.70777923,-6.70777923,-6.70777923,0.00000000,0.00000000,0.00000000,1,0.20522077,0.41722077,0.31122077,2,2,,,"Venier, 2004","Venier, 2004",1,1,10.1016/j.tiv.2004.03.004,10.1016/j.tiv.2004.03.004,1,1
59,Butyl p-aminobenzoate,CCCCOC(=O)c1ccc(N)cc1,CCCCOC(=O)c1ccc(cc1)N,2,2,0,100.00000000,Low (≤0.5 log unit),-4.60700000,-4.41000000,-4.50850000,-4.50850000,0.13930004,0.09850000,0.19700000,1.57398286,-4.60700000,-4.41000000,-4.50850000,-4.50850000,0.13930004,0.09850000,0.19700000,-5.00240509,-5.00240509,-5.00240509,-5.00240509,0.00000000,0.00000000,0.00000000,1,-5.00240509,-5.00240509,-5.00240509,-5.00240509,0.00000000,0.00000000,0.00000000,1,0.39540509,0.59240509,0.49390509,2,2,25,25,"Roy, 1993","Roy, 1993",1,1,10.1002/jps.2600821217,10.1002/jps.2600821217,1,1
60,Chlorocresol,Cc1c(O)cccc1Cl,Cc1c(O)cccc1Cl,2,2,0,100.00000000,Low (≤0.5 log unit),-5.00000000,-4.81600000,-4.90800000,-4.90800000,0.13010765,0.09200000,0.18400000,1.52756606,-5.00000000,-4.81600000,-4.90800000,-4.90800000,0.13010765,0.09200000,0.18400000,-4.91424669,-4.88830638,-4.90127654,-4.90127654,0.01834257,0.01297015,0.02594031,2,-4.91424669,-4.88830638,-4.90127654,-4.90127654,0.01834257,0.01297015,0.02594031,2,0.09824669,0.11169362,0.10497015,2,2,25 | 32,25 | 32,"Roberts, 1977 || Zhang, 2009","Roberts, 1977 || Zhang, 2009",2,2,10.1111/j.2042-7158.1977.tb11434.x || 10.1007/s11095-009-9912-4,10.1111/j.2042-7158.1977.tb11434.x || 10.1007/s11095-009-9912-4,2,2
61,Benzene,c1ccccc1,c1ccccc1,2,2,0,100.00000000,Low (≤0.5 log unit),-4.51100000,-4.35200000,-4.43150000,-4.43150000,0.11242998,0.07950000,0.15900000,1.44211535,-4.51100000,-4.35200000,-4.43150000,-4.43150000,0.11242998,0.07950000,0.15900000,-4.39843731,-4.38829441,-4.39336586,-4.39336586,0.00717212,0.00507145,0.01014290,2,-4.39843731,-4.38829441,-4.39336586,-4.39336586,0.00717212,0.00507145,0.01014290,2,0.04643731,0.12270559,0.08457145,2,2,31 | 25,31 | 25,"Blank, 1985 || Mitragotri, 1995","Blank, 1985 || Mitragotri, 1995",2,2,10.1111/1523-1747.ep12277325 || 10.1002/jps.2600840607,10.1111/1523-1747.ep12277325 || 10.1002/jps.2600840607,2,2
62,Aspartic acid,NC(CC(=O)O)C(=O)O,OC(=O)CC(C(=O)O)N,2,2,0,100.00000000,Low (≤0.5 log unit),-7.58500000,-7.43200000,-7.50850000,-7.50850000,0.10818734,0.07650000,0.15300000,1.42232879,-7.58500000,-7.43200000,-7.50850000,-7.50850000,0.10818734,0.07650000,0.15300000,-7.63349631,-7.63349631,-7.63349631,-7.63349631,0.00000000,0.00000000,0.00000000,1,-7.63349631,-7.63349631,-7.63349631,-7.63349631,0.00000000,0.00000000,0.00000000,1,0.04849631,0.20149631,0.12499631,2,2,,,"Sznitowska, 1993","Sznitowska, 1993",1,1,10.1016/0378-5173(93)90321-6,10.1016/0378-5173(93)90321-6,1,1
63,Chloroxylenol,Cc1ccc(Cl)c(O)c1C,Cc1ccc(c(c1C)O)Cl,2,2,0,100.00000000,Low (≤0.5 log unit),-4.78500000,-4.65100000,-4.71800000,-4.71800000,0.09475231,0.06700000,0.13400000,1.36144468,-4.78500000,-4.65100000,-4.71800000,-4.71800000,0.09475231,0.06700000,0.13400000,-4.90191039,-4.88430592,-4.89310815,-4.89310815,0.01244824,0.00880223,0.01760446,2,-4.90191039,-4.88430592,-4.89310815,-4.89310815,0.01244824,0.00880223,0.01760446,2,0.11691039,0.23330592,0.17510815,2,2,25 | 32,25 | 32,"Roberts, 1977 || Zhang, 2009","Roberts, 1977 || Zhang, 2009",2,2,10.1111/j.2042-7158.1977.tb11434.x || 10.1007/s11095-009-9912-4,10.1111/j.2042-7158.1977.tb11434.x || 10.1007/s11095-009-9912-4,2,2
64,Flufenamic acid,O=C(O)c1ccccc1Nc1cccc(C(F)(F)F)c1,OC(=O)c1ccccc1Nc1cccc(c1)C(F)(F)F,4,4,0,100.00000000,Low (≤0.5 log unit),-6.20100000,-6.09400000,-6.15000000,-6.15250000,0.05535943,0.08900000,0.10700000,1.27938130,-6.20100000,-6.09400000,-6.15000000,-6.15250000,0.05535943,0.08900000,0.10700000,-6.14900596,-6.14900596,-6.14900596,-6.14900596,0.00000000,0.00000000,0.00000000,1,-6.14900596,-6.14900596,-6.14900596,-6.14900596,0.00000000,0.00000000,0.00000000,1,0.03800596,0.05500596,0.04750000,4,4,32,32,"Henning, 2008","Henning, 2008",1,1,10.1159/000112958,10.1159/000112958,1,1
65,Histidine,N[C@@H](Cc1c[nH]cn1)C(=O)O,N[C@H](C(=O)O)Cc1c[nH]cn1,3,3,0,100.00000000,Low (≤0.5 log unit),-7.90700000,-7.81200000,-7.87400000,-7.90300000,0.05373081,0.04750000,0.09500000,1.24451461,-7.90700000,-7.81200000,-7.87400000,-7.90300000,0.05373081,0.04750000,0.09500000,-7.59313163,-7.59313163,-7.59313163,-7.59313163,0.00000000,0.00000000,0.00000000,1,-7.59313163,-7.59313163,-7.59313163,-7.59313163,0.00000000,0.00000000,0.00000000,1,0.21886837,0.31386837,0.28086837,3,3,,,"Sznitowska, 1993","Sznitowska, 1993",1,1,10.1016/0378-5173(93)90321-6,10.1016/0378-5173(93)90321-6,1,1
66,Thymol,Cc1ccc(C(C)C)c(O)c1,Cc1ccc(c(c1)O)C(C)C,3,3,0,100.00000000,Low (≤0.5 log unit),-4.86000000,-4.77000000,-4.82133333,-4.83400000,0.04631774,0.04500000,0.09000000,1.23026877,-4.86000000,-4.77000000,-4.82133333,-4.83400000,0.04631774,0.04500000,0.09000000,-4.77349764,-4.74197271,-4.75248102,-4.74197271,0.01820093,0.01576247,0.03152494,2,-4.77349764,-4.74197271,-4.75248102,-4.74197271,0.01820093,0.01576247,0.03152494,2,0.02802729,0.11802729,0.06885232,3,3,25 | 32,25 | 32,"Chantasart, 2010 || Roberts, 1977 || Zhang, 2009","Chantasart, 2010 || Roberts, 1977 || Zhang, 2009",3,3,10.1007/s11095-010-0181-z || 10.1111/j.2042-7158.1977.tb11434.x || 10.1007/s11095-009-9912-4,10.1007/s11095-010-0181-z || 10.1111/j.2042-7158.1977.tb11434.x || 10.1007/s11095-009-9912-4,3,3
67,1-Methoxy-2-Propanol,COCC(C)O,COCC(O)C,2,2,0,100.00000000,Low (≤0.5 log unit),-6.45900000,-6.39700000,-6.42800000,-6.42800000,0.04384062,0.03100000,0.06200000,1.15345326,-6.45900000,-6.39700000,-6.42800000,-6.42800000,0.04384062,0.03100000,0.06200000,-6.82087408,-6.80702636,-6.81395022,-6.81395022,0.00979182,0.00692386,0.01384772,2,-6.82087408,-6.80702636,-6.81395022,-6.81395022,0.00979182,0.00692386,0.01384772,2,0.36187408,0.41002636,0.38595022,2,2,30,30,"Wilkinson, 2002 || Dugard, 1984","Wilkinson, 2002 || Dugard, 1984",2,2,10.1007/s00420-002-0367-8 || 10.1289/ehp.8457193,10.1007/s00420-002-0367-8 || 10.1289/ehp.8457193,2,2
68,Carvacrol,Cc1ccc(C(C)C)cc1O,CC(c1ccc(c(c1)O)C)C,2,2,0,100.00000000,Low (≤0.5 log unit),-4.84200000,-4.81000000,-4.82600000,-4.82600000,0.02262742,0.01600000,0.03200000,1.07646521,-4.84200000,-4.81000000,-4.82600000,-4.82600000,0.02262742,0.01600000,0.03200000,-4.78802485,-4.78802485,-4.78802485,-4.78802485,0.00000000,0.00000000,0.00000000,1,-4.78802485,-4.78802485,-4.78802485,-4.78802485,0.00000000,0.00000000,0.00000000,1,0.02197515,0.05397515,0.03797515,2,2,32,32,"Chantasart, 2010 || Zhang, 2009","Chantasart, 2010 || Zhang, 2009",2,2,10.1007/s11095-010-0181-z || 10.1007/s11095-009-9912-4,10.1007/s11095-010-0181-z || 10.1007/s11095-009-9912-4,2,2
69,Phenol,Oc1ccccc1,Oc1ccccc1,2,2,0,100.00000000,Low (≤0.5 log unit),-5.61400000,-5.58600000,-5.60000000,-5.60000000,0.01979899,0.01400000,0.02800000,1.06659612,-5.61400000,-5.58600000,-5.60000000,-5.60000000,0.01979899,0.01400000,0.02800000,-6.05113269,-6.03762779,-6.04438024,-6.04438024,0.00954940,0.00675245,0.01350489,2,-6.05113269,-6.03762779,-6.04438024,-6.04438024,0.00954940,0.00675245,0.01350489,2,0.42362779,0.46513269,0.44438024,2,2,37 | 25,37 | 25,"du Plessis, 2002 || Roberts, 1977","du Plessis, 2002 || Roberts, 1977",2,2,10.1016/S0928-0987(02)00085-4 || 10.1111/j.2042-7158.1977.tb11434.x,10.1016/S0928-0987(02)00085-4 || 10.1111/j.2042-7158.1977.tb11434.x,2,2
70,Diethyl ether,CCOCC,CCOCC,2,2,0,100.00000000,Low (≤0.5 log unit),-5.35200000,-5.32500000,-5.33850000,-5.33850000,0.01909188,0.01350000,0.02700000,1.06414302,-5.35200000,-5.32500000,-5.33850000,-5.33850000,0.01909188,0.01350000,0.02700000,-5.49390726,-5.47589023,-5.48489874,-5.48489874,0.01273996,0.00900851,0.01801702,2,-5.49390726,-5.47589023,-5.48489874,-5.48489874,0.01273996,0.00900851,0.01801702,2,0.12389023,0.16890726,0.14639874,2,2,30,30,"Blank, 1967 || Scheuplein, 1967","Blank, 1967 || Scheuplein, 1967",2,2,10.1038/jid.1967.184 || 10.1038/jid.1967.11,10.1038/jid.1967.184 || 10.1038/jid.1967.11,2,2
71,1-Octyl-2-Pyrrolidone,CCCCCCCCN1CCCC1=O,CCCCCCCCN1CCCC1=O,2,2,0,100.00000000,Low (≤0.5 log unit),-4.82700000,-4.81000000,-4.81850000,-4.81850000,0.01202082,0.00850000,0.01700000,1.03992017,-4.82700000,-4.81000000,-4.81850000,-4.81850000,0.01202082,0.00850000,0.01700000,-5.40574154,-5.40574154,-5.40574154,-5.40574154,0.00000000,0.00000000,0.00000000,1,-5.40574154,-5.40574154,-5.40574154,-5.40574154,0.00000000,0.00000000,0.00000000,1,0.57874154,0.59574154,0.58724154,2,2,,,"Chantasart, 2010","Chantasart, 2010",1,1,10.1007/s11095-010-0181-z,10.1007/s11095-010-0181-z,1,1
72,Hydrocortisone 21-propionate,CCC(=O)OCC(=O)[C@@]1(O)CC[C@H]2[C@@H]3CCC4=CC(=O)CC[C@]4(C)[C@H]3[C@@H](O)C[C@@]21C,CCC(=O)OCC(=O)[C@@]1(O)CC[C@@H]2[C@]1(C)C[C@H](O)[C@H]1[C@H]2CCC2=CC(=O)CC[C@]12C,2,2,0,100.00000000,Low (≤0.5 log unit),-6.03800000,-6.02500000,-6.03150000,-6.03150000,0.00919239,0.00650000,0.01300000,1.03038612,-6.03800000,-6.02500000,-6.03150000,-6.03150000,0.00919239,0.00650000,0.01300000,-6.20079084,-6.20079084,-6.20079084,-6.20079084,0.00000000,0.00000000,0.00000000,1,-6.20079084,-6.20079084,-6.20079084,-6.20079084,0.00000000,0.00000000,0.00000000,1,0.16279084,0.17579084,0.16929084,2,2,37,37,"Anderson, 1988","Anderson, 1988",1,1,10.1023/a:1015989929342,10.1023/a:1015989929342,1,1
73,"2,3-Butanediol",CC(O)C(C)O,CC(C(O)C)O,2,2,0,100.00000000,Low (≤0.5 log unit),-7.85700000,-7.85700000,-7.85700000,-7.85700000,0.00000000,0.00000000,0.00000000,1.00000000,-7.85700000,-7.85700000,-7.85700000,-7.85700000,0.00000000,0.00000000,0.00000000,-7.55467300,-7.51394067,-7.53430684,-7.53430684,0.02880210,0.02036616,0.04073232,2,-7.55467300,-7.51394067,-7.53430684,-7.53430684,0.02880210,0.02036616,0.04073232,2,0.30232700,0.34305933,0.32269316,2,2,30,30,"Blank, 1967 || Scheuplein, 1967","Blank, 1967 || Scheuplein, 1967",2,2,10.1038/jid.1967.184 || 10.1038/jid.1967.11,10.1038/jid.1967.184 || 10.1038/jid.1967.11,2,2
74,Butan-2-one,CCC(C)=O,CCC(=O)C,2,2,0,100.00000000,Low (≤0.5 log unit),-5.90300000,-5.90300000,-5.90300000,-5.90300000,0.00000000,0.00000000,0.00000000,1.00000000,-5.90300000,-5.90300000,-5.90300000,-5.90300000,0.00000000,0.00000000,0.00000000,-6.34493728,-6.29942838,-6.32218283,-6.32218283,0.03217965,0.02275445,0.04550890,2,-6.34493728,-6.29942838,-6.32218283,-6.32218283,0.03217965,0.02275445,0.04550890,2,0.39642838,0.44193728,0.41918283,2,2,30,30,"Blank, 1967 || Scheuplein, 1967","Blank, 1967 || Scheuplein, 1967",2,2,10.1038/jid.1967.184 || 10.1038/jid.1967.11,10.1038/jid.1967.184 || 10.1038/jid.1967.11,2,2
75,Fluocinonide,CC(=O)OCC(=O)[C@@]12OC(C)(C)O[C@@H]1C[C@H]1[C@@H]3C[C@H](F)C4=CC(=O)C=C[C@]4(C)[C@@]3(F)[C@@H](O)C[C@@]12C,CC(=O)OCC(=O)[C@@]12OC(O[C@@H]1C[C@@H]1[C@]2(C)C[C@H](O)[C@]2([C@H]1C[C@@H](C1=CC(=O)C=C[C@]21C)F)F)(C)C,2,2,0,100.00000000,Low (≤0.5 log unit),-6.32600000,-6.32600000,-6.32600000,-6.32600000,0.00000000,0.00000000,0.00000000,1.00000000,-6.32600000,-6.32600000,-6.32600000,-6.32600000,0.00000000,0.00000000,0.00000000,-6.49437877,-6.49437877,-6.49437877,-6.49437877,0.00000000,0.00000000,0.00000000,1,-6.49437877,-6.49437877,-6.49437877,-6.49437877,0.00000000,0.00000000,0.00000000,1,0.16837877,0.16837877,0.16837877,2,2,37,37,"Anderson, 1988","Anderson, 1988",1,1,10.1023/a:1015989929342,10.1023/a:1015989929342,1,1
76,"1,2,4-Benzenetriol",Oc1ccc(O)c(O)c1,Oc1ccc(c(c1)O)O,1,1,0,100.00000000,Single measurement,-7.45600000,-7.45600000,-7.45600000,-7.45600000,,0.00000000,0.00000000,1.00000000,-7.45600000,-7.45600000,-7.45600000,-7.45600000,,0.00000000,0.00000000,-7.24970682,-7.24970682,-7.24970682,-7.24970682,,0.00000000,0.00000000,1,-7.24970682,-7.24970682,-7.24970682,-7.24970682,,0.00000000,0.00000000,1,0.20629318,0.20629318,0.20629318,1,1,37,37,"du Plessis, 2002","du Plessis, 2002",1,1,10.1016/S0928-0987(02)00085-4,10.1016/S0928-0987(02)00085-4,1,1
77,1-Hexyl-2-Pyrrolidone,CCCCCCN1CCCC1=O,CCCCCCN1CCCC1=O,1,1,0,100.00000000,Single measurement,-5.20800000,-5.20800000,-5.20800000,-5.20800000,,0.00000000,0.00000000,1.00000000,-5.20800000,-5.20800000,-5.20800000,-5.20800000,,0.00000000,0.00000000,-5.28566611,-5.28566611,-5.28566611,-5.28566611,,0.00000000,0.00000000,1,-5.28566611,-5.28566611,-5.28566611,-5.28566611,,0.00000000,0.00000000,1,0.07766611,0.07766611,0.07766611,1,1,,,"Chantasart, 2010","Chantasart, 2010",1,1,10.1007/s11095-010-0181-z,10.1007/s11095-010-0181-z,1,1
78,17-Hydroxyprogesterone,CC(=O)[C@@]1(O)CC[C@H]2[C@@H]3CCC4=CC(=O)CC[C@]4(C)[C@H]3CC[C@@]21C,O=C1CC[C@]2(C(=C1)CC[C@@H]1[C@@H]2CC[C@]2([C@H]1CC[C@]2(O)C(=O)C)C)C,1,1,0,100.00000000,Single measurement,-6.77800000,-6.77800000,-6.77800000,-6.77800000,,0.00000000,0.00000000,1.00000000,-6.77800000,-6.77800000,-6.77800000,-6.77800000,,0.00000000,0.00000000,-6.71324768,-6.71324768,-6.71324768,-6.71324768,,0.00000000,0.00000000,1,-6.71324768,-6.71324768,-6.71324768,-6.71324768,,0.00000000,0.00000000,1,0.06475232,0.06475232,0.06475232,1,1,26,26,"Scheuplein, 1969","Scheuplein, 1969",1,1,10.1038/jid.1969.9,10.1038/jid.1969.9,1,1
79,"2,4,6-Trichlorophenol",Oc1c(Cl)cc(Cl)cc1Cl,Clc1cc(Cl)c(c(c1)Cl)O,1,1,0,100.00000000,Single measurement,-4.78300000,-4.78300000,-4.78300000,-4.78300000,,0.00000000,0.00000000,1.00000000,-4.78300000,-4.78300000,-4.78300000,-4.78300000,,0.00000000,0.00000000,-4.80543357,-4.80543357,-4.80543357,-4.80543357,,0.00000000,0.00000000,1,-4.80543357,-4.80543357,-4.80543357,-4.80543357,,0.00000000,0.00000000,1,0.02243357,0.02243357,0.02243357,1,1,25,25,"Roberts, 1977","Roberts, 1977",1,1,10.1111/j.2042-7158.1977.tb11434.x,10.1111/j.2042-7158.1977.tb11434.x,1,1
80,2-Ethylhexanol,CCCCC(CC)CO,CCCCC(CO)CC,1,1,0,100.00000000,Single measurement,-4.34300000,-4.34300000,-4.34300000,-4.34300000,,0.00000000,0.00000000,1.00000000,-4.34300000,-4.34300000,-4.34300000,-4.34300000,,0.00000000,0.00000000,-4.93673172,-4.93673172,-4.93673172,-4.93673172,,0.00000000,0.00000000,1,-4.93673172,-4.93673172,-4.93673172,-4.93673172,,0.00000000,0.00000000,1,0.59373172,0.59373172,0.59373172,1,1,,,"Barber, 1992","Barber, 1992",1,1,10.1016/0272-0590(92)90086-W,10.1016/0272-0590(92)90086-W,1,1
81,2-Methoxyethanol,COCCO,COCCO,1,1,0,100.00000000,Single measurement,-6.09500000,-6.09500000,-6.09500000,-6.09500000,,0.00000000,0.00000000,1.00000000,-6.09500000,-6.09500000,-6.09500000,-6.09500000,,0.00000000,0.00000000,-6.40675730,-6.40675730,-6.40675730,-6.40675730,,0.00000000,0.00000000,1,-6.40675730,-6.40675730,-6.40675730,-6.40675730,,0.00000000,0.00000000,1,0.31175730,0.31175730,0.31175730,1,1,30,30,"Dugard, 1984","Dugard, 1984",1,1,10.1289/ehp.8457193,10.1289/ehp.8457193,1,1
82,2-Nitro-p-Phenylenediamine,Nc1ccc(N)c([N+](=O)[O-])c1,Nc1ccc(c(c1)[N+](=O)[O-])N,1,1,0,100.00000000,Single measurement,-6.85700000,-6.85700000,-6.85700000,-6.85700000,,0.00000000,0.00000000,1.00000000,-6.85700000,-6.85700000,-6.85700000,-6.85700000,,0.00000000,0.00000000,-6.47061896,-6.47061896,-6.47061896,-6.47061896,,0.00000000,0.00000000,1,-6.47061896,-6.47061896,-6.47061896,-6.47061896,,0.00000000,0.00000000,1,0.38638104,0.38638104,0.38638104,1,1,32,32,"Bronaugh, 1984","Bronaugh, 1984",1,1,10.1111/1523-1747.ep12263302,10.1111/1523-1747.ep12263302,1,1
83,2-Phenylethanol,OCCc1ccccc1,OCCc1ccccc1,1,1,0,100.00000000,Single measurement,-5.27600000,-5.27600000,-5.27600000,-5.27600000,,0.00000000,0.00000000,1.00000000,-5.27600000,-5.27600000,-5.27600000,-5.27600000,,0.00000000,0.00000000,-5.26347735,-5.26347735,-5.26347735,-5.26347735,,0.00000000,0.00000000,1,-5.26347735,-5.26347735,-5.26347735,-5.26347735,,0.00000000,0.00000000,1,0.01252265,0.01252265,0.01252265,1,1,,,"Chantasart, 2010","Chantasart, 2010",1,1,10.1007/s11095-010-0181-z,10.1007/s11095-010-0181-z,1,1
84,"3,4-Xylenol",Cc1ccc(O)cc1C,Oc1ccc(c(c1)C)C,1,1,0,100.00000000,Single measurement,-5.00000000,-5.00000000,-5.00000000,-5.00000000,,0.00000000,0.00000000,1.00000000,-5.00000000,-5.00000000,-5.00000000,-5.00000000,,0.00000000,0.00000000,-5.02496825,-5.02496825,-5.02496825,-5.02496825,,0.00000000,0.00000000,1,-5.02496825,-5.02496825,-5.02496825,-5.02496825,,0.00000000,0.00000000,1,0.02496825,0.02496825,0.02496825,1,1,25,25,"Roberts, 1977","Roberts, 1977",1,1,10.1111/j.2042-7158.1977.tb11434.x,10.1111/j.2042-7158.1977.tb11434.x,1,1
85,4-Chloro-m-Phenylenediamine,Nc1ccc(Cl)c(N)c1,Nc1ccc(c(c1)N)Cl,1,1,0,100.00000000,Single measurement,-6.23400000,-6.23400000,-6.23400000,-6.23400000,,0.00000000,0.00000000,1.00000000,-6.23400000,-6.23400000,-6.23400000,-6.23400000,,0.00000000,0.00000000,-6.53106253,-6.53106253,-6.53106253,-6.53106253,,0.00000000,0.00000000,1,-6.53106253,-6.53106253,-6.53106253,-6.53106253,,0.00000000,0.00000000,1,0.29706253,0.29706253,0.29706253,1,1,32,32,"Bronaugh, 1984","Bronaugh, 1984",1,1,10.1111/1523-1747.ep12263302,10.1111/1523-1747.ep12263302,1,1
86,4-Cyanophenol,N#Cc1ccc(O)cc1,N#Cc1ccc(cc1)O,1,1,0,100.00000000,Single measurement,-5.73100000,-5.73100000,-5.73100000,-5.73100000,,0.00000000,0.00000000,1.00000000,-5.73100000,-5.73100000,-5.73100000,-5.73100000,,0.00000000,0.00000000,-5.99638997,-5.99638997,-5.99638997,-5.99638997,,0.00000000,0.00000000,1,-5.99638997,-5.99638997,-5.99638997,-5.99638997,,0.00000000,0.00000000,1,0.26538997,0.26538997,0.26538997,1,1,32,32,"Romonchuk, 2010","Romonchuk, 2010",1,1,10.1159/000272121,10.1159/000272121,1,1
87,4-Hydroxybenzyl alcohol,OCc1ccc(O)cc1,OCc1ccc(cc1)O,1,1,0,100.00000000,Single measurement,-6.25500000,-6.25500000,-6.25500000,-6.25500000,,0.00000000,0.00000000,1.00000000,-6.25500000,-6.25500000,-6.25500000,-6.25500000,,0.00000000,0.00000000,-6.22689133,-6.22689133,-6.22689133,-6.22689133,,0.00000000,0.00000000,1,-6.22689133,-6.22689133,-6.22689133,-6.22689133,,0.00000000,0.00000000,1,0.02810867,0.02810867,0.02810867,1,1,,,"Anderson, 1989","Anderson, 1989",1,1,10.1111/1523-1747.ep12277592,10.1111/1523-1747.ep12277592,1,1
88,4-Hydroxyphenylacetamide,NC(=O)Cc1ccc(O)cc1,NC(=O)Cc1ccc(cc1)O,1,1,0,100.00000000,Single measurement,-6.90300000,-6.90300000,-6.90300000,-6.90300000,,0.00000000,0.00000000,1.00000000,-6.90300000,-6.90300000,-6.90300000,-6.90300000,,0.00000000,0.00000000,-6.94833267,-6.94833267,-6.94833267,-6.94833267,,0.00000000,0.00000000,1,-6.94833267,-6.94833267,-6.94833267,-6.94833267,,0.00000000,0.00000000,1,0.04533267,0.04533267,0.04533267,1,1,,,"Anderson, 1989","Anderson, 1989",1,1,10.1111/1523-1747.ep12277592,10.1111/1523-1747.ep12277592,1,1
89,4-Hydroxyphenylacetic acid,O=C(O)Cc1ccc(O)cc1,OC(=O)Cc1ccc(cc1)O,1,1,0,100.00000000,Single measurement,-6.15800000,-6.15800000,-6.15800000,-6.15800000,,0.00000000,0.00000000,1.00000000,-6.15800000,-6.15800000,-6.15800000,-6.15800000,,0.00000000,0.00000000,-5.72637179,-5.72637179,-5.72637179,-5.72637179,,0.00000000,0.00000000,1,-5.72637179,-5.72637179,-5.72637179,-5.72637179,,0.00000000,0.00000000,1,0.43162821,0.43162821,0.43162821,1,1,,,"Anderson, 1989","Anderson, 1989",1,1,10.1111/1523-1747.ep12277592,10.1111/1523-1747.ep12277592,1,1
90,4-Propoxyphenol,CCCOc1ccc(O)cc1,CCCOc1ccc(cc1)O,1,1,0,100.00000000,Single measurement,-5.38000000,-5.38000000,-5.38000000,-5.38000000,,0.00000000,0.00000000,1.00000000,-5.38000000,-5.38000000,-5.38000000,-5.38000000,,0.00000000,0.00000000,-5.38214544,-5.38214544,-5.38214544,-5.38214544,,0.00000000,0.00000000,1,-5.38214544,-5.38214544,-5.38214544,-5.38214544,,0.00000000,0.00000000,1,0.00214544,0.00214544,0.00214544,1,1,32,32,"Zhang, 2009","Zhang, 2009",1,1,10.1007/s11095-009-9912-4,10.1007/s11095-009-9912-4,1,1
91,5-Aminolevulinic acid,NCC(=O)CCC(=O)O,NCC(=O)CCC(=O)O,1,1,0,100.00000000,Single measurement,-7.71100000,-7.71100000,-7.71100000,-7.71100000,,0.00000000,0.00000000,1.00000000,-7.71100000,-7.71100000,-7.71100000,-7.71100000,,0.00000000,0.00000000,-7.28233296,-7.28233296,-7.28233296,-7.28233296,,0.00000000,0.00000000,1,-7.28233296,-7.28233296,-7.28233296,-7.28233296,,0.00000000,0.00000000,1,0.42866704,0.42866704,0.42866704,1,1,35,35,"Krishnan, 2011","Krishnan, 2011",1,1,10.1002/bip.21520,10.1002/bip.21520,1,1
92,Acetic acid,CC(=O)O,CC(=O)O,1,1,0,100.00000000,Single measurement,-6.07900000,-6.07900000,-6.07900000,-6.07900000,,0.00000000,0.00000000,1.00000000,-6.07900000,-6.07900000,-6.07900000,-6.07900000,,0.00000000,0.00000000,-6.35939149,-6.35939149,-6.35939149,-6.35939149,,0.00000000,0.00000000,1,-6.35939149,-6.35939149,-6.35939149,-6.35939149,,0.00000000,0.00000000,1,0.28039149,0.28039149,0.28039149,1,1,,,"Buist, 2010","Buist, 2010",1,1,10.1016/j.yrtph.2010.02.008,10.1016/j.yrtph.2010.02.008,1,1
93,Acetylsalicylic Acid,CC(=O)Oc1ccccc1C(=O)O,CC(=O)Oc1ccccc1C(=O)O,1,1,0,100.00000000,Single measurement,-5.69600000,-5.69600000,-5.69600000,-5.69600000,,0.00000000,0.00000000,1.00000000,-5.69600000,-5.69600000,-5.69600000,-5.69600000,,0.00000000,0.00000000,-5.80135390,-5.80135390,-5.80135390,-5.80135390,,0.00000000,0.00000000,1,-5.80135390,-5.80135390,-5.80135390,-5.80135390,,0.00000000,0.00000000,1,0.10535390,0.10535390,0.10535390,1,1,,,"Degim, 1998","Degim, 1998",1,1,10.1016/S0378-5173(98)00113-6,10.1016/S0378-5173(98)00113-6,1,1
94,Amobarbital,CCC1(CCC(C)C)C(=O)NC(=O)NC1=O,CCC1(CCC(C)C)C(=O)NC(=O)NC1=O,1,1,0,100.00000000,Single measurement,-6.20100000,-6.20100000,-6.20100000,-6.20100000,,0.00000000,0.00000000,1.00000000,-6.20100000,-6.20100000,-6.20100000,-6.20100000,,0.00000000,0.00000000,-6.18206863,-6.18206863,-6.18206863,-6.18206863,,0.00000000,0.00000000,1,-6.18206863,-6.18206863,-6.18206863,-6.18206863,,0.00000000,0.00000000,1,0.01893137,0.01893137,0.01893137,1,1,30,30,"Hadgraft, 1987","Hadgraft, 1987",1,1,10.1016/0378-5173(87)90210-9,10.1016/0378-5173(87)90210-9,1,1
95,Atenolol,CC(C)NCC(O)COc1ccc(CC(N)=O)cc1,OC(COc1ccc(cc1)CC(=O)N)CNC(C)C,1,1,0,100.00000000,Single measurement,-7.85700000,-7.85700000,-7.85700000,-7.85700000,,0.00000000,0.00000000,1.00000000,-7.85700000,-7.85700000,-7.85700000,-7.85700000,,0.00000000,0.00000000,-7.55318636,-7.55318636,-7.55318636,-7.55318636,,0.00000000,0.00000000,1,-7.55318636,-7.55318636,-7.55318636,-7.55318636,,0.00000000,0.00000000,1,0.30381364,0.30381364,0.30381364,1,1,32,32,"Modamio, 2000","Modamio, 2000",1,1,10.1016/S0378-5173(99)00380-4,10.1016/S0378-5173(99)00380-4,1,1
96,Barbital,CCC1(CC)C(=O)NC(=O)NC1=O,CCC1(CC)C(=O)NC(=O)NC1=O,1,1,0,100.00000000,Single measurement,-7.50900000,-7.50900000,-7.50900000,-7.50900000,,0.00000000,0.00000000,1.00000000,-7.50900000,-7.50900000,-7.50900000,-7.50900000,,0.00000000,0.00000000,-7.50766200,-7.50766200,-7.50766200,-7.50766200,,0.00000000,0.00000000,1,-7.50766200,-7.50766200,-7.50766200,-7.50766200,,0.00000000,0.00000000,1,0.00133800,0.00133800,0.00133800,1,1,30,30,"Hadgraft, 1987","Hadgraft, 1987",1,1,10.1016/0378-5173(87)90210-9,10.1016/0378-5173(87)90210-9,1,1
97,Bisoprolol Fumarate,CC(C)NCC(O)COc1ccc(COCCOC(C)C)cc1.O=C(O)/C=C/C(=O)O,OC(COc1ccc(cc1)COCCOC(C)C)CNC(C)C.OC(=O)/C=C/C(=O)O,1,1,0,100.00000000,Single measurement,-7.12500000,-7.12500000,-7.12500000,-7.12500000,,0.00000000,0.00000000,1.00000000,-7.12500000,-7.12500000,-7.12500000,-7.12500000,,0.00000000,0.00000000,-6.97965237,-6.97965237,-6.97965237,-6.97965237,,0.00000000,0.00000000,1,-6.97965237,-6.97965237,-6.97965237,-6.97965237,,0.00000000,0.00000000,1,0.14534763,0.14534763,0.14534763,1,1,32,32,"Modamio, 1998","Modamio, 1998",1,1,10.1016/S0378-5173(98)00214-2,10.1016/S0378-5173(98)00214-2,1,1
98,Borax,[Na+].[Na+].[O-]B1OB2OB([O-])OB(O1)O2,[O-]B1OB2OB(OB(O1)O2)[O-].[Na+].[Na+],1,1,0,100.00000000,Single measurement,-7.32600000,-7.32600000,-7.32600000,-7.32600000,,0.00000000,0.00000000,1.00000000,-7.32600000,-7.32600000,-7.32600000,-7.32600000,,0.00000000,0.00000000,-6.79743137,-6.79743137,-6.79743137,-6.79743137,,0.00000000,0.00000000,1,-6.79743137,-6.79743137,-6.79743137,-6.79743137,,0.00000000,0.00000000,1,0.52856863,0.52856863,0.52856863,1,1,32,32,"Wester, 1998","Wester, 1998",1,1,10.1006/toxs.1998.2490,10.1006/toxs.1998.2490,1,1
99,Boric acid,OB(O)O,OB(O)O,1,1,0,100.00000000,Single measurement,-7.19900000,-7.19900000,-7.19900000,-7.19900000,,0.00000000,0.00000000,1.00000000,-7.19900000,-7.19900000,-7.19900000,-7.19900000,,0.00000000,0.00000000,-7.22136663,-7.22136663,-7.22136663,-7.22136663,,0.00000000,0.00000000,1,-7.22136663,-7.22136663,-7.22136663,-7.22136663,,0.00000000,0.00000000,1,0.02236663,0.02236663,0.02236663,1,1,32,32,"Wester, 1998","Wester, 1998",1,1,10.1006/toxs.1998.2490,10.1006/toxs.1998.2490,1,1
100,Bromoacetic acid,O=C(O)CBr,OC(=O)CBr,1,1,0,100.00000000,Single measurement,-6.41000000,-6.41000000,-6.41000000,-6.41000000,,0.00000000,0.00000000,1.00000000,-6.41000000,-6.41000000,-6.41000000,-6.41000000,,0.00000000,0.00000000,-5.98336273,-5.98336273,-5.98336273,-5.98336273,,0.00000000,0.00000000,1,-5.98336273,-5.98336273,-5.98336273,-5.98336273,,0.00000000,0.00000000,1,0.42663727,0.42663727,0.42663727,1,1,40,40,"Xu, 2002","Xu, 2002",1,1,10.1006/taap.2002.9494,10.1006/taap.2002.9494,1,1
101,Bromochloroacetic acid,O=C(O)C(Cl)Br,OC(=O)C(Br)Cl,1,1,0,100.00000000,Single measurement,-6.35200000,-6.35200000,-6.35200000,-6.35200000,,0.00000000,0.00000000,1.00000000,-6.35200000,-6.35200000,-6.35200000,-6.35200000,,0.00000000,0.00000000,-5.96603700,-5.96603700,-5.96603700,-5.96603700,,0.00000000,0.00000000,1,-5.96603700,-5.96603700,-5.96603700,-5.96603700,,0.00000000,0.00000000,1,0.38596300,0.38596300,0.38596300,1,1,40,40,"Xu, 2002","Xu, 2002",1,1,10.1006/taap.2002.9494,10.1006/taap.2002.9494,1,1
102,Bromodichloromethane,ClC(Cl)Br,ClC(Br)Cl,1,1,0,100.00000000,Single measurement,-4.30100000,-4.30100000,-4.30100000,-4.30100000,,0.00000000,0.00000000,1.00000000,-4.30100000,-4.30100000,-4.30100000,-4.30100000,,0.00000000,0.00000000,-4.88703062,-4.88703062,-4.88703062,-4.88703062,,0.00000000,0.00000000,1,-4.88703062,-4.88703062,-4.88703062,-4.88703062,,0.00000000,0.00000000,1,0.58603062,0.58603062,0.58603062,1,1,25,25,"Xu, 2002","Xu, 2002",1,1,10.1006/taap.2002.9494,10.1006/taap.2002.9494,1,1
103,Butyl 4-hydroxybenzoat,CCCCOC(=O)c1ccc(O)cc1,CCCCOC(=O)c1ccc(cc1)O,1,1,0,100.00000000,Single measurement,-4.53800000,-4.53800000,-4.53800000,-4.53800000,,0.00000000,0.00000000,1.00000000,-4.53800000,-4.53800000,-4.53800000,-4.53800000,,0.00000000,0.00000000,-4.64075240,-4.64075240,-4.64075240,-4.64075240,,0.00000000,0.00000000,1,-4.64075240,-4.64075240,-4.64075240,-4.64075240,,0.00000000,0.00000000,1,0.10275240,0.10275240,0.10275240,1,1,32,32,"Akomeah, 2007","Akomeah, 2007",1,1,10.1002/jps.20773,10.1002/jps.20773,1,1
104,Butyl nicotinate,CCCCOC(=O)c1cccnc1,CCCCOC(=O)c1cccnc1,1,1,0,100.00000000,Single measurement,-5.33500000,-5.33500000,-5.33500000,-5.33500000,,0.00000000,0.00000000,1.00000000,-5.33500000,-5.33500000,-5.33500000,-5.33500000,,0.00000000,0.00000000,-5.07542862,-5.07542862,-5.07542862,-5.07542862,,0.00000000,0.00000000,1,-5.07542862,-5.07542862,-5.07542862,-5.07542862,,0.00000000,0.00000000,1,0.25957138,0.25957138,0.25957138,1,1,37,37,"Dalpozzo, 1991","Dalpozzo, 1991",1,1,10.1002/jps.2600800114,10.1002/jps.2600800114,1,1
105,Catechol,Oc1ccccc1O,Oc1ccccc1O,1,1,0,100.00000000,Single measurement,-6.06600000,-6.06600000,-6.06600000,-6.06600000,,0.00000000,0.00000000,1.00000000,-6.06600000,-6.06600000,-6.06600000,-6.06600000,,0.00000000,0.00000000,-6.11374250,-6.11374250,-6.11374250,-6.11374250,,0.00000000,0.00000000,1,-6.11374250,-6.11374250,-6.11374250,-6.11374250,,0.00000000,0.00000000,1,0.04774250,0.04774250,0.04774250,1,1,37,37,"du Plessis, 2002","du Plessis, 2002",1,1,10.1016/S0928-0987(02)00085-4,10.1016/S0928-0987(02)00085-4,1,1
106,Celiprolol Hydrochloride,CCN(CC)C(=O)Nc1ccc(OCC(O)CNC(C)(C)C)c(C(C)=O)c1.Cl,CCN(C(=O)Nc1ccc(c(c1)C(=O)C)OCC(CNC(C)(C)C)O)CC.Cl,1,1,0,100.00000000,Single measurement,-6.78500000,-6.78500000,-6.78500000,-6.78500000,,0.00000000,0.00000000,1.00000000,-6.78500000,-6.78500000,-6.78500000,-6.78500000,,0.00000000,0.00000000,-6.25949343,-6.25949343,-6.25949343,-6.25949343,,0.00000000,0.00000000,1,-6.25949343,-6.25949343,-6.25949343,-6.25949343,,0.00000000,0.00000000,1,0.52550657,0.52550657,0.52550657,1,1,32,32,"Modamio, 1998","Modamio, 1998",1,1,10.1016/S0378-5173(98)00214-2,10.1016/S0378-5173(98)00214-2,1,1
107,Chloral hydrate,OC(O)C(Cl)(Cl)Cl,OC(C(Cl)(Cl)Cl)O,1,1,0,100.00000000,Single measurement,-5.96500000,-5.96500000,-5.96500000,-5.96500000,,0.00000000,0.00000000,1.00000000,-5.96500000,-5.96500000,-5.96500000,-5.96500000,,0.00000000,0.00000000,-6.34450184,-6.34450184,-6.34450184,-6.34450184,,0.00000000,0.00000000,1,-6.34450184,-6.34450184,-6.34450184,-6.34450184,,0.00000000,0.00000000,1,0.37950184,0.37950184,0.37950184,1,1,37,37,"Trabaris, 2012","Trabaris, 2012",1,1,10.1002/jat.1657,10.1002/jat.1657,1,1
108,Chloroacetic acid,O=C(O)CCl,OC(=O)CCl,1,1,0,100.00000000,Single measurement,-6.51500000,-6.51500000,-6.51500000,-6.51500000,,0.00000000,0.00000000,1.00000000,-6.51500000,-6.51500000,-6.51500000,-6.51500000,,0.00000000,0.00000000,-6.07525353,-6.07525353,-6.07525353,-6.07525353,,0.00000000,0.00000000,1,-6.07525353,-6.07525353,-6.07525353,-6.07525353,,0.00000000,0.00000000,1,0.43974647,0.43974647,0.43974647,1,1,40,40,"Xu, 2002","Xu, 2002",1,1,10.1006/taap.2002.9494,10.1006/taap.2002.9494,1,1
109,Chloroform,ClC(Cl)Cl,ClC(Cl)Cl,1,1,0,100.00000000,Single measurement,-4.35200000,-4.35200000,-4.35200000,-4.35200000,,0.00000000,0.00000000,1.00000000,-4.35200000,-4.35200000,-4.35200000,-4.35200000,,0.00000000,0.00000000,-4.87644390,-4.87644390,-4.87644390,-4.87644390,,0.00000000,0.00000000,1,-4.87644390,-4.87644390,-4.87644390,-4.87644390,,0.00000000,0.00000000,1,0.52444390,0.52444390,0.52444390,1,1,25,25,"Xu, 2002","Xu, 2002",1,1,10.1006/taap.2002.9494,10.1006/taap.2002.9494,1,1
110,Cortexone,C[C@]12CC[C@H]3[C@@H](CCC4=CC(=O)CC[C@@]43C)[C@@H]1CC[C@@H]2C(=O)CO,OCC(=O)[C@H]1CC[C@@H]2[C@]1(C)CC[C@H]1[C@H]2CCC2=CC(=O)CC[C@]12C,1,1,0,100.00000000,Single measurement,-6.90300000,-6.90300000,-6.90300000,-6.90300000,,0.00000000,0.00000000,1.00000000,-6.90300000,-6.90300000,-6.90300000,-6.90300000,,0.00000000,0.00000000,-6.81966170,-6.81966170,-6.81966170,-6.81966170,,0.00000000,0.00000000,1,-6.81966170,-6.81966170,-6.81966170,-6.81966170,,0.00000000,0.00000000,1,0.08333830,0.08333830,0.08333830,1,1,26,26,"Scheuplein, 1969","Scheuplein, 1969",1,1,10.1038/jid.1969.9,10.1038/jid.1969.9,1,1
111,Dexamethasone,C[C@@H]1C[C@H]2[C@@H]3CCC4=CC(=O)C=C[C@]4(C)[C@@]3(F)[C@@H](O)C[C@]2(C)[C@@]1(O)C(=O)CO,OCC(=O)[C@@]1(O)[C@H](C)C[C@@H]2[C@]1(C)C[C@H](O)[C@]1([C@H]2CCC2=CC(=O)C=C[C@]12C)F,1,1,0,100.00000000,Single measurement,-7.75000000,-7.75000000,-7.75000000,-7.75000000,,0.00000000,0.00000000,1.00000000,-7.75000000,-7.75000000,-7.75000000,-7.75000000,,0.00000000,0.00000000,-7.78650657,-7.78650657,-7.78650657,-7.78650657,,0.00000000,0.00000000,1,-7.78650657,-7.78650657,-7.78650657,-7.78650657,,0.00000000,0.00000000,1,0.03650657,0.03650657,0.03650657,1,1,,,"Johnson, 1996","Johnson, 1996",1,1,10.1021/js960079z,10.1021/js960079z,1,1
112,Diazinon,CCOP(=S)(OCC)Oc1cc(C)nc(C(C)C)n1,CCOP(=S)(Oc1cc(C)nc(n1)C(C)C)OCC,1,1,0,100.00000000,Single measurement,-5.61700000,-5.61700000,-5.61700000,-5.61700000,,0.00000000,0.00000000,1.00000000,-5.61700000,-5.61700000,-5.61700000,-5.61700000,,0.00000000,0.00000000,-5.67907871,-5.67907871,-5.67907871,-5.67907871,,0.00000000,0.00000000,1,-5.67907871,-5.67907871,-5.67907871,-5.67907871,,0.00000000,0.00000000,1,0.06207871,0.06207871,0.06207871,1,1,,,"Buist, 2010","Buist, 2010",1,1,10.1016/j.yrtph.2010.02.008,10.1016/j.yrtph.2010.02.008,1,1
113,Dibromoacetic acid,O=C(O)C(Br)Br,BrC(C(=O)O)Br,1,1,0,100.00000000,Single measurement,-6.14100000,-6.14100000,-6.14100000,-6.14100000,,0.00000000,0.00000000,1.00000000,-6.14100000,-6.14100000,-6.14100000,-6.14100000,,0.00000000,0.00000000,-6.06796338,-6.06796338,-6.06796338,-6.06796338,,0.00000000,0.00000000,1,-6.06796338,-6.06796338,-6.06796338,-6.06796338,,0.00000000,0.00000000,1,0.07303662,0.07303662,0.07303662,1,1,40,40,"Xu, 2002","Xu, 2002",1,1,10.1006/taap.2002.9494,10.1006/taap.2002.9494,1,1
114,Dichloroacetic acid,O=C(O)C(Cl)Cl,ClC(C(=O)O)Cl,1,1,0,100.00000000,Single measurement,-6.27800000,-6.27800000,-6.27800000,-6.27800000,,0.00000000,0.00000000,1.00000000,-6.27800000,-6.27800000,-6.27800000,-6.27800000,,0.00000000,0.00000000,-6.10701965,-6.10701965,-6.10701965,-6.10701965,,0.00000000,0.00000000,1,-6.10701965,-6.10701965,-6.10701965,-6.10701965,,0.00000000,0.00000000,1,0.17098035,0.17098035,0.17098035,1,1,40,40,"Xu, 2002","Xu, 2002",1,1,10.1006/taap.2002.9494,10.1006/taap.2002.9494,1,1
115,Diclofenac,O=C(O)Cc1ccccc1Nc1c(Cl)cccc1Cl,OC(=O)Cc1ccccc1Nc1c(Cl)cccc1Cl,1,1,0,100.00000000,Single measurement,-6.55600000,-6.55600000,-6.55600000,-6.55600000,,0.00000000,0.00000000,1.00000000,-6.55600000,-6.55600000,-6.55600000,-6.55600000,,0.00000000,0.00000000,-6.31830995,-6.31830995,-6.31830995,-6.31830995,,0.00000000,0.00000000,1,-6.31830995,-6.31830995,-6.31830995,-6.31830995,,0.00000000,0.00000000,1,0.23769005,0.23769005,0.23769005,1,1,,,"Degim, 1998","Degim, 1998",1,1,10.1016/S0378-5173(98)00113-6,10.1016/S0378-5173(98)00113-6,1,1
116,Dimethylethylamine,CCN(C)C,CCN(C)C,1,1,0,100.00000000,Single measurement,-6.07900000,-6.07900000,-6.07900000,-6.07900000,,0.00000000,0.00000000,1.00000000,-6.07900000,-6.07900000,-6.07900000,-6.07900000,,0.00000000,0.00000000,-6.01960398,-6.01960398,-6.01960398,-6.01960398,,0.00000000,0.00000000,1,-6.01960398,-6.01960398,-6.01960398,-6.01960398,,0.00000000,0.00000000,1,0.05939602,0.05939602,0.05939602,1,1,,,"Lundh, 1997","Lundh, 1997",1,1,10.1007/s004200050223,10.1007/s004200050223,1,1
117,Disodium octaborate tetrahydrate,O.O.O.O.[Na+].[Na+].[O-]B([O-])[O-].[O-]B([O-])[O-].[O-]B([O-])[O-].[O-]B([O-])[O-].[O-]B([O-])[O-].[O-]B([O-])[O-].[O-]B([O-])[O-].[O-]B([O-])[O-],[O-]B([O-])[O-].[O-]B([O-])[O-].[O-]B([O-])[O-].[O-]B([O-])[O-].[O-]B([O-])[O-].[O-]B([O-])[O-].[O-]B([O-])[O-].[O-]B([O-])[O-].O.O.O.O.[Na+].[Na+],1,1,0,100.00000000,Single measurement,-7.65300000,-7.65300000,-7.65300000,-7.65300000,,0.00000000,0.00000000,1.00000000,-7.65300000,-7.65300000,-7.65300000,-7.65300000,,0.00000000,0.00000000,-7.22438885,-7.22438885,-7.22438885,-7.22438885,,0.00000000,0.00000000,1,-7.22438885,-7.22438885,-7.22438885,-7.22438885,,0.00000000,0.00000000,1,0.42861115,0.42861115,0.42861115,1,1,32,32,"Wester, 1998","Wester, 1998",1,1,10.1006/toxs.1998.2490,10.1006/toxs.1998.2490,1,1
118,Estriol,C[C@]12CC[C@@H]3c4ccc(O)cc4CC[C@H]3[C@@H]1C[C@@H](O)[C@@H]2O,Oc1ccc2c(c1)CC[C@@H]1[C@@H]2CC[C@]2([C@H]1C[C@H]([C@@H]2O)O)C,1,1,0,100.00000000,Single measurement,-7.95400000,-7.95400000,-7.95400000,-7.95400000,,0.00000000,0.00000000,1.00000000,-7.95400000,-7.95400000,-7.95400000,-7.95400000,,0.00000000,0.00000000,-7.45674154,-7.45674154,-7.45674154,-7.45674154,,0.00000000,0.00000000,1,-7.45674154,-7.45674154,-7.45674154,-7.45674154,,0.00000000,0.00000000,1,0.49725846,0.49725846,0.49725846,1,1,26,26,"Scheuplein, 1969","Scheuplein, 1969",1,1,10.1038/jid.1969.9,10.1038/jid.1969.9,1,1
119,Estrone,C[C@]12CC[C@@H]3c4ccc(O)cc4CC[C@H]3[C@@H]1CCC2=O,Oc1ccc2c(c1)CC[C@@H]1[C@@H]2CC[C@]2([C@H]1CCC2=O)C,1,1,0,100.00000000,Single measurement,-6.00000000,-6.00000000,-6.00000000,-6.00000000,,0.00000000,0.00000000,1.00000000,-6.00000000,-6.00000000,-6.00000000,-6.00000000,,0.00000000,0.00000000,-5.98353807,-5.98353807,-5.98353807,-5.98353807,,0.00000000,0.00000000,1,-5.98353807,-5.98353807,-5.98353807,-5.98353807,,0.00000000,0.00000000,1,0.01646193,0.01646193,0.01646193,1,1,26,26,"Scheuplein, 1969","Scheuplein, 1969",1,1,10.1038/jid.1969.9,10.1038/jid.1969.9,1,1
120,Ethacrynic acid,C=C(CC)C(=O)c1ccc(OCC(=O)O)c(Cl)c1Cl,CCC(=C)C(=O)c1ccc(c(c1Cl)Cl)OCC(=O)O,1,1,0,100.00000000,Single measurement,-7.38000000,-7.38000000,-7.38000000,-7.38000000,,0.00000000,0.00000000,1.00000000,-7.38000000,-7.38000000,-7.38000000,-7.38000000,,0.00000000,0.00000000,-7.19405858,-7.19405858,-7.19405858,-7.19405858,,0.00000000,0.00000000,1,-7.19405858,-7.19405858,-7.19405858,-7.19405858,,0.00000000,0.00000000,1,0.18594142,0.18594142,0.18594142,1,1,,,"Buist, 2010","Buist, 2010",1,1,10.1016/j.yrtph.2010.02.008,10.1016/j.yrtph.2010.02.008,1,1
121,Ethyl p-aminobenzoate,CCOC(=O)c1ccc(N)cc1,CCOC(=O)c1ccc(cc1)N,1,1,0,100.00000000,Single measurement,-5.25500000,-5.25500000,-5.25500000,-5.25500000,,0.00000000,0.00000000,1.00000000,-5.25500000,-5.25500000,-5.25500000,-5.25500000,,0.00000000,0.00000000,-5.62783176,-5.62783176,-5.62783176,-5.62783176,,0.00000000,0.00000000,1,-5.62783176,-5.62783176,-5.62783176,-5.62783176,,0.00000000,0.00000000,1,0.37283176,0.37283176,0.37283176,1,1,25,25,"Roy, 1993","Roy, 1993",1,1,10.1002/jps.2600821217,10.1002/jps.2600821217,1,1
122,Flurbiprofen,CC(C(=O)O)c1ccc(-c2ccccc2)c(F)c1,OC(=O)C(c1ccc(c(c1)F)c1ccccc1)C,1,1,0,100.00000000,Single measurement,-5.33100000,-5.33100000,-5.33100000,-5.33100000,,0.00000000,0.00000000,1.00000000,-5.33100000,-5.33100000,-5.33100000,-5.33100000,,0.00000000,0.00000000,-5.84809304,-5.84809304,-5.84809304,-5.84809304,,0.00000000,0.00000000,1,-5.84809304,-5.84809304,-5.84809304,-5.84809304,,0.00000000,0.00000000,1,0.51709304,0.51709304,0.51709304,1,1,37,37,"Swart, 2005","Swart, 2005",1,1,10.1016/j.ijpharm.2005.05.030,10.1016/j.ijpharm.2005.05.030,1,1
123,Flurbiprofen glucoside,CC(C(=O)OC[C@H]1OC(O)[C@H](O)[C@@H](O)[C@@H]1O)c1ccc(-c2ccccc2)c(F)c1,OC1O[C@H](COC(=O)C(c2ccc(c(c2)F)c2ccccc2)C)[C@H]([C@@H]([C@H]1O)O)O,1,1,0,100.00000000,Single measurement,-6.47700000,-6.47700000,-6.47700000,-6.47700000,,0.00000000,0.00000000,1.00000000,-6.47700000,-6.47700000,-6.47700000,-6.47700000,,0.00000000,0.00000000,-6.95449299,-6.95449299,-6.95449299,-6.95449299,,0.00000000,0.00000000,1,-6.95449299,-6.95449299,-6.95449299,-6.95449299,,0.00000000,0.00000000,1,0.47749299,0.47749299,0.47749299,1,1,37,37,"Swart, 2005","Swart, 2005",1,1,10.1016/j.ijpharm.2005.05.030,10.1016/j.ijpharm.2005.05.030,1,1
124,Flurbiprofen mannoside,CC(C(=O)OC[C@H]1OC(O)[C@@H](O)[C@@H](O)[C@@H]1O)c1ccc(-c2ccccc2)c(F)c1,OC1O[C@H](COC(=O)C(c2ccc(c(c2)F)c2ccccc2)C)[C@H]([C@@H]([C@@H]1O)O)O,1,1,0,100.00000000,Single measurement,-6.93500000,-6.93500000,-6.93500000,-6.93500000,,0.00000000,0.00000000,1.00000000,-6.93500000,-6.93500000,-6.93500000,-6.93500000,,0.00000000,0.00000000,-6.95449299,-6.95449299,-6.95449299,-6.95449299,,0.00000000,0.00000000,1,-6.95449299,-6.95449299,-6.95449299,-6.95449299,,0.00000000,0.00000000,1,0.01949299,0.01949299,0.01949299,1,1,37,37,"Swart, 2005","Swart, 2005",1,1,10.1016/j.ijpharm.2005.05.030,10.1016/j.ijpharm.2005.05.030,1,1
125,Hydrocortisone 21-(6-hydroxyhexanoate),C[C@]12CCC(=O)C=C1CC[C@@H]1[C@@H]2[C@@H](O)C[C@@]2(C)[C@H]1CC[C@]2(O)C(=O)COC(=O)CCCCCO,OCCCCCC(=O)OCC(=O)[C@@]1(O)CC[C@@H]2[C@]1(C)C[C@H](O)[C@H]1[C@H]2CCC2=CC(=O)CC[C@]12C,1,1,0,100.00000000,Single measurement,-6.59700000,-6.59700000,-6.59700000,-6.59700000,,0.00000000,0.00000000,1.00000000,-6.59700000,-6.59700000,-6.59700000,-6.59700000,,0.00000000,0.00000000,-6.71935638,-6.71935638,-6.71935638,-6.71935638,,0.00000000,0.00000000,1,-6.71935638,-6.71935638,-6.71935638,-6.71935638,,0.00000000,0.00000000,1,0.12235638,0.12235638,0.12235638,1,1,37,37,"Anderson, 1988","Anderson, 1988",1,1,10.1023/a:1015989929342,10.1023/a:1015989929342,1,1
126,Hydrocortisone 21-Hemipimelate,C[C@]12CCC(=O)C=C1CC[C@@H]1[C@@H]2[C@@H](O)C[C@@]2(C)[C@H]1CC[C@]2(O)C(=O)COC(=O)CCCCCC(=O)O,OC(=O)CCCCCC(=O)OCC(=O)[C@@]1(O)CC[C@@H]2[C@]1(C)C[C@H](O)[C@H]1[C@H]2CCC2=CC(=O)CC[C@]12C,1,1,0,100.00000000,Single measurement,-6.30100000,-6.30100000,-6.30100000,-6.30100000,,0.00000000,0.00000000,1.00000000,-6.30100000,-6.30100000,-6.30100000,-6.30100000,,0.00000000,0.00000000,-6.50477122,-6.50477122,-6.50477122,-6.50477122,,0.00000000,0.00000000,1,-6.50477122,-6.50477122,-6.50477122,-6.50477122,,0.00000000,0.00000000,1,0.20377122,0.20377122,0.20377122,1,1,37,37,"Anderson, 1988","Anderson, 1988",1,1,10.1023/a:1015989929342,10.1023/a:1015989929342,1,1
127,Hydrocortisone 21-Hemisuccinate,C[C@]12CCC(=O)C=C1CC[C@@H]1[C@@H]2[C@@H](O)C[C@@]2(C)[C@H]1CC[C@]2(O)C(=O)COC(=O)CCC(=O)O,OC(=O)CCC(=O)OCC(=O)[C@@]1(O)CC[C@@H]2[C@]1(C)C[C@H](O)[C@H]1[C@H]2CCC2=CC(=O)CC[C@]12C,1,1,0,100.00000000,Single measurement,-6.75700000,-6.75700000,-6.75700000,-6.75700000,,0.00000000,0.00000000,1.00000000,-6.75700000,-6.75700000,-6.75700000,-6.75700000,,0.00000000,0.00000000,-6.81021015,-6.81021015,-6.81021015,-6.81021015,,0.00000000,0.00000000,1,-6.81021015,-6.81021015,-6.81021015,-6.81021015,,0.00000000,0.00000000,1,0.05321015,0.05321015,0.05321015,1,1,37,37,"Anderson, 1988","Anderson, 1988",1,1,10.1023/a:1015989929342,10.1023/a:1015989929342,1,1
128,Hydrocortisone 21-methylpimelate,COC(=O)CCCCCC(=O)OCC(=O)[C@@]1(O)CC[C@H]2[C@@H]3CCC4=CC(=O)CC[C@]4(C)[C@H]3[C@@H](O)C[C@@]21C,COC(=O)CCCCCC(=O)OCC(=O)[C@@]1(O)CC[C@@H]2[C@]1(C)C[C@H](O)[C@H]1[C@H]2CCC2=CC(=O)CC[C@]12C,1,1,0,100.00000000,Single measurement,-5.82400000,-5.82400000,-5.82400000,-5.82400000,,0.00000000,0.00000000,1.00000000,-5.82400000,-5.82400000,-5.82400000,-5.82400000,,0.00000000,0.00000000,-6.08230331,-6.08230331,-6.08230331,-6.08230331,,0.00000000,0.00000000,1,-6.08230331,-6.08230331,-6.08230331,-6.08230331,,0.00000000,0.00000000,1,0.25830331,0.25830331,0.25830331,1,1,37,37,"Anderson, 1988","Anderson, 1988",1,1,10.1023/a:1015989929342,10.1023/a:1015989929342,1,1
129,Hydrocortisone 21-pimelamate,C[C@]12CCC(=O)C=C1CC[C@@H]1[C@@H]2[C@@H](O)C[C@@]2(C)[C@H]1CC[C@]2(O)C(=O)COC(=O)CCCCCC(N)=O,NC(=O)CCCCCC(=O)OCC(=O)[C@@]1(O)CC[C@@H]2[C@]1(C)C[C@H](O)[C@H]1[C@H]2CCC2=CC(=O)CC[C@]12C,1,1,0,100.00000000,Single measurement,-6.60700000,-6.60700000,-6.60700000,-6.60700000,,0.00000000,0.00000000,1.00000000,-6.60700000,-6.60700000,-6.60700000,-6.60700000,,0.00000000,0.00000000,-6.56401622,-6.56401622,-6.56401622,-6.56401622,,0.00000000,0.00000000,1,-6.56401622,-6.56401622,-6.56401622,-6.56401622,,0.00000000,0.00000000,1,0.04298378,0.04298378,0.04298378,1,1,37,37,"Anderson, 1988","Anderson, 1988",1,1,10.1023/a:1015989929342,10.1023/a:1015989929342,1,1
130,Hydroxypregnenolone,CC(=O)[C@H]1CC[C@H]2[C@@H]3CC=C4CC(O)(O)CC[C@]4(C)[C@H]3CC[C@]12C,CC(=O)[C@H]1CC[C@@H]2[C@]1(C)CC[C@H]1[C@H]2CC=C2[C@]1(C)CCC(C2)(O)O,1,1,0,100.00000000,Single measurement,-6.77800000,-6.77800000,-6.77800000,-6.77800000,,0.00000000,0.00000000,1.00000000,-6.77800000,-6.77800000,-6.77800000,-6.77800000,,0.00000000,0.00000000,-6.63788229,-6.63788229,-6.63788229,-6.63788229,,0.00000000,0.00000000,1,-6.63788229,-6.63788229,-6.63788229,-6.63788229,,0.00000000,0.00000000,1,0.14011771,0.14011771,0.14011771,1,1,26,26,"Scheuplein, 1969","Scheuplein, 1969",1,1,10.1038/jid.1969.9,10.1038/jid.1969.9,1,1
131,Ibuprofen glucoside,CC(C)Cc1ccc(C(C)C(=O)OC[C@H]2OC(O)[C@H](O)[C@@H](O)[C@@H]2O)cc1,CC(Cc1ccc(cc1)C(C(=O)OC[C@H]1OC(O)[C@@H]([C@H]([C@@H]1O)O)O)C)C,1,1,0,100.00000000,Single measurement,-6.94500000,-6.94500000,-6.94500000,-6.94500000,,0.00000000,0.00000000,1.00000000,-6.94500000,-6.94500000,-6.94500000,-6.94500000,,0.00000000,0.00000000,-7.07021411,-7.07021411,-7.07021411,-7.07021411,,0.00000000,0.00000000,1,-7.07021411,-7.07021411,-7.07021411,-7.07021411,,0.00000000,0.00000000,1,0.12521411,0.12521411,0.12521411,1,1,37,37,"Swart, 2005","Swart, 2005",1,1,10.1016/j.ijpharm.2005.05.030,10.1016/j.ijpharm.2005.05.030,1,1
132,Ibuprofen mannoside,CC(C)Cc1ccc(C(C)C(=O)OC[C@H]2OC(O)[C@@H](O)[C@@H](O)[C@@H]2O)cc1,CC(Cc1ccc(cc1)C(C(=O)OC[C@H]1OC(O)[C@H]([C@H]([C@@H]1O)O)O)C)C,1,1,0,100.00000000,Single measurement,-6.54800000,-6.54800000,-6.54800000,-6.54800000,,0.00000000,0.00000000,1.00000000,-6.54800000,-6.54800000,-6.54800000,-6.54800000,,0.00000000,0.00000000,-7.07021411,-7.07021411,-7.07021411,-7.07021411,,0.00000000,0.00000000,1,-7.07021411,-7.07021411,-7.07021411,-7.07021411,,0.00000000,0.00000000,1,0.52221411,0.52221411,0.52221411,1,1,37,37,"Swart, 2005","Swart, 2005",1,1,10.1016/j.ijpharm.2005.05.030,10.1016/j.ijpharm.2005.05.030,1,1
133,Isoquinoline,c1ccc2cnccc2c1,c1ccc2c(c1)cncc2,1,1,0,100.00000000,Single measurement,-5.33200000,-5.33200000,-5.33200000,-5.33200000,,0.00000000,0.00000000,1.00000000,-5.33200000,-5.33200000,-5.33200000,-5.33200000,,0.00000000,0.00000000,-5.14616952,-5.14616952,-5.14616952,-5.14616952,,0.00000000,0.00000000,1,-5.14616952,-5.14616952,-5.14616952,-5.14616952,,0.00000000,0.00000000,1,0.18583048,0.18583048,0.18583048,1,1,30,30,"Hadgraft, 1987","Hadgraft, 1987",1,1,10.1016/0378-5173(87)90210-9,10.1016/0378-5173(87)90210-9,1,1
134,Ketorolac,O=C(c1ccccc1)c1ccc2n1CCC2C(=O)O,OC(=O)C1CCn2c1ccc2C(=O)c1ccccc1,1,1,0,100.00000000,Single measurement,-5.79900000,-5.79900000,-5.79900000,-5.79900000,,0.00000000,0.00000000,1.00000000,-5.79900000,-5.79900000,-5.79900000,-5.79900000,,0.00000000,0.00000000,-5.80337992,-5.80337992,-5.80337992,-5.80337992,,0.00000000,0.00000000,1,-5.80337992,-5.80337992,-5.80337992,-5.80337992,,0.00000000,0.00000000,1,0.00437992,0.00437992,0.00437992,1,1,32,32,"Roy, 1995","Roy, 1995",1,1,10.1002/jps.2600841010,10.1002/jps.2600841010,1,1
135,Linolenic acid,CC/C=C/C/C=C/C/C=C/CCCCCCCC(=O)O,CC/C=C/C/C=C/C/C=C/CCCCCCCC(=O)O,1,1,0,100.00000000,Single measurement,-5.98800000,-5.98800000,-5.98800000,-5.98800000,,0.00000000,0.00000000,1.00000000,-5.98800000,-5.98800000,-5.98800000,-5.98800000,,0.00000000,0.00000000,-6.12148904,-6.12148904,-6.12148904,-6.12148904,,0.00000000,0.00000000,1,-6.12148904,-6.12148904,-6.12148904,-6.12148904,,0.00000000,0.00000000,1,0.13348904,0.13348904,0.13348904,1,1,,,"Buist, 2010","Buist, 2010",1,1,10.1016/j.yrtph.2010.02.008,10.1016/j.yrtph.2010.02.008,1,1
136,Meperidine,CCOC(=O)C1(c2ccccc2)CCN(C)CC1,CCOC(=O)C1(CCN(CC1)C)c1ccccc1,1,1,0,100.00000000,Single measurement,-5.98800000,-5.98800000,-5.98800000,-5.98800000,,0.00000000,0.00000000,1.00000000,-5.98800000,-5.98800000,-5.98800000,-5.98800000,,0.00000000,0.00000000,-5.44898389,-5.44898389,-5.44898389,-5.44898389,,0.00000000,0.00000000,1,-5.44898389,-5.44898389,-5.44898389,-5.44898389,,0.00000000,0.00000000,1,0.53901611,0.53901611,0.53901611,1,1,37,37,"Roy, 1989","Roy, 1989",1,1,10.1023/A:1015944018555,10.1023/A:1015944018555,1,1
137,Methyl 4-hydroxyphenylacetate,COC(=O)Cc1ccc(O)cc1,COC(=O)Cc1ccc(cc1)O,1,1,0,100.00000000,Single measurement,-5.25500000,-5.25500000,-5.25500000,-5.25500000,,0.00000000,0.00000000,1.00000000,-5.25500000,-5.25500000,-5.25500000,-5.25500000,,0.00000000,0.00000000,-5.22950239,-5.22950239,-5.22950239,-5.22950239,,0.00000000,0.00000000,1,-5.22950239,-5.22950239,-5.22950239,-5.22950239,,0.00000000,0.00000000,1,0.02549761,0.02549761,0.02549761,1,1,,,"Anderson, 1989","Anderson, 1989",1,1,10.1111/1523-1747.ep12277592,10.1111/1523-1747.ep12277592,1,1
138,Methyl salicylate,COC(=O)c1ccccc1O,COC(=O)c1ccccc1O,1,1,0,100.00000000,Single measurement,-5.00000000,-5.00000000,-5.00000000,-5.00000000,,0.00000000,0.00000000,1.00000000,-5.00000000,-5.00000000,-5.00000000,-5.00000000,,0.00000000,0.00000000,-4.99743923,-4.99743923,-4.99743923,-4.99743923,,0.00000000,0.00000000,1,-4.99743923,-4.99743923,-4.99743923,-4.99743923,,0.00000000,0.00000000,1,0.00256077,0.00256077,0.00256077,1,1,32,32,"Zhang, 2009","Zhang, 2009",1,1,10.1007/s11095-009-9912-4,10.1007/s11095-009-9912-4,1,1
139,Methyltriglycol nicotinate,COCCOCCOCCOC(=O)c1cccnc1,COCCOCCOCCOC(=O)c1cccnc1,1,1,0,100.00000000,Single measurement,-7.30800000,-7.30800000,-7.30800000,-7.30800000,,0.00000000,0.00000000,1.00000000,-7.30800000,-7.30800000,-7.30800000,-7.30800000,,0.00000000,0.00000000,-6.72116789,-6.72116789,-6.72116789,-6.72116789,,0.00000000,0.00000000,1,-6.72116789,-6.72116789,-6.72116789,-6.72116789,,0.00000000,0.00000000,1,0.58683211,0.58683211,0.58683211,1,1,37,37,"Dalpozzo, 1991","Dalpozzo, 1991",1,1,10.1002/jps.2600800114,10.1002/jps.2600800114,1,1
140,Metoprolol,COCCc1ccc(OCC(O)CNC(C)C)cc1,COCCc1ccc(cc1)OCC(CNC(C)C)O,1,1,0,100.00000000,Single measurement,-6.63700000,-6.63700000,-6.63700000,-6.63700000,,0.00000000,0.00000000,1.00000000,-6.63700000,-6.63700000,-6.63700000,-6.63700000,,0.00000000,0.00000000,-6.67244401,-6.67244401,-6.67244401,-6.67244401,,0.00000000,0.00000000,1,-6.67244401,-6.67244401,-6.67244401,-6.67244401,,0.00000000,0.00000000,1,0.03544401,0.03544401,0.03544401,1,1,32,32,"Modamio, 2000","Modamio, 2000",1,1,10.1016/S0378-5173(99)00380-4,10.1016/S0378-5173(99)00380-4,1,1
141,"N4-acetyl-4-amino-1-[(2R,3S,4R,5R)-3,4-dihydroxy-5 (hydroxymethyl)oxolan-2-yl] pyrimidin-2-one",CC(=O)Nc1ccn([C@@H]2O[C@H](CO)[C@H](O)[C@@H]2O)c(=O)n1,OC[C@H]1O[C@H]([C@H]([C@H]1O)O)n1ccc(nc1=O)NC(=O)C,1,1,0,100.00000000,Single measurement,-6.88900000,-6.88900000,-6.88900000,-6.88900000,,0.00000000,0.00000000,1.00000000,-6.88900000,-6.88900000,-6.88900000,-6.88900000,,0.00000000,0.00000000,-7.46170827,-7.46170827,-7.46170827,-7.46170827,,0.00000000,0.00000000,1,-7.46170827,-7.46170827,-7.46170827,-7.46170827,,0.00000000,0.00000000,1,0.57270827,0.57270827,0.57270827,1,1,32,32,"Legoabe, 2010","Legoabe, 2010",1,1,10.1211/jpp.62.06.0012,10.1211/jpp.62.06.0012,1,1
142,Naphthol,Oc1cccc2ccccc12,Oc1cccc2c1cccc2,1,1,0,100.00000000,Single measurement,-5.14100000,-5.14100000,-5.14100000,-5.14100000,,0.00000000,0.00000000,1.00000000,-5.14100000,-5.14100000,-5.14100000,-5.14100000,,0.00000000,0.00000000,-5.06886304,-5.06886304,-5.06886304,-5.06886304,,0.00000000,0.00000000,1,-5.06886304,-5.06886304,-5.06886304,-5.06886304,,0.00000000,0.00000000,1,0.07213696,0.07213696,0.07213696,1,1,,,"Mitragotri, 2000","Mitragotri, 2000",1,1,10.1023/A:1007547809430,10.1023/A:1007547809430,1,1
143,Naproxen mannoside,COc1ccc2cc([C@H](C)C(=O)OC[C@H]3OC(O)[C@@H](O)[C@@H](O)[C@@H]3O)ccc2c1,COc1ccc2c(c1)ccc(c2)[C@@H](C(=O)OC[C@H]1OC(O)[C@H]([C@H]([C@@H]1O)O)O)C,1,1,0,100.00000000,Single measurement,-7.70000000,-7.70000000,-7.70000000,-7.70000000,,0.00000000,0.00000000,1.00000000,-7.70000000,-7.70000000,-7.70000000,-7.70000000,,0.00000000,0.00000000,-7.25062739,-7.25062739,-7.25062739,-7.25062739,,0.00000000,0.00000000,1,-7.25062739,-7.25062739,-7.25062739,-7.25062739,,0.00000000,0.00000000,1,0.44937261,0.44937261,0.44937261,1,1,37,37,"Swart, 2005","Swart, 2005",1,1,10.1016/j.ijpharm.2005.05.030,10.1016/j.ijpharm.2005.05.030,1,1
144,Octylparaben,CCCCCCCCOC(=O)c1ccc(O)cc1,CCCCCCCCOC(=O)c1ccc(cc1)O,1,1,0,100.00000000,Single measurement,-5.58800000,-5.58800000,-5.58800000,-5.58800000,,0.00000000,0.00000000,1.00000000,-5.58800000,-5.58800000,-5.58800000,-5.58800000,,0.00000000,0.00000000,-5.50196152,-5.50196152,-5.50196152,-5.50196152,,0.00000000,0.00000000,1,-5.50196152,-5.50196152,-5.50196152,-5.50196152,,0.00000000,0.00000000,1,0.08603848,0.08603848,0.08603848,1,1,,,"Buist, 2010","Buist, 2010",1,1,10.1016/j.yrtph.2010.02.008,10.1016/j.yrtph.2010.02.008,1,1
145,Oleic acid,CCCCCCCCC=CCCCCCCCC(=O)O,CCCCCCCC/C=CCCCCCCCC(=O)O,1,1,0,100.00000000,Single measurement,-6.44200000,-6.44200000,-6.44200000,-6.44200000,,0.00000000,0.00000000,1.00000000,-6.44200000,-6.44200000,-6.44200000,-6.44200000,,0.00000000,0.00000000,-6.44835935,-6.44835935,-6.44835935,-6.44835935,,0.00000000,0.00000000,1,-6.44835935,-6.44835935,-6.44835935,-6.44835935,,0.00000000,0.00000000,1,0.00635935,0.00635935,0.00635935,1,1,,,"Buist, 2010","Buist, 2010",1,1,10.1016/j.yrtph.2010.02.008,10.1016/j.yrtph.2010.02.008,1,1
146,Oxprenolol,C=CCOc1ccccc1OCC(O)CNC(C)C,C=CCOc1ccccc1OCC(CNC(C)C)O,1,1,0,100.00000000,Single measurement,-6.36900000,-6.36900000,-6.36900000,-6.36900000,,0.00000000,0.00000000,1.00000000,-6.36900000,-6.36900000,-6.36900000,-6.36900000,,0.00000000,0.00000000,-6.92269288,-6.92269288,-6.92269288,-6.92269288,,0.00000000,0.00000000,1,-6.92269288,-6.92269288,-6.92269288,-6.92269288,,0.00000000,0.00000000,1,0.55369288,0.55369288,0.55369288,1,1,32,32,"Modamio, 2000","Modamio, 2000",1,1,10.1016/S0378-5173(99)00380-4,10.1016/S0378-5173(99)00380-4,1,1
147,Phenobarbital,CCC1(c2ccccc2)C(=O)NC(=O)NC1=O,CCC1(C(=O)NC(=O)NC1=O)c1ccccc1,1,1,0,100.00000000,Single measurement,-6.90000000,-6.90000000,-6.90000000,-6.90000000,,0.00000000,0.00000000,1.00000000,-6.90000000,-6.90000000,-6.90000000,-6.90000000,,0.00000000,0.00000000,-6.59210686,-6.59210686,-6.59210686,-6.59210686,,0.00000000,0.00000000,1,-6.59210686,-6.59210686,-6.59210686,-6.59210686,,0.00000000,0.00000000,1,0.30789314,0.30789314,0.30789314,1,1,30,30,"Hadgraft, 1987","Hadgraft, 1987",1,1,10.1016/0378-5173(87)90210-9,10.1016/0378-5173(87)90210-9,1,1
148,Phloroglucinol,Oc1cc(O)cc(O)c1,Oc1cc(O)cc(c1)O,1,1,0,100.00000000,Single measurement,-6.06600000,-6.06600000,-6.06600000,-6.06600000,,0.00000000,0.00000000,1.00000000,-6.06600000,-6.06600000,-6.06600000,-6.06600000,,0.00000000,0.00000000,-6.34110713,-6.34110713,-6.34110713,-6.34110713,,0.00000000,0.00000000,1,-6.34110713,-6.34110713,-6.34110713,-6.34110713,,0.00000000,0.00000000,1,0.27510713,0.27510713,0.27510713,1,1,37,37,"du Plessis, 2002","du Plessis, 2002",1,1,10.1016/S0928-0987(02)00085-4,10.1016/S0928-0987(02)00085-4,1,1
149,Prednisolone,C[C@]12C=CC(=O)C=C1CC[C@@H]1[C@@H]2[C@@H](O)C[C@@]2(C)[C@H]1CC[C@]2(O)C(=O)CO,OCC(=O)[C@@]1(O)CC[C@@H]2[C@]1(C)C[C@H](O)[C@H]1[C@H]2CCC2=CC(=O)C=C[C@]12C,1,1,0,100.00000000,Single measurement,-7.90600000,-7.90600000,-7.90600000,-7.90600000,,0.00000000,0.00000000,1.00000000,-7.90600000,-7.90600000,-7.90600000,-7.90600000,,0.00000000,0.00000000,-7.74241974,-7.74241974,-7.74241974,-7.74241974,,0.00000000,0.00000000,1,-7.74241974,-7.74241974,-7.74241974,-7.74241974,,0.00000000,0.00000000,1,0.16358026,0.16358026,0.16358026,1,1,25,25,"Siddiqui, 1989","Siddiqui, 1989",1,1,10.1007/bf01061455,10.1007/bf01061455,1,1
150,Pregnenolone,CC(=O)[C@H]1CC[C@H]2[C@@H]3CC=C4C[C@@H](O)CC[C@]4(C)[C@H]3CC[C@]12C,O[C@H]1CC[C@]2(C(=CC[C@@H]3[C@@H]2CC[C@]2([C@H]3CC[C@@H]2C(=O)C)C)C1)C,1,1,0,100.00000000,Single measurement,-6.38000000,-6.38000000,-6.38000000,-6.38000000,,0.00000000,0.00000000,1.00000000,-6.38000000,-6.38000000,-6.38000000,-6.38000000,,0.00000000,0.00000000,-6.25904166,-6.25904166,-6.25904166,-6.25904166,,0.00000000,0.00000000,1,-6.25904166,-6.25904166,-6.25904166,-6.25904166,,0.00000000,0.00000000,1,0.12095834,0.12095834,0.12095834,1,1,26,26,"Scheuplein, 1969","Scheuplein, 1969",1,1,10.1038/jid.1969.9,10.1038/jid.1969.9,1,1
151,Propranolol,CC(C)NCC(O)COc1cccc2ccccc12,OC(COc1cccc2c1cccc2)CNC(C)C,1,1,0,100.00000000,Single measurement,-6.30600000,-6.30600000,-6.30600000,-6.30600000,,0.00000000,0.00000000,1.00000000,-6.30600000,-6.30600000,-6.30600000,-6.30600000,,0.00000000,0.00000000,-6.40053786,-6.40053786,-6.40053786,-6.40053786,,0.00000000,0.00000000,1,-6.40053786,-6.40053786,-6.40053786,-6.40053786,,0.00000000,0.00000000,1,0.09453786,0.09453786,0.09453786,1,1,32,32,"Modamio, 2000","Modamio, 2000",1,1,10.1016/S0378-5173(99)00380-4,10.1016/S0378-5173(99)00380-4,1,1
152,Propylparaben,CCCOC(=O)c1ccc(O)cc1,CCCOC(=O)c1ccc(cc1)O,1,1,0,100.00000000,Single measurement,-5.41000000,-5.41000000,-5.41000000,-5.41000000,,0.00000000,0.00000000,1.00000000,-5.41000000,-5.41000000,-5.41000000,-5.41000000,,0.00000000,0.00000000,-5.07893613,-5.07893613,-5.07893613,-5.07893613,,0.00000000,0.00000000,1,-5.07893613,-5.07893613,-5.07893613,-5.07893613,,0.00000000,0.00000000,1,0.33106387,0.33106387,0.33106387,1,1,,,"Buist, 2010","Buist, 2010",1,1,10.1016/j.yrtph.2010.02.008,10.1016/j.yrtph.2010.02.008,1,1
153,Pyrogallol,Oc1cccc(O)c1O,Oc1c(O)cccc1O,1,1,0,100.00000000,Single measurement,-6.36600000,-6.36600000,-6.36600000,-6.36600000,,0.00000000,0.00000000,1.00000000,-6.36600000,-6.36600000,-6.36600000,-6.36600000,,0.00000000,0.00000000,-6.47687365,-6.47687365,-6.47687365,-6.47687365,,0.00000000,0.00000000,1,-6.47687365,-6.47687365,-6.47687365,-6.47687365,,0.00000000,0.00000000,1,0.11087365,0.11087365,0.11087365,1,1,37,37,"du Plessis, 2002","du Plessis, 2002",1,1,10.1016/S0928-0987(02)00085-4,10.1016/S0928-0987(02)00085-4,1,1
154,Raffinose,OC[C@H]1O[C@H](OC[C@H]2O[C@H](O[C@]3(CO)O[C@H](CO)[C@@H](O)[C@@H]3O)[C@H](O)[C@@H](O)[C@@H]2O)[C@H](O)[C@@H](O)[C@H]1O,OC[C@H]1O[C@@]([C@H]([C@@H]1O)O)(CO)O[C@H]1O[C@H](CO[C@H]2O[C@H](CO)[C@@H]([C@@H]([C@H]2O)O)O)[C@H]([C@@H]([C@H]1O)O)O,1,1,0,100.00000000,Single measurement,-8.20800000,-8.20800000,-8.20800000,-8.20800000,,0.00000000,0.00000000,1.00000000,-8.20800000,-8.20800000,-8.20800000,-8.20800000,,0.00000000,0.00000000,-8.06503556,-8.06503556,-8.06503556,-8.06503556,,0.00000000,0.00000000,1,-8.06503556,-8.06503556,-8.06503556,-8.06503556,,0.00000000,0.00000000,1,0.14296444,0.14296444,0.14296444,1,1,37,37,"Peck, 1994","Peck, 1994",1,1,10.1023/A:1018998529283,10.1023/A:1018998529283,1,1
155,Theophylline,Cn1c(=O)c2[nH]cnc2n(C)c1=O,Cn1c(=O)n(C)c2c(c1=O)[nH]cn2,1,1,0,100.00000000,Single measurement,-7.12500000,-7.12500000,-7.12500000,-7.12500000,,0.00000000,0.00000000,1.00000000,-7.12500000,-7.12500000,-7.12500000,-7.12500000,,0.00000000,0.00000000,-7.35333303,-7.35333303,-7.35333303,-7.35333303,,0.00000000,0.00000000,1,-7.35333303,-7.35333303,-7.35333303,-7.35333303,,0.00000000,0.00000000,1,0.22833303,0.22833303,0.22833303,1,1,37,37,"Dolezal, 1993","Dolezal, 1993",1,1,10.1023/A:1018914806761,10.1023/A:1018914806761,1,1
156,Toluene,Cc1ccccc1,Cc1ccccc1,1,1,0,100.00000000,Single measurement,-3.63700000,-3.63700000,-3.63700000,-3.63700000,,0.00000000,0.00000000,1.00000000,-3.63700000,-3.63700000,-3.63700000,-3.63700000,,0.00000000,0.00000000,-4.04908362,-4.04908362,-4.04908362,-4.04908362,,0.00000000,0.00000000,1,-4.04908362,-4.04908362,-4.04908362,-4.04908362,,0.00000000,0.00000000,1,0.41208362,0.41208362,0.41208362,1,1,,,"Anderson, 1989","Anderson, 1989",1,1,10.1111/1523-1747.ep12277592,10.1111/1523-1747.ep12277592,1,1
157,Triamcinolone,C[C@]12C=CC(=O)C=C1CC[C@H]1[C@@H]3C[C@@H](O)[C@](O)(C(=O)CO)[C@@]3(C)C[C@H](O)[C@@]12F,OCC(=O)[C@@]1(O)[C@H](O)C[C@@H]2[C@]1(C)C[C@H](O)[C@]1([C@H]2CCC2=CC(=O)C=C[C@]12C)F,1,1,0,100.00000000,Single measurement,-8.95600000,-8.95600000,-8.95600000,-8.95600000,,0.00000000,0.00000000,1.00000000,-8.95600000,-8.95600000,-8.95600000,-8.95600000,,0.00000000,0.00000000,-8.64571184,-8.64571184,-8.64571184,-8.64571184,,0.00000000,0.00000000,1,-8.64571184,-8.64571184,-8.64571184,-8.64571184,,0.00000000,0.00000000,1,0.31028816,0.31028816,0.31028816,1,1,25,25,"Siddiqui, 1989","Siddiqui, 1989",1,1,10.1007/bf01061455,10.1007/bf01061455,1,1
158,Trichloroacetic acid,O=C(O)C(Cl)(Cl)Cl,OC(=O)C(Cl)(Cl)Cl,1,1,0,100.00000000,Single measurement,-6.27800000,-6.27800000,-6.27800000,-6.27800000,,0.00000000,0.00000000,1.00000000,-6.27800000,-6.27800000,-6.27800000,-6.27800000,,0.00000000,0.00000000,-6.32342181,-6.32342181,-6.32342181,-6.32342181,,0.00000000,0.00000000,1,-6.32342181,-6.32342181,-6.32342181,-6.32342181,,0.00000000,0.00000000,1,0.04542181,0.04542181,0.04542181,1,1,40,40,"Xu, 2002","Xu, 2002",1,1,10.1006/taap.2002.9494,10.1006/taap.2002.9494,1,1
159,m-Cresol,Cc1cccc(O)c1,Cc1cccc(c1)O,1,1,0,100.00000000,Single measurement,-5.37300000,-5.37300000,-5.37300000,-5.37300000,,0.00000000,0.00000000,1.00000000,-5.37300000,-5.37300000,-5.37300000,-5.37300000,,0.00000000,0.00000000,-5.29898555,-5.29898555,-5.29898555,-5.29898555,,0.00000000,0.00000000,1,-5.29898555,-5.29898555,-5.29898555,-5.29898555,,0.00000000,0.00000000,1,0.07401445,0.07401445,0.07401445,1,1,25,25,"Roberts, 1977","Roberts, 1977",1,1,10.1111/j.2042-7158.1977.tb11434.x,10.1111/j.2042-7158.1977.tb11434.x,1,1
160,m-Nitrophenol,O=[N+]([O-])c1cccc(O)c1,Oc1cccc(c1)[N+](=O)[O-],1,1,0,100.00000000,Single measurement,-5.80500000,-5.80500000,-5.80500000,-5.80500000,,0.00000000,0.00000000,1.00000000,-5.80500000,-5.80500000,-5.80500000,-5.80500000,,0.00000000,0.00000000,-5.82425839,-5.82425839,-5.82425839,-5.82425839,,0.00000000,0.00000000,1,-5.82425839,-5.82425839,-5.82425839,-5.82425839,,0.00000000,0.00000000,1,0.01925839,0.01925839,0.01925839,1,1,25,25,"Roberts, 1977","Roberts, 1977",1,1,10.1111/j.2042-7158.1977.tb11434.x,10.1111/j.2042-7158.1977.tb11434.x,1,1
161,n-Hexyl nicotinate,CCCCCCOC(=O)c1cccnc1,CCCCCCOC(=O)c1cccnc1,1,1,0,100.00000000,Single measurement,-5.30300000,-5.30300000,-5.30300000,-5.30300000,,0.00000000,0.00000000,1.00000000,-5.30300000,-5.30300000,-5.30300000,-5.30300000,,0.00000000,0.00000000,-5.08827090,-5.08827090,-5.08827090,-5.08827090,,0.00000000,0.00000000,1,-5.08827090,-5.08827090,-5.08827090,-5.08827090,,0.00000000,0.00000000,1,0.21472910,0.21472910,0.21472910,1,1,37,37,"Dalpozzo, 1991","Dalpozzo, 1991",1,1,10.1002/jps.2600800114,10.1002/jps.2600800114,1,1
162,o-Chlorophenol,Oc1ccccc1Cl,Oc1ccccc1Cl,1,1,0,100.00000000,Single measurement,-5.03700000,-5.03700000,-5.03700000,-5.03700000,,0.00000000,0.00000000,1.00000000,-5.03700000,-5.03700000,-5.03700000,-5.03700000,,0.00000000,0.00000000,-5.01459837,-5.01459837,-5.01459837,-5.01459837,,0.00000000,0.00000000,1,-5.01459837,-5.01459837,-5.01459837,-5.01459837,,0.00000000,0.00000000,1,0.02240163,0.02240163,0.02240163,1,1,25,25,"Roberts, 1977","Roberts, 1977",1,1,10.1111/j.2042-7158.1977.tb11434.x,10.1111/j.2042-7158.1977.tb11434.x,1,1
163,o-Cresol,Cc1ccccc1O,Cc1ccccc1O,1,1,0,100.00000000,Single measurement,-5.36000000,-5.36000000,-5.36000000,-5.36000000,,0.00000000,0.00000000,1.00000000,-5.36000000,-5.36000000,-5.36000000,-5.36000000,,0.00000000,0.00000000,-5.31353537,-5.31353537,-5.31353537,-5.31353537,,0.00000000,0.00000000,1,-5.31353537,-5.31353537,-5.31353537,-5.31353537,,0.00000000,0.00000000,1,0.04646463,0.04646463,0.04646463,1,1,25,25,"Roberts, 1977","Roberts, 1977",1,1,10.1111/j.2042-7158.1977.tb11434.x,10.1111/j.2042-7158.1977.tb11434.x,1,1
164,o-Phenylenediamine,Nc1ccccc1N,Nc1ccccc1N,1,1,0,100.00000000,Single measurement,-6.90300000,-6.90300000,-6.90300000,-6.90300000,,0.00000000,0.00000000,1.00000000,-6.90300000,-6.90300000,-6.90300000,-6.90300000,,0.00000000,0.00000000,-6.92504808,-6.92504808,-6.92504808,-6.92504808,,0.00000000,0.00000000,1,-6.92504808,-6.92504808,-6.92504808,-6.92504808,,0.00000000,0.00000000,1,0.02204808,0.02204808,0.02204808,1,1,32,32,"Bronaugh, 1984","Bronaugh, 1984",1,1,10.1111/1523-1747.ep12263302,10.1111/1523-1747.ep12263302,1,1
165,o-t-Butylphenol,CC(C)(C)c1ccccc1O,Oc1ccccc1C(C)(C)C,1,1,0,100.00000000,Single measurement,-4.68500000,-4.68500000,-4.68500000,-4.68500000,,0.00000000,0.00000000,1.00000000,-4.68500000,-4.68500000,-4.68500000,-4.68500000,,0.00000000,0.00000000,-4.73354087,-4.73354087,-4.73354087,-4.73354087,,0.00000000,0.00000000,1,-4.73354087,-4.73354087,-4.73354087,-4.73354087,,0.00000000,0.00000000,1,0.04854087,0.04854087,0.04854087,1,1,32,32,"Zhang, 2009","Zhang, 2009",1,1,10.1007/s11095-009-9912-4,10.1007/s11095-009-9912-4,1,1
166,p-Bromophenol,Oc1ccc(Br)cc1,Oc1ccc(cc1)Br,1,1,0,100.00000000,Single measurement,-4.99900000,-4.99900000,-4.99900000,-4.99900000,,0.00000000,0.00000000,1.00000000,-4.99900000,-4.99900000,-4.99900000,-4.99900000,,0.00000000,0.00000000,-5.03276811,-5.03276811,-5.03276811,-5.03276811,,0.00000000,0.00000000,1,-5.03276811,-5.03276811,-5.03276811,-5.03276811,,0.00000000,0.00000000,1,0.03376811,0.03376811,0.03376811,1,1,25,25,"Roberts, 1977","Roberts, 1977",1,1,10.1111/j.2042-7158.1977.tb11434.x,10.1111/j.2042-7158.1977.tb11434.x,1,1
167,p-Chlorophenol,Oc1ccc(Cl)cc1,Oc1ccc(cc1)Cl,1,1,0,100.00000000,Single measurement,-4.99600000,-4.99600000,-4.99600000,-4.99600000,,0.00000000,0.00000000,1.00000000,-4.99600000,-4.99600000,-4.99600000,-4.99600000,,0.00000000,0.00000000,-5.01086670,-5.01086670,-5.01086670,-5.01086670,,0.00000000,0.00000000,1,-5.01086670,-5.01086670,-5.01086670,-5.01086670,,0.00000000,0.00000000,1,0.01486670,0.01486670,0.01486670,1,1,25,25,"Roberts, 1977","Roberts, 1977",1,1,10.1111/j.2042-7158.1977.tb11434.x,10.1111/j.2042-7158.1977.tb11434.x,1,1
168,p-Ethylphenol,CCc1ccc(O)cc1,CCc1ccc(cc1)O,1,1,0,100.00000000,Single measurement,-5.01400000,-5.01400000,-5.01400000,-5.01400000,,0.00000000,0.00000000,1.00000000,-5.01400000,-5.01400000,-5.01400000,-5.01400000,,0.00000000,0.00000000,-4.99055176,-4.99055176,-4.99055176,-4.99055176,,0.00000000,0.00000000,1,-4.99055176,-4.99055176,-4.99055176,-4.99055176,,0.00000000,0.00000000,1,0.02344824,0.02344824,0.02344824,1,1,25,25,"Roberts, 1977","Roberts, 1977",1,1,10.1111/j.2042-7158.1977.tb11434.x,10.1111/j.2042-7158.1977.tb11434.x,1,1
169,p-Nitrophenol,O=[N+]([O-])c1ccc(O)cc1,Oc1ccc(cc1)[N+](=O)[O-],1,1,0,100.00000000,Single measurement,-5.81000000,-5.81000000,-5.81000000,-5.81000000,,0.00000000,0.00000000,1.00000000,-5.81000000,-5.81000000,-5.81000000,-5.81000000,,0.00000000,0.00000000,-5.79024276,-5.79024276,-5.79024276,-5.79024276,,0.00000000,0.00000000,1,-5.79024276,-5.79024276,-5.79024276,-5.79024276,,0.00000000,0.00000000,1,0.01975724,0.01975724,0.01975724,1,1,25,25,"Roberts, 1977","Roberts, 1977",1,1,10.1111/j.2042-7158.1977.tb11434.x,10.1111/j.2042-7158.1977.tb11434.x,1,1
170,p-Phenylenediamine,Nc1ccc(N)cc1,Nc1ccc(cc1)N,1,1,0,100.00000000,Single measurement,-7.17600000,-7.17600000,-7.17600000,-7.17600000,,0.00000000,0.00000000,1.00000000,-7.17600000,-7.17600000,-7.17600000,-7.17600000,,0.00000000,0.00000000,-7.15525135,-7.15525135,-7.15525135,-7.15525135,,0.00000000,0.00000000,1,-7.15525135,-7.15525135,-7.15525135,-7.15525135,,0.00000000,0.00000000,1,0.02074865,0.02074865,0.02074865,1,1,32,32,"Bronaugh, 1984","Bronaugh, 1984",1,1,10.1111/1523-1747.ep12263302,10.1111/1523-1747.ep12263302,1,1
171,p-n-Butylphenol,CCCCc1ccc(O)cc1,CCCCc1ccc(cc1)O,1,1,0,100.00000000,Single measurement,-4.67100000,-4.67100000,-4.67100000,-4.67100000,,0.00000000,0.00000000,1.00000000,-4.67100000,-4.67100000,-4.67100000,-4.67100000,,0.00000000,0.00000000,-4.70039039,-4.70039039,-4.70039039,-4.70039039,,0.00000000,0.00000000,1,-4.70039039,-4.70039039,-4.70039039,-4.70039039,,0.00000000,0.00000000,1,0.02939039,0.02939039,0.02939039,1,1,32,32,"Zhang, 2009","Zhang, 2009",1,1,10.1007/s11095-009-9912-4,10.1007/s11095-009-9912-4,1,1
