Source_Data_Row,Compound name,Smiles,Canonical_SMILES,logkp (cm/s),Predicted_logKp_LGBM,Prediction_Error_LGBM,Absolute_Error_LGBM,Within_Tolerance_LGBM,skin source type,skin source site,used layer,skin preparation,storage temperature (°C),storage duration (days),neat,donor/skin surface temperature (°C),donor pH,donor type,acceptor temperature (°C),acceptor pH,acceptor type,cell type,reference,DOI,DOI_URL,LogP,molecular weight,Condition_Signature
1,Butyl 4-hydroxybenzoat,CCCCOC(=O)c1ccc(cc1)O,CCCCOC(=O)c1ccc(O)cc1,-4.53800000,-4.64075240,-0.10275240,0.10275240,True,Abdominoplasty,abdomen,epidermis,heat separation,unknown,unknown,0,32,7.4,PBS,37,unknown,PBS,Franz cell,"Akomeah, 2007",10.1002/jps.20773,https://doi.org/10.1002/jps.20773,2.34910000,194.09429431,skin source type=Abdominoplasty; skin source site=abdomen; used layer=epidermis; skin preparation=heat separation; storage temperature (°C)=unknown; storage duration (days)=unknown; neat=0; donor/skin surface temperature (°C)=32; donor pH=7.4; donor type=PBS; acceptor temperature (°C)=37; acceptor pH=unknown; acceptor type=PBS; cell type=Franz cell
2,Caffeine,Cn1cnc2c1c(=O)n(C)c(=O)n2C,Cn1c(=O)c2c(ncn2C)n(C)c1=O,-7.05300000,-6.92365842,0.12934158,0.12934158,True,Abdominoplasty,abdomen,epidermis,heat separation,unknown,unknown,0,32,7.4,PBS,37,unknown,PBS,Franz cell,"Akomeah, 2007",10.1002/jps.20773,https://doi.org/10.1002/jps.20773,-1.02930000,194.08037556,skin source type=Abdominoplasty; skin source site=abdomen; used layer=epidermis; skin preparation=heat separation; storage temperature (°C)=unknown; storage duration (days)=unknown; neat=0; donor/skin surface temperature (°C)=32; donor pH=7.4; donor type=PBS; acceptor temperature (°C)=37; acceptor pH=unknown; acceptor type=PBS; cell type=Franz cell
3,Methyl 4-hydroxybenzoate,COC(=O)c1ccc(cc1)O,COC(=O)c1ccc(O)cc1,-5.23000000,-5.46314962,-0.23314962,0.23314962,True,Abdominoplasty,abdomen,epidermis,heat separation,unknown,unknown,0,32,7.4,PBS,37,unknown,PBS,Franz cell,"Akomeah, 2007",10.1002/jps.20773,https://doi.org/10.1002/jps.20773,1.17880000,152.04734412,skin source type=Abdominoplasty; skin source site=abdomen; used layer=epidermis; skin preparation=heat separation; storage temperature (°C)=unknown; storage duration (days)=unknown; neat=0; donor/skin surface temperature (°C)=32; donor pH=7.4; donor type=PBS; acceptor temperature (°C)=37; acceptor pH=unknown; acceptor type=PBS; cell type=Franz cell
4,Fluocinonide,CC(=O)OCC(=O)[C@@]12OC(O[C@@H]1C[C@@H]1[C@]2(C)C[C@H](O)[C@]2([C@H]1C[C@@H](C1=CC(=O)C=C[C@]21C)F)F)(C)C,CC(=O)OCC(=O)[C@@]12OC(C)(C)O[C@@H]1C[C@H]1[C@@H]3C[C@H](F)C4=CC(=O)C=C[C@]4(C)[C@@]3(F)[C@@H](O)C[C@@]12C,-6.32600000,-6.49437877,-0.16837877,0.16837877,True,Abdominoplasty or cadaver,unknown,stratum corneum,dry heat separation,4,8.5,0,37,4,Succinate solution,37,4,Succinate solution,Flow through cell,"Anderson, 1988",10.1023/a:1015989929342,https://doi.org/10.1023/a:1015989929342,2.93760000,494.21160980,skin source type=Abdominoplasty or cadaver; skin source site=unknown; used layer=stratum corneum; skin preparation=dry heat separation; storage temperature (°C)=4; storage duration (days)=8.5; neat=0; donor/skin surface temperature (°C)=37; donor pH=4; donor type=Succinate solution; acceptor temperature (°C)=37; acceptor pH=4; acceptor type=Succinate solution; cell type=Flow through cell
5,Fluocinonide,CC(=O)OCC(=O)[C@@]12OC(O[C@@H]1C[C@@H]1[C@]2(C)C[C@H](O)[C@]2([C@H]1C[C@@H](C1=CC(=O)C=C[C@]21C)F)F)(C)C,CC(=O)OCC(=O)[C@@]12OC(C)(C)O[C@@H]1C[C@H]1[C@@H]3C[C@H](F)C4=CC(=O)C=C[C@]4(C)[C@@]3(F)[C@@H](O)C[C@@]12C,-6.32600000,-6.49437877,-0.16837877,0.16837877,True,Abdominoplasty or cadaver,unknown,"epidermis, dermis",dry heat separation,4,8.5,0,37,4,Succinate solution,37,4,Succinate solution,Flow through cell,"Anderson, 1988",10.1023/a:1015989929342,https://doi.org/10.1023/a:1015989929342,2.93760000,494.21160980,"skin source type=Abdominoplasty or cadaver; skin source site=unknown; used layer=epidermis, dermis; skin preparation=dry heat separation; storage temperature (°C)=4; storage duration (days)=8.5; neat=0; donor/skin surface temperature (°C)=37; donor pH=4; donor type=Succinate solution; acceptor temperature (°C)=37; acceptor pH=4; acceptor type=Succinate solution; cell type=Flow through cell"
6,Hydrocortisone 21-Hemisuccinate,OC(=O)CCC(=O)OCC(=O)[C@@]1(O)CC[C@@H]2[C@]1(C)C[C@H](O)[C@H]1[C@H]2CCC2=CC(=O)CC[C@]12C,C[C@]12CCC(=O)C=C1CC[C@@H]1[C@@H]2[C@@H](O)C[C@@]2(C)[C@H]1CC[C@]2(O)C(=O)COC(=O)CCC(=O)O,-6.75700000,-6.81021015,-0.05321015,0.05321015,True,Abdominoplasty or cadaver,unknown,stratum corneum,dry heat separation,4,8.5,0,37,4,Succinate solution,37,4,Succinate solution,Flow through cell,"Anderson, 1988",10.1023/a:1015989929342,https://doi.org/10.1023/a:1015989929342,2.19730000,462.22536805,skin source type=Abdominoplasty or cadaver; skin source site=unknown; used layer=stratum corneum; skin preparation=dry heat separation; storage temperature (°C)=4; storage duration (days)=8.5; neat=0; donor/skin surface temperature (°C)=37; donor pH=4; donor type=Succinate solution; acceptor temperature (°C)=37; acceptor pH=4; acceptor type=Succinate solution; cell type=Flow through cell
7,Hydrocortisone 21-Hemipimelate,OC(=O)CCCCCC(=O)OCC(=O)[C@@]1(O)CC[C@@H]2[C@]1(C)C[C@H](O)[C@H]1[C@H]2CCC2=CC(=O)CC[C@]12C,C[C@]12CCC(=O)C=C1CC[C@@H]1[C@@H]2[C@@H](O)C[C@@]2(C)[C@H]1CC[C@]2(O)C(=O)COC(=O)CCCCCC(=O)O,-6.30100000,-6.50477122,-0.20377122,0.20377122,True,Abdominoplasty or cadaver,unknown,stratum corneum,dry heat separation,4,8.5,0,37,4,Succinate solution,37,4,Succinate solution,Flow through cell,"Anderson, 1988",10.1023/a:1015989929342,https://doi.org/10.1023/a:1015989929342,3.36760000,504.27231824,skin source type=Abdominoplasty or cadaver; skin source site=unknown; used layer=stratum corneum; skin preparation=dry heat separation; storage temperature (°C)=4; storage duration (days)=8.5; neat=0; donor/skin surface temperature (°C)=37; donor pH=4; donor type=Succinate solution; acceptor temperature (°C)=37; acceptor pH=4; acceptor type=Succinate solution; cell type=Flow through cell
9,Hydrocortisone 21-(6-hydroxyhexanoate),OCCCCCC(=O)OCC(=O)[C@@]1(O)CC[C@@H]2[C@]1(C)C[C@H](O)[C@H]1[C@H]2CCC2=CC(=O)CC[C@]12C,C[C@]12CCC(=O)C=C1CC[C@@H]1[C@@H]2[C@@H](O)C[C@@]2(C)[C@H]1CC[C@]2(O)C(=O)COC(=O)CCCCCO,-6.59700000,-6.71935638,-0.12235638,0.12235638,True,Abdominoplasty or cadaver,unknown,stratum corneum,dry heat separation,4,8.5,0,37,4,Succinate solution,37,4,Succinate solution,Flow through cell,"Anderson, 1988",10.1023/a:1015989929342,https://doi.org/10.1023/a:1015989929342,2.88520000,476.27740362,skin source type=Abdominoplasty or cadaver; skin source site=unknown; used layer=stratum corneum; skin preparation=dry heat separation; storage temperature (°C)=4; storage duration (days)=8.5; neat=0; donor/skin surface temperature (°C)=37; donor pH=4; donor type=Succinate solution; acceptor temperature (°C)=37; acceptor pH=4; acceptor type=Succinate solution; cell type=Flow through cell
10,Hydrocortisone 21-methylpimelate,COC(=O)CCCCCC(=O)OCC(=O)[C@@]1(O)CC[C@@H]2[C@]1(C)C[C@H](O)[C@H]1[C@H]2CCC2=CC(=O)CC[C@]12C,COC(=O)CCCCCC(=O)OCC(=O)[C@@]1(O)CC[C@H]2[C@@H]3CCC4=CC(=O)CC[C@]4(C)[C@H]3[C@@H](O)C[C@@]21C,-5.82400000,-6.08230331,-0.25830331,0.25830331,True,Abdominoplasty or cadaver,unknown,stratum corneum,dry heat separation,4,8.5,0,37,4,Succinate solution,37,4,Succinate solution,Flow through cell,"Anderson, 1988",10.1023/a:1015989929342,https://doi.org/10.1023/a:1015989929342,3.45600000,518.28796830,skin source type=Abdominoplasty or cadaver; skin source site=unknown; used layer=stratum corneum; skin preparation=dry heat separation; storage temperature (°C)=4; storage duration (days)=8.5; neat=0; donor/skin surface temperature (°C)=37; donor pH=4; donor type=Succinate solution; acceptor temperature (°C)=37; acceptor pH=4; acceptor type=Succinate solution; cell type=Flow through cell
14,Hydrocortisone 21-pimelamate,NC(=O)CCCCCC(=O)OCC(=O)[C@@]1(O)CC[C@@H]2[C@]1(C)C[C@H](O)[C@H]1[C@H]2CCC2=CC(=O)CC[C@]12C,C[C@]12CCC(=O)C=C1CC[C@@H]1[C@@H]2[C@@H](O)C[C@@]2(C)[C@H]1CC[C@]2(O)C(=O)COC(=O)CCCCCC(N)=O,-6.60700000,-6.56401622,0.04298378,0.04298378,True,Abdominoplasty or cadaver,unknown,stratum corneum,dry heat separation,4,8.5,0,37,4,Succinate solution,37,4,Succinate solution,Flow through cell,"Anderson, 1988",10.1023/a:1015989929342,https://doi.org/10.1023/a:1015989929342,2.76830000,503.28830265,skin source type=Abdominoplasty or cadaver; skin source site=unknown; used layer=stratum corneum; skin preparation=dry heat separation; storage temperature (°C)=4; storage duration (days)=8.5; neat=0; donor/skin surface temperature (°C)=37; donor pH=4; donor type=Succinate solution; acceptor temperature (°C)=37; acceptor pH=4; acceptor type=Succinate solution; cell type=Flow through cell
15,Hydrocortisone 21-propionate,CCC(=O)OCC(=O)[C@@]1(O)CC[C@@H]2[C@]1(C)C[C@H](O)[C@H]1[C@H]2CCC2=CC(=O)CC[C@]12C,CCC(=O)OCC(=O)[C@@]1(O)CC[C@H]2[C@@H]3CCC4=CC(=O)CC[C@]4(C)[C@H]3[C@@H](O)C[C@@]21C,-6.03800000,-6.20079084,-0.16279084,0.16279084,True,Abdominoplasty or cadaver,unknown,"epidermis, dermis",dry heat separation,4,8.5,0,37,4,Succinate solution,37,4,Succinate solution,Flow through cell,"Anderson, 1988",10.1023/a:1015989929342,https://doi.org/10.1023/a:1015989929342,2.74250000,418.23553881,"skin source type=Abdominoplasty or cadaver; skin source site=unknown; used layer=epidermis, dermis; skin preparation=dry heat separation; storage temperature (°C)=4; storage duration (days)=8.5; neat=0; donor/skin surface temperature (°C)=37; donor pH=4; donor type=Succinate solution; acceptor temperature (°C)=37; acceptor pH=4; acceptor type=Succinate solution; cell type=Flow through cell"
16,Hydrocortisone 21-propionate,CCC(=O)OCC(=O)[C@@]1(O)CC[C@@H]2[C@]1(C)C[C@H](O)[C@H]1[C@H]2CCC2=CC(=O)CC[C@]12C,CCC(=O)OCC(=O)[C@@]1(O)CC[C@H]2[C@@H]3CCC4=CC(=O)CC[C@]4(C)[C@H]3[C@@H](O)C[C@@]21C,-6.02500000,-6.20079084,-0.17579084,0.17579084,True,Abdominoplasty or cadaver,unknown,stratum corneum,dry heat separation,4,8.5,0,37,4,Succinate solution,37,4,Succinate solution,Flow through cell,"Anderson, 1988",10.1023/a:1015989929342,https://doi.org/10.1023/a:1015989929342,2.74250000,418.23553881,skin source type=Abdominoplasty or cadaver; skin source site=unknown; used layer=stratum corneum; skin preparation=dry heat separation; storage temperature (°C)=4; storage duration (days)=8.5; neat=0; donor/skin surface temperature (°C)=37; donor pH=4; donor type=Succinate solution; acceptor temperature (°C)=37; acceptor pH=4; acceptor type=Succinate solution; cell type=Flow through cell
18,Sucrose,OC[C@H]1O[C@@]([C@H]([C@@H]1O)O)(CO)O[C@H]1O[C@H](CO)[C@H]([C@@H]([C@H]1O)O)O,OC[C@H]1O[C@@](CO)(O[C@H]2O[C@H](CO)[C@@H](O)[C@H](O)[C@H]2O)[C@@H](O)[C@@H]1O,-8.58300000,-7.94952936,0.63347064,0.63347064,False,Abdominoplasty or cadaver,unknown,stratum corneum,dry heat separation,4,8.5,0,37,4,Succinate solution,37,4,Succinate solution,Flow through cell,"Anderson, 1988",10.1023/a:1015989929342,https://doi.org/10.1023/a:1015989929342,-5.39560000,342.11621152,skin source type=Abdominoplasty or cadaver; skin source site=unknown; used layer=stratum corneum; skin preparation=dry heat separation; storage temperature (°C)=4; storage duration (days)=8.5; neat=0; donor/skin surface temperature (°C)=37; donor pH=4; donor type=Succinate solution; acceptor temperature (°C)=37; acceptor pH=4; acceptor type=Succinate solution; cell type=Flow through cell
19,Sucrose,OC[C@H]1O[C@@]([C@H]([C@@H]1O)O)(CO)O[C@H]1O[C@H](CO)[C@H]([C@@H]([C@H]1O)O)O,OC[C@H]1O[C@@](CO)(O[C@H]2O[C@H](CO)[C@@H](O)[C@H](O)[C@H]2O)[C@@H](O)[C@@H]1O,-8.84000000,-7.94952936,0.89047064,0.89047064,False,Abdominoplasty or cadaver,unknown,"epidermis, dermis",dry heat separation,4,8.5,0,37,4,Succinate solution,37,4,Succinate solution,Flow through cell,"Anderson, 1988",10.1023/a:1015989929342,https://doi.org/10.1023/a:1015989929342,-5.39560000,342.11621152,"skin source type=Abdominoplasty or cadaver; skin source site=unknown; used layer=epidermis, dermis; skin preparation=dry heat separation; storage temperature (°C)=4; storage duration (days)=8.5; neat=0; donor/skin surface temperature (°C)=37; donor pH=4; donor type=Succinate solution; acceptor temperature (°C)=37; acceptor pH=4; acceptor type=Succinate solution; cell type=Flow through cell"
20,4-Hydroxybenzyl alcohol,OCc1ccc(cc1)O,OCc1ccc(O)cc1,-6.25500000,-6.22689133,0.02810867,0.02810867,True,Abdominoplasty,abdomen,stratum corneum,dry heat separation,unknown,unknown,0,unknown,4,Succinate solution,unknown,unknown,unknown,Flow through cell,"Anderson, 1989",10.1111/1523-1747.ep12277592,https://doi.org/10.1111/1523-1747.ep12277592,0.88450000,124.05242950,skin source type=Abdominoplasty; skin source site=abdomen; used layer=stratum corneum; skin preparation=dry heat separation; storage temperature (°C)=unknown; storage duration (days)=unknown; neat=0; donor/skin surface temperature (°C)=unknown; donor pH=4; donor type=Succinate solution; acceptor temperature (°C)=unknown; acceptor pH=unknown; acceptor type=unknown; cell type=Flow through cell
21,4-Hydroxyphenylacetamide,NC(=O)Cc1ccc(cc1)O,NC(=O)Cc1ccc(O)cc1,-6.90300000,-6.94833267,-0.04533267,0.04533267,True,Abdominoplasty,abdomen,stratum corneum,dry heat separation,unknown,unknown,0,unknown,4,Succinate solution,unknown,unknown,unknown,Flow through cell,"Anderson, 1989",10.1111/1523-1747.ep12277592,https://doi.org/10.1111/1523-1747.ep12277592,0.42000000,151.06332853,skin source type=Abdominoplasty; skin source site=abdomen; used layer=stratum corneum; skin preparation=dry heat separation; storage temperature (°C)=unknown; storage duration (days)=unknown; neat=0; donor/skin surface temperature (°C)=unknown; donor pH=4; donor type=Succinate solution; acceptor temperature (°C)=unknown; acceptor pH=unknown; acceptor type=unknown; cell type=Flow through cell
22,4-Hydroxyphenylacetic acid,OC(=O)Cc1ccc(cc1)O,O=C(O)Cc1ccc(O)cc1,-6.15800000,-5.72637179,0.43162821,0.43162821,True,Abdominoplasty,abdomen,stratum corneum,dry heat separation,unknown,unknown,0,unknown,4,Succinate solution,unknown,unknown,unknown,Flow through cell,"Anderson, 1989",10.1111/1523-1747.ep12277592,https://doi.org/10.1111/1523-1747.ep12277592,1.01930000,152.04734412,skin source type=Abdominoplasty; skin source site=abdomen; used layer=stratum corneum; skin preparation=dry heat separation; storage temperature (°C)=unknown; storage duration (days)=unknown; neat=0; donor/skin surface temperature (°C)=unknown; donor pH=4; donor type=Succinate solution; acceptor temperature (°C)=unknown; acceptor pH=unknown; acceptor type=unknown; cell type=Flow through cell
23,Methyl 4-hydroxyphenylacetate,COC(=O)Cc1ccc(cc1)O,COC(=O)Cc1ccc(O)cc1,-5.25500000,-5.22950239,0.02549761,0.02549761,True,Abdominoplasty,abdomen,stratum corneum,dry heat separation,unknown,unknown,0,unknown,4,Succinate solution,unknown,unknown,unknown,Flow through cell,"Anderson, 1989",10.1111/1523-1747.ep12277592,https://doi.org/10.1111/1523-1747.ep12277592,1.10770000,166.06299418,skin source type=Abdominoplasty; skin source site=abdomen; used layer=stratum corneum; skin preparation=dry heat separation; storage temperature (°C)=unknown; storage duration (days)=unknown; neat=0; donor/skin surface temperature (°C)=unknown; donor pH=4; donor type=Succinate solution; acceptor temperature (°C)=unknown; acceptor pH=unknown; acceptor type=unknown; cell type=Flow through cell
24,p-Cresol,Cc1ccc(cc1)O,Cc1ccc(O)cc1,-4.47700000,-5.33321983,-0.85621983,0.85621983,False,Abdominoplasty,abdomen,stratum corneum,dry heat separation,unknown,unknown,0,unknown,4,Succinate solution,unknown,unknown,unknown,Flow through cell,"Anderson, 1989",10.1111/1523-1747.ep12277592,https://doi.org/10.1111/1523-1747.ep12277592,1.70062000,108.05751488,skin source type=Abdominoplasty; skin source site=abdomen; used layer=stratum corneum; skin preparation=dry heat separation; storage temperature (°C)=unknown; storage duration (days)=unknown; neat=0; donor/skin surface temperature (°C)=unknown; donor pH=4; donor type=Succinate solution; acceptor temperature (°C)=unknown; acceptor pH=unknown; acceptor type=unknown; cell type=Flow through cell
25,Toluene,Cc1ccccc1,Cc1ccccc1,-3.63700000,-4.04908362,-0.41208362,0.41208362,True,Abdominoplasty,abdomen,stratum corneum,dry heat separation,unknown,unknown,0,unknown,4,Succinate solution,unknown,unknown,unknown,Flow through cell,"Anderson, 1989",10.1111/1523-1747.ep12277592,https://doi.org/10.1111/1523-1747.ep12277592,1.99502000,92.06260026,skin source type=Abdominoplasty; skin source site=abdomen; used layer=stratum corneum; skin preparation=dry heat separation; storage temperature (°C)=unknown; storage duration (days)=unknown; neat=0; donor/skin surface temperature (°C)=unknown; donor pH=4; donor type=Succinate solution; acceptor temperature (°C)=unknown; acceptor pH=unknown; acceptor type=unknown; cell type=Flow through cell
26,Water,O,O,-6.43800000,-6.12423617,0.31376383,0.31376383,True,Amputated limb,"thigh, leg","epidermis, dermis",dermatomed 380um,-20,1,0,unknown,7,PBS,unknown,7,PBS,Glass diffusion cell,"Astley, 1976",10.1002/jps.2600650210 ,https://doi.org/10.1002/jps.2600650210,-0.82470000,18.01056468,"skin source type=Amputated limb; skin source site=thigh, leg; used layer=epidermis, dermis; skin preparation=dermatomed 380um; storage temperature (°C)=-20; storage duration (days)=1; neat=0; donor/skin surface temperature (°C)=unknown; donor pH=7; donor type=PBS; acceptor temperature (°C)=unknown; acceptor pH=7; acceptor type=PBS; cell type=Glass diffusion cell"
27,Water,O,O,-6.60600000,-6.12423617,0.48176383,0.48176383,True,Amputated limb,"thigh, leg","epidermis, dermis",dermatomed 380um,-20,30,0,unknown,7,PBS,unknown,7,PBS,Glass diffusion cell,"Astley, 1976",10.1002/jps.2600650210 ,https://doi.org/10.1002/jps.2600650210,-0.82470000,18.01056468,"skin source type=Amputated limb; skin source site=thigh, leg; used layer=epidermis, dermis; skin preparation=dermatomed 380um; storage temperature (°C)=-20; storage duration (days)=30; neat=0; donor/skin surface temperature (°C)=unknown; donor pH=7; donor type=PBS; acceptor temperature (°C)=unknown; acceptor pH=7; acceptor type=PBS; cell type=Glass diffusion cell"
28,Water,O,O,-6.32300000,-6.12423617,0.19876383,0.19876383,True,Amputated limb,"thigh, leg","epidermis, dermis",dermatomed 380um,-20,90,0,unknown,7,PBS,unknown,7,PBS,Glass diffusion cell,"Astley, 1976",10.1002/jps.2600650210 ,https://doi.org/10.1002/jps.2600650210,-0.82470000,18.01056468,"skin source type=Amputated limb; skin source site=thigh, leg; used layer=epidermis, dermis; skin preparation=dermatomed 380um; storage temperature (°C)=-20; storage duration (days)=90; neat=0; donor/skin surface temperature (°C)=unknown; donor pH=7; donor type=PBS; acceptor temperature (°C)=unknown; acceptor pH=7; acceptor type=PBS; cell type=Glass diffusion cell"
29,Water,O,O,-6.50200000,-6.12423617,0.37776383,0.37776383,True,Amputated limb,"thigh, leg","epidermis, dermis",dermatomed 380um,-20,180,0,unknown,7,PBS,unknown,7,PBS,Glass diffusion cell,"Astley, 1976",10.1002/jps.2600650210 ,https://doi.org/10.1002/jps.2600650210,-0.82470000,18.01056468,"skin source type=Amputated limb; skin source site=thigh, leg; used layer=epidermis, dermis; skin preparation=dermatomed 380um; storage temperature (°C)=-20; storage duration (days)=180; neat=0; donor/skin surface temperature (°C)=unknown; donor pH=7; donor type=PBS; acceptor temperature (°C)=unknown; acceptor pH=7; acceptor type=PBS; cell type=Glass diffusion cell"
30,2-Ethoxyethyl acetate,CCOCCOC(=O)C,CCOCCOC(C)=O,-2.83900000,-6.15248501,-3.31348501,3.31348501,False,Cadaver,unknown,stratum corneum,heat separation,4,2,1,unknown,unknown,unknown,37,7.1,Dulbecco PBS,Franz cell,"Barber, 1992",10.1016/0272-0590(92)90086-W,https://doi.org/10.1016/0272-0590(92)90086-W,0.58600000,132.07864424,skin source type=Cadaver; skin source site=unknown; used layer=stratum corneum; skin preparation=heat separation; storage temperature (°C)=4; storage duration (days)=2; neat=1; donor/skin surface temperature (°C)=unknown; donor pH=unknown; donor type=unknown; acceptor temperature (°C)=37; acceptor pH=7.1; acceptor type=Dulbecco PBS; cell type=Franz cell
31,2-Ethylhexanol,CCCCC(CO)CC,CCCCC(CC)CO,-4.34300000,-4.93673172,-0.59373172,0.59373172,True,Cadaver,unknown,stratum corneum,heat separation,4,2,1,unknown,unknown,unknown,30,7.1,Dulbecco PBS,Franz cell,"Barber, 1992",10.1016/0272-0590(92)90086-W,https://doi.org/10.1016/0272-0590(92)90086-W,2.19510000,130.13576520,skin source type=Cadaver; skin source site=unknown; used layer=stratum corneum; skin preparation=heat separation; storage temperature (°C)=4; storage duration (days)=2; neat=1; donor/skin surface temperature (°C)=unknown; donor pH=unknown; donor type=unknown; acceptor temperature (°C)=30; acceptor pH=7.1; acceptor type=Dulbecco PBS; cell type=Franz cell
32,2-Propoxyethanol,CCCOCCO,CCCOCCO,-3.19200000,-6.46161253,-3.26961253,3.26961253,False,Cadaver,unknown,stratum corneum,heat separation,4,2,1,unknown,unknown,unknown,30,7.1,Dulbecco PBS,Franz cell,"Barber, 1992",10.1016/0272-0590(92)90086-W,https://doi.org/10.1016/0272-0590(92)90086-W,0.40530000,104.08372962,skin source type=Cadaver; skin source site=unknown; used layer=stratum corneum; skin preparation=heat separation; storage temperature (°C)=4; storage duration (days)=2; neat=1; donor/skin surface temperature (°C)=unknown; donor pH=unknown; donor type=unknown; acceptor temperature (°C)=30; acceptor pH=7.1; acceptor type=Dulbecco PBS; cell type=Franz cell
33,Bis(2-ethylhexyl)phthalate,CCCCC(COC(=O)c1ccccc1C(=O)OCC(CCCC)CC)CC,CCCCC(CC)COC(=O)c1ccccc1C(=O)OCC(CC)CCCC,-6.97900000,-7.37165980,-0.39265980,0.39265980,True,Cadaver,unknown,stratum corneum,heat separation,4,2,1,unknown,unknown,unknown,30,7.1,Dulbecco PBS,Franz cell,"Barber, 1992",10.1016/0272-0590(92)90086-W,https://doi.org/10.1016/0272-0590(92)90086-W,6.43300000,390.27700970,skin source type=Cadaver; skin source site=unknown; used layer=stratum corneum; skin preparation=heat separation; storage temperature (°C)=4; storage duration (days)=2; neat=1; donor/skin surface temperature (°C)=unknown; donor pH=unknown; donor type=unknown; acceptor temperature (°C)=30; acceptor pH=7.1; acceptor type=Dulbecco PBS; cell type=Franz cell
36,Urea,NC(=O)N,NC(N)=O,-3.83000000,-7.32235150,-3.49235150,3.49235150,False,Cadaver,unknown,stratum corneum,heat separation,4,2,0,unknown,unknown,unknown,37,7.1,Dulbecco PBS,Franz cell,"Barber, 1992",10.1016/0272-0590(92)90086-W,https://doi.org/10.1016/0272-0590(92)90086-W,-0.97620000,60.03236275,skin source type=Cadaver; skin source site=unknown; used layer=stratum corneum; skin preparation=heat separation; storage temperature (°C)=4; storage duration (days)=2; neat=0; donor/skin surface temperature (°C)=unknown; donor pH=unknown; donor type=unknown; acceptor temperature (°C)=37; acceptor pH=7.1; acceptor type=Dulbecco PBS; cell type=Franz cell
37,Water,O,O,-2.80700000,-6.12423617,-3.31723617,3.31723617,False,Cadaver,unknown,stratum corneum,heat separation,4,2,0,unknown,unknown,unknown,unknown,7.1,Dulbecco PBS,Franz cell,"Barber, 1992",10.1016/0272-0590(92)90086-W,https://doi.org/10.1016/0272-0590(92)90086-W,-0.82470000,18.01056468,skin source type=Cadaver; skin source site=unknown; used layer=stratum corneum; skin preparation=heat separation; storage temperature (°C)=4; storage duration (days)=2; neat=0; donor/skin surface temperature (°C)=unknown; donor pH=unknown; donor type=unknown; acceptor temperature (°C)=unknown; acceptor pH=7.1; acceptor type=Dulbecco PBS; cell type=Franz cell
38,Ethanol,CCO,CCO,-7.07900000,-6.54635716,0.53264284,0.53264284,True,Cadaver,abdomen,"epidermis, dermis",fat removed,unknown,unknown,0,22,unknown,NaCl solution,22,unknown,NaCl solution,unknown,"Blank, 1964",10.1038/jid.1964.174,https://doi.org/10.1038/jid.1964.174,-0.00140000,46.04186481,"skin source type=Cadaver; skin source site=abdomen; used layer=epidermis, dermis; skin preparation=fat removed; storage temperature (°C)=unknown; storage duration (days)=unknown; neat=0; donor/skin surface temperature (°C)=22; donor pH=unknown; donor type=NaCl solution; acceptor temperature (°C)=22; acceptor pH=unknown; acceptor type=NaCl solution; cell type=unknown"
39,1-Octanol,CCCCCCCCO,CCCCCCCCO,-4.84000000,-4.73831328,0.10168672,0.10168672,True,Cadaver,abdomen,"epidermis, dermis",fat removed,unknown,unknown,0,22,unknown,NaCl solution,22,unknown,NaCl solution,unknown,"Blank, 1964",10.1038/jid.1964.174,https://doi.org/10.1038/jid.1964.174,2.33920000,130.13576520,"skin source type=Cadaver; skin source site=abdomen; used layer=epidermis, dermis; skin preparation=fat removed; storage temperature (°C)=unknown; storage duration (days)=unknown; neat=0; donor/skin surface temperature (°C)=22; donor pH=unknown; donor type=NaCl solution; acceptor temperature (°C)=22; acceptor pH=unknown; acceptor type=NaCl solution; cell type=unknown"
40,1-Pentanol,CCCCCO,CCCCCO,-5.77800000,-5.75408847,0.02391153,0.02391153,True,Cadaver,abdomen,"epidermis, dermis",fat removed,unknown,unknown,0,22,unknown,NaCl solution,22,unknown,NaCl solution,unknown,"Blank, 1964",10.1038/jid.1964.174,https://doi.org/10.1038/jid.1964.174,1.16890000,88.08881500,"skin source type=Cadaver; skin source site=abdomen; used layer=epidermis, dermis; skin preparation=fat removed; storage temperature (°C)=unknown; storage duration (days)=unknown; neat=0; donor/skin surface temperature (°C)=22; donor pH=unknown; donor type=NaCl solution; acceptor temperature (°C)=22; acceptor pH=unknown; acceptor type=NaCl solution; cell type=unknown"
41,1-Propanol,CCCO,CCCO,-6.55600000,-6.40916063,0.14683937,0.14683937,True,Cadaver,abdomen,"epidermis, dermis",fat removed,unknown,unknown,0,22,unknown,NaCl solution,22,unknown,NaCl solution,unknown,"Blank, 1964",10.1038/jid.1964.174,https://doi.org/10.1038/jid.1964.174,0.38870000,60.05751488,"skin source type=Cadaver; skin source site=abdomen; used layer=epidermis, dermis; skin preparation=fat removed; storage temperature (°C)=unknown; storage duration (days)=unknown; neat=0; donor/skin surface temperature (°C)=22; donor pH=unknown; donor type=NaCl solution; acceptor temperature (°C)=22; acceptor pH=unknown; acceptor type=NaCl solution; cell type=unknown"
42,"2,3-Butanediol",CC(C(O)C)O,CC(O)C(C)O,-7.85700000,-7.51394067,0.34305933,0.34305933,True,Cadaver,abdomen,epidermis,heat separation,unknown,unknown,0,unknown,unknown,unknown,unknown,unknown,unknown,Glass diffusion cell,"Blank, 1967",10.1038/jid.1967.184,https://doi.org/10.1038/jid.1967.184,-0.25200000,90.06807956,skin source type=Cadaver; skin source site=abdomen; used layer=epidermis; skin preparation=heat separation; storage temperature (°C)=unknown; storage duration (days)=unknown; neat=0; donor/skin surface temperature (°C)=unknown; donor pH=unknown; donor type=unknown; acceptor temperature (°C)=unknown; acceptor pH=unknown; acceptor type=unknown; cell type=Glass diffusion cell
43,1-Butanol,CCCCO,CCCCO,-6.07900000,-5.97248886,0.10651114,0.10651114,True,Cadaver,abdomen,epidermis,heat separation,unknown,unknown,0,unknown,unknown,unknown,unknown,unknown,unknown,Glass diffusion cell,"Blank, 1967",10.1038/jid.1967.184,https://doi.org/10.1038/jid.1967.184,0.77880000,74.07316494,skin source type=Cadaver; skin source site=abdomen; used layer=epidermis; skin preparation=heat separation; storage temperature (°C)=unknown; storage duration (days)=unknown; neat=0; donor/skin surface temperature (°C)=unknown; donor pH=unknown; donor type=unknown; acceptor temperature (°C)=unknown; acceptor pH=unknown; acceptor type=unknown; cell type=Glass diffusion cell
44,Butan-2-one,CCC(=O)C,CCC(C)=O,-5.90300000,-6.29942838,-0.39642838,0.39642838,True,Cadaver,abdomen,epidermis,heat separation,unknown,unknown,0,unknown,unknown,unknown,unknown,unknown,unknown,Glass diffusion cell,"Blank, 1967",10.1038/jid.1967.184,https://doi.org/10.1038/jid.1967.184,0.98540000,72.05751488,skin source type=Cadaver; skin source site=abdomen; used layer=epidermis; skin preparation=heat separation; storage temperature (°C)=unknown; storage duration (days)=unknown; neat=0; donor/skin surface temperature (°C)=unknown; donor pH=unknown; donor type=unknown; acceptor temperature (°C)=unknown; acceptor pH=unknown; acceptor type=unknown; cell type=Glass diffusion cell
45,2-Ethoxyethanol,OCCOCC,CCOCCO,-7.15800000,-6.63506730,0.52293270,0.52293270,True,Cadaver,abdomen,epidermis,heat separation,unknown,unknown,0,unknown,unknown,unknown,unknown,unknown,unknown,Glass diffusion cell,"Blank, 1967",10.1038/jid.1967.184,https://doi.org/10.1038/jid.1967.184,0.01520000,90.06807956,skin source type=Cadaver; skin source site=abdomen; used layer=epidermis; skin preparation=heat separation; storage temperature (°C)=unknown; storage duration (days)=unknown; neat=0; donor/skin surface temperature (°C)=unknown; donor pH=unknown; donor type=unknown; acceptor temperature (°C)=unknown; acceptor pH=unknown; acceptor type=unknown; cell type=Glass diffusion cell
46,Diethyl ether,CCOCC,CCOCC,-5.35200000,-5.47589023,-0.12389023,0.12389023,True,Cadaver,abdomen,epidermis,heat separation,unknown,unknown,0,unknown,unknown,unknown,unknown,unknown,unknown,Glass diffusion cell,"Blank, 1967",10.1038/jid.1967.184,https://doi.org/10.1038/jid.1967.184,1.04280000,74.07316494,skin source type=Cadaver; skin source site=abdomen; used layer=epidermis; skin preparation=heat separation; storage temperature (°C)=unknown; storage duration (days)=unknown; neat=0; donor/skin surface temperature (°C)=unknown; donor pH=unknown; donor type=unknown; acceptor temperature (°C)=unknown; acceptor pH=unknown; acceptor type=unknown; cell type=Glass diffusion cell
47,Benzene,c1ccccc1,c1ccccc1,-4.51100000,-4.38829441,0.12270559,0.12270559,True,Cadaver,abdomen,epidermis,heat separation,4,unknown,0,31,unknown,NaCl solution,unknown,unknown,NaCl solution,Glass diffusion cell,"Blank, 1985",10.1111/1523-1747.ep12277325,https://doi.org/10.1111/1523-1747.ep12277325,1.68660000,78.04695019,skin source type=Cadaver; skin source site=abdomen; used layer=epidermis; skin preparation=heat separation; storage temperature (°C)=4; storage duration (days)=unknown; neat=0; donor/skin surface temperature (°C)=31; donor pH=unknown; donor type=NaCl solution; acceptor temperature (°C)=unknown; acceptor pH=unknown; acceptor type=NaCl solution; cell type=Glass diffusion cell
48,2-Amino-4-Nitrophenol,[O-][N+](=O)c1ccc(c(c1)N)O,Nc1cc([N+](=O)[O-])ccc1O,-8.07900000,-6.69091160,1.38808840,1.38808840,False,Cadaver,abdomen,epidermis,heat separation,4,28,0,32,9.7,Borate buffer,32,unknown,NaCl solution,Glass diffusion cell,"Bronaugh, 1984",10.1111/1523-1747.ep12263302,https://doi.org/10.1111/1523-1747.ep12263302,0.88260000,154.03784205,skin source type=Cadaver; skin source site=abdomen; used layer=epidermis; skin preparation=heat separation; storage temperature (°C)=4; storage duration (days)=28; neat=0; donor/skin surface temperature (°C)=32; donor pH=9.7; donor type=Borate buffer; acceptor temperature (°C)=32; acceptor pH=unknown; acceptor type=NaCl solution; cell type=Glass diffusion cell
49,2-Nitro-p-Phenylenediamine,Nc1ccc(c(c1)[N+](=O)[O-])N,Nc1ccc(N)c([N+](=O)[O-])c1,-6.85700000,-6.47061896,0.38638104,0.38638104,True,Cadaver,abdomen,epidermis,heat separation,4,28,0,32,9.7,Borate buffer,32,unknown,NaCl solution,Glass diffusion cell,"Bronaugh, 1984",10.1111/1523-1747.ep12263302,https://doi.org/10.1111/1523-1747.ep12263302,0.75920000,153.05382646,skin source type=Cadaver; skin source site=abdomen; used layer=epidermis; skin preparation=heat separation; storage temperature (°C)=4; storage duration (days)=28; neat=0; donor/skin surface temperature (°C)=32; donor pH=9.7; donor type=Borate buffer; acceptor temperature (°C)=32; acceptor pH=unknown; acceptor type=NaCl solution; cell type=Glass diffusion cell
50,4-Amino-2-Nitrophenol,Nc1ccc(c(c1)[N+](=O)[O-])O,Nc1ccc(O)c([N+](=O)[O-])c1,-7.62200000,-7.23604440,0.38595560,0.38595560,True,Cadaver,abdomen,epidermis,heat separation,4,28,0,32,9.7,Borate buffer,32,unknown,NaCl solution,Glass diffusion cell,"Bronaugh, 1984",10.1111/1523-1747.ep12263302,https://doi.org/10.1111/1523-1747.ep12263302,0.88260000,154.03784205,skin source type=Cadaver; skin source site=abdomen; used layer=epidermis; skin preparation=heat separation; storage temperature (°C)=4; storage duration (days)=28; neat=0; donor/skin surface temperature (°C)=32; donor pH=9.7; donor type=Borate buffer; acceptor temperature (°C)=32; acceptor pH=unknown; acceptor type=NaCl solution; cell type=Glass diffusion cell
51,4-Chloro-m-Phenylenediamine,Nc1ccc(c(c1)N)Cl,Nc1ccc(Cl)c(N)c1,-6.23400000,-6.53106253,-0.29706253,0.29706253,True,Cadaver,abdomen,epidermis,heat separation,4,28,0,32,9.7,Borate buffer,32,unknown,NaCl solution,Glass diffusion cell,"Bronaugh, 1984",10.1111/1523-1747.ep12263302,https://doi.org/10.1111/1523-1747.ep12263302,1.50440000,142.02977590,skin source type=Cadaver; skin source site=abdomen; used layer=epidermis; skin preparation=heat separation; storage temperature (°C)=4; storage duration (days)=28; neat=0; donor/skin surface temperature (°C)=32; donor pH=9.7; donor type=Borate buffer; acceptor temperature (°C)=32; acceptor pH=unknown; acceptor type=NaCl solution; cell type=Glass diffusion cell
52,o-Phenylenediamine,Nc1ccccc1N,Nc1ccccc1N,-6.90300000,-6.92504808,-0.02204808,0.02204808,True,Cadaver,abdomen,epidermis,heat separation,4,28,0,32,9.7,Borate buffer,32,unknown,NaCl solution,Glass diffusion cell,"Bronaugh, 1984",10.1111/1523-1747.ep12263302,https://doi.org/10.1111/1523-1747.ep12263302,0.85100000,108.06874826,skin source type=Cadaver; skin source site=abdomen; used layer=epidermis; skin preparation=heat separation; storage temperature (°C)=4; storage duration (days)=28; neat=0; donor/skin surface temperature (°C)=32; donor pH=9.7; donor type=Borate buffer; acceptor temperature (°C)=32; acceptor pH=unknown; acceptor type=NaCl solution; cell type=Glass diffusion cell
53,p-Phenylenediamine,Nc1ccc(cc1)N,Nc1ccc(N)cc1,-7.17600000,-7.15525135,0.02074865,0.02074865,True,Cadaver,abdomen,epidermis,heat separation,4,28,0,32,9.7,Borate buffer,32,unknown,NaCl solution,Glass diffusion cell,"Bronaugh, 1984",10.1111/1523-1747.ep12263302,https://doi.org/10.1111/1523-1747.ep12263302,0.85100000,108.06874826,skin source type=Cadaver; skin source site=abdomen; used layer=epidermis; skin preparation=heat separation; storage temperature (°C)=4; storage duration (days)=28; neat=0; donor/skin surface temperature (°C)=32; donor pH=9.7; donor type=Borate buffer; acceptor temperature (°C)=32; acceptor pH=unknown; acceptor type=NaCl solution; cell type=Glass diffusion cell
54,"2,4-Dichlorophenol",Clc1ccc(c(c1)Cl)O,Oc1ccc(Cl)cc1Cl,-5.06500000,-4.71793829,0.34706171,0.34706171,True,unknown,abdomen,epidermis,prepared with NaBr solution,-80,unknown,0,unknown,unknown,"NaCl, sodium azide",unknown,unknown,unknown,unknown,"Buist, 2010",10.1016/j.yrtph.2010.02.008,https://doi.org/10.1016/j.yrtph.2010.02.008,2.69900000,161.96392011,"skin source type=unknown; skin source site=abdomen; used layer=epidermis; skin preparation=prepared with NaBr solution; storage temperature (°C)=-80; storage duration (days)=unknown; neat=0; donor/skin surface temperature (°C)=unknown; donor pH=unknown; donor type=NaCl, sodium azide; acceptor temperature (°C)=unknown; acceptor pH=unknown; acceptor type=unknown; cell type=unknown"
55,Acetic acid,CC(=O)O,CC(=O)O,-6.07900000,-6.35939149,-0.28039149,0.28039149,True,unknown,abdomen,epidermis,prepared with NaBr solution,-80,unknown,0,unknown,unknown,"NaCl, sodium azide",unknown,unknown,unknown,unknown,"Buist, 2010",10.1016/j.yrtph.2010.02.008,https://doi.org/10.1016/j.yrtph.2010.02.008,0.09090000,60.02112937,"skin source type=unknown; skin source site=abdomen; used layer=epidermis; skin preparation=prepared with NaBr solution; storage temperature (°C)=-80; storage duration (days)=unknown; neat=0; donor/skin surface temperature (°C)=unknown; donor pH=unknown; donor type=NaCl, sodium azide; acceptor temperature (°C)=unknown; acceptor pH=unknown; acceptor type=unknown; cell type=unknown"
56,Benzoic acid,OC(=O)c1ccccc1,O=C(O)c1ccccc1,-5.67500000,-5.40451798,0.27048202,0.27048202,True,unknown,abdomen,epidermis,prepared with NaBr solution,-80,unknown,0,unknown,unknown,"NaCl, sodium azide",unknown,unknown,unknown,unknown,"Buist, 2010",10.1016/j.yrtph.2010.02.008,https://doi.org/10.1016/j.yrtph.2010.02.008,1.38480000,122.03677943,"skin source type=unknown; skin source site=abdomen; used layer=epidermis; skin preparation=prepared with NaBr solution; storage temperature (°C)=-80; storage duration (days)=unknown; neat=0; donor/skin surface temperature (°C)=unknown; donor pH=unknown; donor type=NaCl, sodium azide; acceptor temperature (°C)=unknown; acceptor pH=unknown; acceptor type=unknown; cell type=unknown"
57,Bis(2-ethylhexyl)phthalate,CCCCC(COC(=O)c1ccccc1C(=O)OCC(CCCC)CC)CC,CCCCC(CC)COC(=O)c1ccccc1C(=O)OCC(CC)CCCC,-7.65300000,-7.37165980,0.28134020,0.28134020,True,unknown,abdomen,epidermis,prepared with NaBr solution,-80,unknown,0,unknown,unknown,"NaCl, sodium azide",unknown,unknown,unknown,unknown,"Buist, 2010",10.1016/j.yrtph.2010.02.008,https://doi.org/10.1016/j.yrtph.2010.02.008,6.43300000,390.27700970,"skin source type=unknown; skin source site=abdomen; used layer=epidermis; skin preparation=prepared with NaBr solution; storage temperature (°C)=-80; storage duration (days)=unknown; neat=0; donor/skin surface temperature (°C)=unknown; donor pH=unknown; donor type=NaCl, sodium azide; acceptor temperature (°C)=unknown; acceptor pH=unknown; acceptor type=unknown; cell type=unknown"
58,Butoxyethanol,CCCCOC(O)C,CCCCOC(C)O,-6.00000000,-5.78737537,0.21262463,0.21262463,True,unknown,abdomen,epidermis,prepared with NaBr solution,-80,unknown,0,unknown,unknown,"NaCl, sodium azide",unknown,unknown,unknown,unknown,"Buist, 2010",10.1016/j.yrtph.2010.02.008,https://doi.org/10.1016/j.yrtph.2010.02.008,1.14140000,118.09937969,"skin source type=unknown; skin source site=abdomen; used layer=epidermis; skin preparation=prepared with NaBr solution; storage temperature (°C)=-80; storage duration (days)=unknown; neat=0; donor/skin surface temperature (°C)=unknown; donor pH=unknown; donor type=NaCl, sodium azide; acceptor temperature (°C)=unknown; acceptor pH=unknown; acceptor type=unknown; cell type=unknown"
59,Cortisone,OCC(=O)[C@@]1(O)CC[C@@H]2[C@]1(C)CC(=O)[C@H]1[C@H]2CCC2=CC(=O)CC[C@]12C,C[C@]12CCC(=O)C=C1CC[C@@H]1[C@@H]2C(=O)C[C@@]2(C)[C@H]1CC[C@]2(O)C(=O)CO,-7.38000000,-7.39868215,-0.01868215,0.01868215,True,unknown,abdomen,epidermis,prepared with NaBr solution,-80,unknown,0,unknown,unknown,"NaCl, sodium azide",unknown,unknown,unknown,unknown,"Buist, 2010",10.1016/j.yrtph.2010.02.008,https://doi.org/10.1016/j.yrtph.2010.02.008,1.98980000,360.19367400,"skin source type=unknown; skin source site=abdomen; used layer=epidermis; skin preparation=prepared with NaBr solution; storage temperature (°C)=-80; storage duration (days)=unknown; neat=0; donor/skin surface temperature (°C)=unknown; donor pH=unknown; donor type=NaCl, sodium azide; acceptor temperature (°C)=unknown; acceptor pH=unknown; acceptor type=unknown; cell type=unknown"
60,1-Decanol,CCCCCCCCCCO,CCCCCCCCCCO,-5.51500000,-5.06365753,0.45134247,0.45134247,True,unknown,abdomen,epidermis,prepared with NaBr solution,-80,unknown,0,unknown,unknown,"NaCl, sodium azide",unknown,unknown,unknown,unknown,"Buist, 2010",10.1016/j.yrtph.2010.02.008,https://doi.org/10.1016/j.yrtph.2010.02.008,3.11940000,158.16706532,"skin source type=unknown; skin source site=abdomen; used layer=epidermis; skin preparation=prepared with NaBr solution; storage temperature (°C)=-80; storage duration (days)=unknown; neat=0; donor/skin surface temperature (°C)=unknown; donor pH=unknown; donor type=NaCl, sodium azide; acceptor temperature (°C)=unknown; acceptor pH=unknown; acceptor type=unknown; cell type=unknown"
61,Diazinon,CCOP(=S)(Oc1cc(C)nc(n1)C(C)C)OCC,CCOP(=S)(OCC)Oc1cc(C)nc(C(C)C)n1,-5.61700000,-5.67907871,-0.06207871,0.06207871,True,unknown,abdomen,epidermis,prepared with NaBr solution,-80,unknown,0,unknown,unknown,"NaCl, sodium azide",unknown,unknown,unknown,unknown,"Buist, 2010",10.1016/j.yrtph.2010.02.008,https://doi.org/10.1016/j.yrtph.2010.02.008,3.58472000,304.10105016,"skin source type=unknown; skin source site=abdomen; used layer=epidermis; skin preparation=prepared with NaBr solution; storage temperature (°C)=-80; storage duration (days)=unknown; neat=0; donor/skin surface temperature (°C)=unknown; donor pH=unknown; donor type=NaCl, sodium azide; acceptor temperature (°C)=unknown; acceptor pH=unknown; acceptor type=unknown; cell type=unknown"
62,Ethacrynic acid,CCC(=C)C(=O)c1ccc(c(c1Cl)Cl)OCC(=O)O,C=C(CC)C(=O)c1ccc(OCC(=O)O)c(Cl)c1Cl,-7.38000000,-7.19405858,0.18594142,0.18594142,True,unknown,abdomen,epidermis,prepared with NaBr solution,-80,unknown,0,unknown,unknown,"NaCl, sodium azide",unknown,unknown,unknown,unknown,"Buist, 2010",10.1016/j.yrtph.2010.02.008,https://doi.org/10.1016/j.yrtph.2010.02.008,3.60570000,302.01126422,"skin source type=unknown; skin source site=abdomen; used layer=epidermis; skin preparation=prepared with NaBr solution; storage temperature (°C)=-80; storage duration (days)=unknown; neat=0; donor/skin surface temperature (°C)=unknown; donor pH=unknown; donor type=NaCl, sodium azide; acceptor temperature (°C)=unknown; acceptor pH=unknown; acceptor type=unknown; cell type=unknown"
63,Linolenic acid,CC/C=C/C/C=C/C/C=C/CCCCCCCC(=O)O,CC/C=C/C/C=C/C/C=C/CCCCCCCC(=O)O,-5.98800000,-6.12148904,-0.13348904,0.13348904,True,unknown,abdomen,epidermis,prepared with NaBr solution,-80,unknown,0,unknown,unknown,"NaCl, sodium azide",unknown,unknown,unknown,unknown,"Buist, 2010",10.1016/j.yrtph.2010.02.008,https://doi.org/10.1016/j.yrtph.2010.02.008,5.66050000,278.22458020,"skin source type=unknown; skin source site=abdomen; used layer=epidermis; skin preparation=prepared with NaBr solution; storage temperature (°C)=-80; storage duration (days)=unknown; neat=0; donor/skin surface temperature (°C)=unknown; donor pH=unknown; donor type=NaCl, sodium azide; acceptor temperature (°C)=unknown; acceptor pH=unknown; acceptor type=unknown; cell type=unknown"
64,Octylparaben,CCCCCCCCOC(=O)c1ccc(cc1)O,CCCCCCCCOC(=O)c1ccc(O)cc1,-5.58800000,-5.50196152,0.08603848,0.08603848,True,unknown,abdomen,epidermis,prepared with NaBr solution,-80,unknown,0,unknown,unknown,"NaCl, sodium azide",unknown,unknown,unknown,unknown,"Buist, 2010",10.1016/j.yrtph.2010.02.008,https://doi.org/10.1016/j.yrtph.2010.02.008,3.90950000,250.15689456,"skin source type=unknown; skin source site=abdomen; used layer=epidermis; skin preparation=prepared with NaBr solution; storage temperature (°C)=-80; storage duration (days)=unknown; neat=0; donor/skin surface temperature (°C)=unknown; donor pH=unknown; donor type=NaCl, sodium azide; acceptor temperature (°C)=unknown; acceptor pH=unknown; acceptor type=unknown; cell type=unknown"
65,Oleic acid,CCCCCCCC/C=CCCCCCCCC(=O)O,CCCCCCCCC=CCCCCCCCC(=O)O,-6.44200000,-6.44835935,-0.00635935,0.00635935,True,unknown,abdomen,epidermis,prepared with NaBr solution,-80,unknown,0,unknown,unknown,"NaCl, sodium azide",unknown,unknown,unknown,unknown,"Buist, 2010",10.1016/j.yrtph.2010.02.008,https://doi.org/10.1016/j.yrtph.2010.02.008,6.10850000,282.25588033,"skin source type=unknown; skin source site=abdomen; used layer=epidermis; skin preparation=prepared with NaBr solution; storage temperature (°C)=-80; storage duration (days)=unknown; neat=0; donor/skin surface temperature (°C)=unknown; donor pH=unknown; donor type=NaCl, sodium azide; acceptor temperature (°C)=unknown; acceptor pH=unknown; acceptor type=unknown; cell type=unknown"
66,Propylparaben,CCCOC(=O)c1ccc(cc1)O,CCCOC(=O)c1ccc(O)cc1,-5.41000000,-5.07893613,0.33106387,0.33106387,True,unknown,abdomen,epidermis,prepared with NaBr solution,-80,unknown,0,unknown,unknown,"NaCl, sodium azide",unknown,unknown,unknown,unknown,"Buist, 2010",10.1016/j.yrtph.2010.02.008,https://doi.org/10.1016/j.yrtph.2010.02.008,1.95900000,180.07864424,"skin source type=unknown; skin source site=abdomen; used layer=epidermis; skin preparation=prepared with NaBr solution; storage temperature (°C)=-80; storage duration (days)=unknown; neat=0; donor/skin surface temperature (°C)=unknown; donor pH=unknown; donor type=NaCl, sodium azide; acceptor temperature (°C)=unknown; acceptor pH=unknown; acceptor type=unknown; cell type=unknown"
67,Salicylic acid,OC(=O)c1ccccc1O,O=C(O)c1ccccc1O,-6.58800000,-5.82096715,0.76703285,0.76703285,False,unknown,abdomen,epidermis,prepared with NaBr solution,-80,unknown,0,unknown,unknown,"NaCl, sodium azide",unknown,unknown,unknown,unknown,"Buist, 2010",10.1016/j.yrtph.2010.02.008,https://doi.org/10.1016/j.yrtph.2010.02.008,1.09040000,138.03169405,"skin source type=unknown; skin source site=abdomen; used layer=epidermis; skin preparation=prepared with NaBr solution; storage temperature (°C)=-80; storage duration (days)=unknown; neat=0; donor/skin surface temperature (°C)=unknown; donor pH=unknown; donor type=NaCl, sodium azide; acceptor temperature (°C)=unknown; acceptor pH=unknown; acceptor type=unknown; cell type=unknown"
68,Testosterone,O=C1CC[C@]2(C(=C1)CC[C@@H]1[C@@H]2CC[C@]2([C@H]1CC[C@@H]2O)C)C,C[C@]12CC[C@H]3[C@@H](CCC4=CC(=O)CC[C@@]43C)[C@@H]1CC[C@@H]2O,-5.67000000,-5.81502394,-0.14502394,0.14502394,True,unknown,abdomen,epidermis,prepared with NaBr solution,-80,unknown,0,unknown,unknown,"NaCl, sodium azide",unknown,unknown,unknown,unknown,"Buist, 2010",10.1016/j.yrtph.2010.02.008,https://doi.org/10.1016/j.yrtph.2010.02.008,3.87920000,288.20893014,"skin source type=unknown; skin source site=abdomen; used layer=epidermis; skin preparation=prepared with NaBr solution; storage temperature (°C)=-80; storage duration (days)=unknown; neat=0; donor/skin surface temperature (°C)=unknown; donor pH=unknown; donor type=NaCl, sodium azide; acceptor temperature (°C)=unknown; acceptor pH=unknown; acceptor type=unknown; cell type=unknown"
69,1-Butanol,CCCCO,CCCCO,-5.48100000,-5.97248886,-0.49148886,0.49148886,True,Abdominoplasty,abdomen,epidermis,heat separation,-20,unknown,0,unknown,unknown,unknown,37,unknown,unknown,Glass diffusion cell,"Chantasart, 2010",10.1007/s11095-010-0181-z,https://doi.org/10.1007/s11095-010-0181-z,0.77880000,74.07316494,skin source type=Abdominoplasty; skin source site=abdomen; used layer=epidermis; skin preparation=heat separation; storage temperature (°C)=-20; storage duration (days)=unknown; neat=0; donor/skin surface temperature (°C)=unknown; donor pH=unknown; donor type=unknown; acceptor temperature (°C)=37; acceptor pH=unknown; acceptor type=unknown; cell type=Glass diffusion cell
70,1-Hexanol,CCCCCCO,CCCCCCO,-5.28400000,-5.34584214,-0.06184214,0.06184214,True,Abdominoplasty,abdomen,epidermis,heat separation,-20,unknown,0,unknown,unknown,unknown,37,unknown,unknown,Glass diffusion cell,"Chantasart, 2010",10.1007/s11095-010-0181-z,https://doi.org/10.1007/s11095-010-0181-z,1.55900000,102.10446507,skin source type=Abdominoplasty; skin source site=abdomen; used layer=epidermis; skin preparation=heat separation; storage temperature (°C)=-20; storage duration (days)=unknown; neat=0; donor/skin surface temperature (°C)=unknown; donor pH=unknown; donor type=unknown; acceptor temperature (°C)=37; acceptor pH=unknown; acceptor type=unknown; cell type=Glass diffusion cell
71,1-Hexyl-2-Pyrrolidone,CCCCCCN1CCCC1=O,CCCCCCN1CCCC1=O,-5.20800000,-5.28566611,-0.07766611,0.07766611,True,Abdominoplasty,abdomen,epidermis,heat separation,-20,unknown,0,unknown,unknown,unknown,37,unknown,unknown,Glass diffusion cell,"Chantasart, 2010",10.1007/s11095-010-0181-z,https://doi.org/10.1007/s11095-010-0181-z,2.18910000,169.14666423,skin source type=Abdominoplasty; skin source site=abdomen; used layer=epidermis; skin preparation=heat separation; storage temperature (°C)=-20; storage duration (days)=unknown; neat=0; donor/skin surface temperature (°C)=unknown; donor pH=unknown; donor type=unknown; acceptor temperature (°C)=37; acceptor pH=unknown; acceptor type=unknown; cell type=Glass diffusion cell
72,1-Octanol,CCCCCCCCO,CCCCCCCCO,-4.87000000,-4.79457938,0.07542062,0.07542062,True,Abdominoplasty,abdomen,epidermis,heat separation,-20,unknown,0,unknown,unknown,unknown,37,unknown,unknown,Glass diffusion cell,"Chantasart, 2010",10.1007/s11095-010-0181-z,https://doi.org/10.1007/s11095-010-0181-z,2.33920000,130.13576520,skin source type=Abdominoplasty; skin source site=abdomen; used layer=epidermis; skin preparation=heat separation; storage temperature (°C)=-20; storage duration (days)=unknown; neat=0; donor/skin surface temperature (°C)=unknown; donor pH=unknown; donor type=unknown; acceptor temperature (°C)=37; acceptor pH=unknown; acceptor type=unknown; cell type=Glass diffusion cell
74,1-Octyl-2-Pyrrolidone,CCCCCCCCN1CCCC1=O,CCCCCCCCN1CCCC1=O,-4.82700000,-5.40574154,-0.57874154,0.57874154,True,Abdominoplasty,abdomen,epidermis,heat separation,-20,unknown,0,unknown,unknown,unknown,37,unknown,unknown,Glass diffusion cell,"Chantasart, 2010",10.1007/s11095-010-0181-z,https://doi.org/10.1007/s11095-010-0181-z,2.96930000,197.17796436,skin source type=Abdominoplasty; skin source site=abdomen; used layer=epidermis; skin preparation=heat separation; storage temperature (°C)=-20; storage duration (days)=unknown; neat=0; donor/skin surface temperature (°C)=unknown; donor pH=unknown; donor type=unknown; acceptor temperature (°C)=37; acceptor pH=unknown; acceptor type=unknown; cell type=Glass diffusion cell
75,1-Pentanol,CCCCCO,CCCCCO,-5.12500000,-5.83778283,-0.71278283,0.71278283,False,Abdominoplasty,abdomen,epidermis,heat separation,-20,unknown,0,unknown,unknown,unknown,37,unknown,unknown,Glass diffusion cell,"Chantasart, 2010",10.1007/s11095-010-0181-z,https://doi.org/10.1007/s11095-010-0181-z,1.16890000,88.08881500,skin source type=Abdominoplasty; skin source site=abdomen; used layer=epidermis; skin preparation=heat separation; storage temperature (°C)=-20; storage duration (days)=unknown; neat=0; donor/skin surface temperature (°C)=unknown; donor pH=unknown; donor type=unknown; acceptor temperature (°C)=37; acceptor pH=unknown; acceptor type=unknown; cell type=Glass diffusion cell
76,2-Phenylethanol,OCCc1ccccc1,OCCc1ccccc1,-5.27600000,-5.26347735,0.01252265,0.01252265,True,Abdominoplasty,abdomen,epidermis,heat separation,-20,unknown,0,unknown,unknown,unknown,37,unknown,unknown,Glass diffusion cell,"Chantasart, 2010",10.1007/s11095-010-0181-z,https://doi.org/10.1007/s11095-010-0181-z,1.22140000,122.07316494,skin source type=Abdominoplasty; skin source site=abdomen; used layer=epidermis; skin preparation=heat separation; storage temperature (°C)=-20; storage duration (days)=unknown; neat=0; donor/skin surface temperature (°C)=unknown; donor pH=unknown; donor type=unknown; acceptor temperature (°C)=37; acceptor pH=unknown; acceptor type=unknown; cell type=Glass diffusion cell
77,Carvacrol,CC(c1ccc(c(c1)O)C)C,Cc1ccc(C(C)C)cc1O,-4.84200000,-4.78802485,0.05397515,0.05397515,True,Abdominoplasty,abdomen,epidermis,heat separation,-20,unknown,0,unknown,unknown,unknown,37,unknown,unknown,Glass diffusion cell,"Chantasart, 2010",10.1007/s11095-010-0181-z,https://doi.org/10.1007/s11095-010-0181-z,2.82402000,150.10446507,skin source type=Abdominoplasty; skin source site=abdomen; used layer=epidermis; skin preparation=heat separation; storage temperature (°C)=-20; storage duration (days)=unknown; neat=0; donor/skin surface temperature (°C)=unknown; donor pH=unknown; donor type=unknown; acceptor temperature (°C)=37; acceptor pH=unknown; acceptor type=unknown; cell type=Glass diffusion cell
78,Thymol,Cc1ccc(c(c1)O)C(C)C,Cc1ccc(C(C)C)c(O)c1,-4.86000000,-4.74197271,0.11802729,0.11802729,True,Abdominoplasty,abdomen,epidermis,heat separation,-20,unknown,0,unknown,unknown,unknown,37,unknown,unknown,Glass diffusion cell,"Chantasart, 2010",10.1007/s11095-010-0181-z,https://doi.org/10.1007/s11095-010-0181-z,2.82402000,150.10446507,skin source type=Abdominoplasty; skin source site=abdomen; used layer=epidermis; skin preparation=heat separation; storage temperature (°C)=-20; storage duration (days)=unknown; neat=0; donor/skin surface temperature (°C)=unknown; donor pH=unknown; donor type=unknown; acceptor temperature (°C)=37; acceptor pH=unknown; acceptor type=unknown; cell type=Glass diffusion cell
79,Ethanol,CCO,CCO,-6.27800000,-6.49022097,-0.21222097,0.21222097,True,Abdominoplasty,abdomen,epidermis,heat separation,unknown,unknown,0,35,7.4,PBS,35,7.4,PBS with bovine serum albumin,Franz cell,"Cross, 2003",10.1046/j.1523-1747.2003.12131.x,https://doi.org/10.1046/j.1523-1747.2003.12131.x,-0.00140000,46.04186481,skin source type=Abdominoplasty; skin source site=abdomen; used layer=epidermis; skin preparation=heat separation; storage temperature (°C)=unknown; storage duration (days)=unknown; neat=0; donor/skin surface temperature (°C)=35; donor pH=7.4; donor type=PBS; acceptor temperature (°C)=35; acceptor pH=7.4; acceptor type=PBS with bovine serum albumin; cell type=Franz cell
80,1-Butanol,CCCCO,CCCCO,-5.65900000,-5.97606842,-0.31706842,0.31706842,True,Abdominoplasty,abdomen,epidermis,heat separation,unknown,unknown,0,35,7.4,PBS,35,7.4,PBS with bovine serum albumin,Franz cell,"Cross, 2003",10.1046/j.1523-1747.2003.12131.x,https://doi.org/10.1046/j.1523-1747.2003.12131.x,0.77880000,74.07316494,skin source type=Abdominoplasty; skin source site=abdomen; used layer=epidermis; skin preparation=heat separation; storage temperature (°C)=unknown; storage duration (days)=unknown; neat=0; donor/skin surface temperature (°C)=35; donor pH=7.4; donor type=PBS; acceptor temperature (°C)=35; acceptor pH=7.4; acceptor type=PBS with bovine serum albumin; cell type=Franz cell
81,1-Decanol,CCCCCCCCCCO,CCCCCCCCCCO,-4.70100000,-5.06158902,-0.36058902,0.36058902,True,Abdominoplasty,abdomen,epidermis,heat separation,unknown,unknown,0,35,7.4,PBS,35,7.4,PBS with bovine serum albumin,Franz cell,"Cross, 2003",10.1046/j.1523-1747.2003.12131.x,https://doi.org/10.1046/j.1523-1747.2003.12131.x,3.11940000,158.16706532,skin source type=Abdominoplasty; skin source site=abdomen; used layer=epidermis; skin preparation=heat separation; storage temperature (°C)=unknown; storage duration (days)=unknown; neat=0; donor/skin surface temperature (°C)=35; donor pH=7.4; donor type=PBS; acceptor temperature (°C)=35; acceptor pH=7.4; acceptor type=PBS with bovine serum albumin; cell type=Franz cell
82,1-Hexanol,CCCCCCO,CCCCCCO,-5.05100000,-5.34239068,-0.29139068,0.29139068,True,Abdominoplasty,abdomen,epidermis,heat separation,unknown,unknown,0,35,7.4,PBS,35,7.4,PBS with bovine serum albumin,Franz cell,"Cross, 2003",10.1046/j.1523-1747.2003.12131.x,https://doi.org/10.1046/j.1523-1747.2003.12131.x,1.55900000,102.10446507,skin source type=Abdominoplasty; skin source site=abdomen; used layer=epidermis; skin preparation=heat separation; storage temperature (°C)=unknown; storage duration (days)=unknown; neat=0; donor/skin surface temperature (°C)=35; donor pH=7.4; donor type=PBS; acceptor temperature (°C)=35; acceptor pH=7.4; acceptor type=PBS with bovine serum albumin; cell type=Franz cell
83,1-Octanol,CCCCCCCCO,CCCCCCCCO,-4.58600000,-4.78834575,-0.20234575,0.20234575,True,Abdominoplasty,abdomen,epidermis,heat separation,unknown,unknown,0,35,7.4,PBS,35,7.4,PBS with bovine serum albumin,Franz cell,"Cross, 2003",10.1046/j.1523-1747.2003.12131.x,https://doi.org/10.1046/j.1523-1747.2003.12131.x,2.33920000,130.13576520,skin source type=Abdominoplasty; skin source site=abdomen; used layer=epidermis; skin preparation=heat separation; storage temperature (°C)=unknown; storage duration (days)=unknown; neat=0; donor/skin surface temperature (°C)=35; donor pH=7.4; donor type=PBS; acceptor temperature (°C)=35; acceptor pH=7.4; acceptor type=PBS with bovine serum albumin; cell type=Franz cell
86,Butyl nicotinate,CCCCOC(=O)c1cccnc1,CCCCOC(=O)c1cccnc1,-5.33500000,-5.07542862,0.25957138,0.25957138,True,Abdominoplasty or mammaplasty,"abdomen, breast",epidermis,heat separation,4,unknown,0,37,7.4,unknown,37,unknown,PBS,Franz cell,"Dalpozzo, 1991",10.1002/jps.2600800114,https://doi.org/10.1002/jps.2600800114,2.03850000,179.09462866,"skin source type=Abdominoplasty or mammaplasty; skin source site=abdomen, breast; used layer=epidermis; skin preparation=heat separation; storage temperature (°C)=4; storage duration (days)=unknown; neat=0; donor/skin surface temperature (°C)=37; donor pH=7.4; donor type=unknown; acceptor temperature (°C)=37; acceptor pH=unknown; acceptor type=PBS; cell type=Franz cell"
90,Methyltriglycol nicotinate,COCCOCCOCCOC(=O)c1cccnc1,COCCOCCOCCOC(=O)c1cccnc1,-7.30800000,-6.72116789,0.58683211,0.58683211,True,Abdominoplasty or mammaplasty,"abdomen, breast",epidermis,heat separation,4,unknown,0,37,7.4,unknown,37,unknown,PBS,Franz cell,"Dalpozzo, 1991",10.1002/jps.2600800114,https://doi.org/10.1002/jps.2600800114,0.91800000,269.12632271,"skin source type=Abdominoplasty or mammaplasty; skin source site=abdomen, breast; used layer=epidermis; skin preparation=heat separation; storage temperature (°C)=4; storage duration (days)=unknown; neat=0; donor/skin surface temperature (°C)=37; donor pH=7.4; donor type=unknown; acceptor temperature (°C)=37; acceptor pH=unknown; acceptor type=PBS; cell type=Franz cell"
91,n-Hexyl nicotinate,CCCCCCOC(=O)c1cccnc1,CCCCCCOC(=O)c1cccnc1,-5.30300000,-5.08827090,0.21472910,0.21472910,True,Abdominoplasty or mammaplasty,"abdomen, breast",epidermis,heat separation,4,unknown,0,37,7.4,unknown,37,unknown,PBS,Franz cell,"Dalpozzo, 1991",10.1002/jps.2600800114,https://doi.org/10.1002/jps.2600800114,2.81870000,207.12592878,"skin source type=Abdominoplasty or mammaplasty; skin source site=abdomen, breast; used layer=epidermis; skin preparation=heat separation; storage temperature (°C)=4; storage duration (days)=unknown; neat=0; donor/skin surface temperature (°C)=37; donor pH=7.4; donor type=unknown; acceptor temperature (°C)=37; acceptor pH=unknown; acceptor type=PBS; cell type=Franz cell"
93,Acetylsalicylic Acid,CC(=O)Oc1ccccc1C(=O)O,CC(=O)Oc1ccccc1C(=O)O,-5.69600000,-5.80135390,-0.10535390,0.10535390,True,Abdominoplasty,abdomen,"epidermis, dermis",unknown,unknown,unknown,0,unknown,unknown,Water,37,7.4,PBS,Franz cell,"Degim, 1998",10.1016/S0378-5173(98)00113-6,https://doi.org/10.1016/S0378-5173(98)00113-6,1.31010000,180.04225874,"skin source type=Abdominoplasty; skin source site=abdomen; used layer=epidermis, dermis; skin preparation=unknown; storage temperature (°C)=unknown; storage duration (days)=unknown; neat=0; donor/skin surface temperature (°C)=unknown; donor pH=unknown; donor type=Water; acceptor temperature (°C)=37; acceptor pH=7.4; acceptor type=PBS; cell type=Franz cell"
95,Benzoic acid,OC(=O)c1ccccc1,O=C(O)c1ccccc1,-5.15600000,-5.40451798,-0.24851798,0.24851798,True,Abdominoplasty,abdomen,"epidermis, dermis",unknown,unknown,unknown,0,unknown,unknown,Water,37,7.4,PBS,Franz cell,"Degim, 1998",10.1016/S0378-5173(98)00113-6,https://doi.org/10.1016/S0378-5173(98)00113-6,1.38480000,122.03677943,"skin source type=Abdominoplasty; skin source site=abdomen; used layer=epidermis, dermis; skin preparation=unknown; storage temperature (°C)=unknown; storage duration (days)=unknown; neat=0; donor/skin surface temperature (°C)=unknown; donor pH=unknown; donor type=Water; acceptor temperature (°C)=37; acceptor pH=7.4; acceptor type=PBS; cell type=Franz cell"
96,Diclofenac,OC(=O)Cc1ccccc1Nc1c(Cl)cccc1Cl,O=C(O)Cc1ccccc1Nc1c(Cl)cccc1Cl,-6.55600000,-6.31830995,0.23769005,0.23769005,True,Abdominoplasty,abdomen,"epidermis, dermis",unknown,unknown,unknown,0,unknown,unknown,Water,37,7.4,PBS,Franz cell,"Degim, 1998",10.1016/S0378-5173(98)00113-6,https://doi.org/10.1016/S0378-5173(98)00113-6,4.36410000,295.01668395,"skin source type=Abdominoplasty; skin source site=abdomen; used layer=epidermis, dermis; skin preparation=unknown; storage temperature (°C)=unknown; storage duration (days)=unknown; neat=0; donor/skin surface temperature (°C)=unknown; donor pH=unknown; donor type=Water; acceptor temperature (°C)=37; acceptor pH=7.4; acceptor type=PBS; cell type=Franz cell"
97,Ibuprofen,CC(Cc1ccc(cc1)C(C(=O)O)C)C,CC(C)Cc1ccc(C(C)C(=O)O)cc1,-4.99600000,-5.53896960,-0.54296960,0.54296960,True,Abdominoplasty,abdomen,"epidermis, dermis",unknown,unknown,unknown,0,unknown,unknown,Water,37,7.4,PBS,Franz cell,"Degim, 1998",10.1016/S0378-5173(98)00113-6,https://doi.org/10.1016/S0378-5173(98)00113-6,3.07320000,206.13067982,"skin source type=Abdominoplasty; skin source site=abdomen; used layer=epidermis, dermis; skin preparation=unknown; storage temperature (°C)=unknown; storage duration (days)=unknown; neat=0; donor/skin surface temperature (°C)=unknown; donor pH=unknown; donor type=Water; acceptor temperature (°C)=37; acceptor pH=7.4; acceptor type=PBS; cell type=Franz cell"
100,Nicotine,CN1CCCC1c1cccnc1,CN1CCCC1c1cccnc1,-6.03600000,-5.75147545,0.28452455,0.28452455,True,Abdominoplasty,abdomen,"epidermis, dermis",unknown,unknown,unknown,0,unknown,unknown,Water,37,7.4,PBS,Franz cell,"Degim, 1998",10.1016/S0378-5173(98)00113-6,https://doi.org/10.1016/S0378-5173(98)00113-6,1.84830000,162.11569845,"skin source type=Abdominoplasty; skin source site=abdomen; used layer=epidermis, dermis; skin preparation=unknown; storage temperature (°C)=unknown; storage duration (days)=unknown; neat=0; donor/skin surface temperature (°C)=unknown; donor pH=unknown; donor type=Water; acceptor temperature (°C)=37; acceptor pH=7.4; acceptor type=PBS; cell type=Franz cell"
101,Salicylic acid,OC(=O)c1ccccc1O,O=C(O)c1ccccc1O,-5.41600000,-5.82096715,-0.40496715,0.40496715,True,Abdominoplasty,abdomen,"epidermis, dermis",unknown,unknown,unknown,0,unknown,unknown,Water,37,7.4,PBS,Franz cell,"Degim, 1998",10.1016/S0378-5173(98)00113-6,https://doi.org/10.1016/S0378-5173(98)00113-6,1.09040000,138.03169405,"skin source type=Abdominoplasty; skin source site=abdomen; used layer=epidermis, dermis; skin preparation=unknown; storage temperature (°C)=unknown; storage duration (days)=unknown; neat=0; donor/skin surface temperature (°C)=unknown; donor pH=unknown; donor type=Water; acceptor temperature (°C)=37; acceptor pH=7.4; acceptor type=PBS; cell type=Franz cell"
104,Ketoprofen,OC(=O)C(c1cccc(c1)C(=O)c1ccccc1)C,CC(C(=O)O)c1cccc(C(=O)c2ccccc2)c1,-6.76800000,-6.11660970,0.65139030,0.65139030,False,Abdominoplasty,abdomen,"epidermis, dermis",unknown,-70,21,0,32,unknown,unknown,37,7.4,PBS,Franz cell,"Degim, 2003",10.1002/jps.10312,https://doi.org/10.1002/jps.10312,3.10570000,254.09429431,"skin source type=Abdominoplasty; skin source site=abdomen; used layer=epidermis, dermis; skin preparation=unknown; storage temperature (°C)=-70; storage duration (days)=21; neat=0; donor/skin surface temperature (°C)=32; donor pH=unknown; donor type=unknown; acceptor temperature (°C)=37; acceptor pH=7.4; acceptor type=PBS; cell type=Franz cell"
108,Theophylline,Cn1c(=O)n(C)c2c(c1=O)[nH]cn2,Cn1c(=O)c2[nH]cnc2n(C)c1=O,-7.12500000,-7.35333303,-0.22833303,0.22833303,True,Cadaver,thigh,"epidermis, dermis",dermatomed 300um,4,28,0,37,7.35,Water,37,7.4,PBS with sodium azide,Franz cell,"Dolezal, 1993",10.1023/A:1018914806761,https://doi.org/10.1023/A:1018914806761,-1.03970000,180.06472550,"skin source type=Cadaver; skin source site=thigh; used layer=epidermis, dermis; skin preparation=dermatomed 300um; storage temperature (°C)=4; storage duration (days)=28; neat=0; donor/skin surface temperature (°C)=37; donor pH=7.35; donor type=Water; acceptor temperature (°C)=37; acceptor pH=7.4; acceptor type=PBS with sodium azide; cell type=Franz cell"
109,"1,2,4-Benzenetriol",Oc1ccc(c(c1)O)O,Oc1ccc(O)c(O)c1,-7.45600000,-7.24970682,0.20629318,0.20629318,True,Abdominoplasty,abdomen,epidermis,heat separation,-17,unknown,0,37,unknown,Water,37,7.4,PBS,Franz cell,"du Plessis, 2002",10.1016/S0928-0987(02)00085-4,https://doi.org/10.1016/S0928-0987(02)00085-4,0.80340000,126.03169405,skin source type=Abdominoplasty; skin source site=abdomen; used layer=epidermis; skin preparation=heat separation; storage temperature (°C)=-17; storage duration (days)=unknown; neat=0; donor/skin surface temperature (°C)=37; donor pH=unknown; donor type=Water; acceptor temperature (°C)=37; acceptor pH=7.4; acceptor type=PBS; cell type=Franz cell
110,Catechol,Oc1ccccc1O,Oc1ccccc1O,-6.06600000,-6.11374250,-0.04774250,0.04774250,True,Abdominoplasty,abdomen,epidermis,heat separation,-17,unknown,0,37,unknown,Water,37,7.4,PBS,Franz cell,"du Plessis, 2002",10.1016/S0928-0987(02)00085-4,https://doi.org/10.1016/S0928-0987(02)00085-4,1.09780000,110.03677943,skin source type=Abdominoplasty; skin source site=abdomen; used layer=epidermis; skin preparation=heat separation; storage temperature (°C)=-17; storage duration (days)=unknown; neat=0; donor/skin surface temperature (°C)=37; donor pH=unknown; donor type=Water; acceptor temperature (°C)=37; acceptor pH=7.4; acceptor type=PBS; cell type=Franz cell
111,Hydroquinone,Oc1ccc(cc1)O,Oc1ccc(O)cc1,-6.50600000,-6.61404001,-0.10804001,0.10804001,True,Abdominoplasty,abdomen,epidermis,heat separation,-17,unknown,0,37,unknown,Water,37,7.4,PBS,Franz cell,"du Plessis, 2002",10.1016/S0928-0987(02)00085-4,https://doi.org/10.1016/S0928-0987(02)00085-4,1.09780000,110.03677943,skin source type=Abdominoplasty; skin source site=abdomen; used layer=epidermis; skin preparation=heat separation; storage temperature (°C)=-17; storage duration (days)=unknown; neat=0; donor/skin surface temperature (°C)=37; donor pH=unknown; donor type=Water; acceptor temperature (°C)=37; acceptor pH=7.4; acceptor type=PBS; cell type=Franz cell
112,Phenol,Oc1ccccc1,Oc1ccccc1,-5.58600000,-6.05113269,-0.46513269,0.46513269,True,Abdominoplasty,abdomen,epidermis,heat separation,-17,unknown,0,37,unknown,Water,37,7.4,PBS,Franz cell,"du Plessis, 2002",10.1016/S0928-0987(02)00085-4,https://doi.org/10.1016/S0928-0987(02)00085-4,1.39220000,94.04186481,skin source type=Abdominoplasty; skin source site=abdomen; used layer=epidermis; skin preparation=heat separation; storage temperature (°C)=-17; storage duration (days)=unknown; neat=0; donor/skin surface temperature (°C)=37; donor pH=unknown; donor type=Water; acceptor temperature (°C)=37; acceptor pH=7.4; acceptor type=PBS; cell type=Franz cell
113,Phloroglucinol,Oc1cc(O)cc(c1)O,Oc1cc(O)cc(O)c1,-6.06600000,-6.34110713,-0.27510713,0.27510713,True,Abdominoplasty,abdomen,epidermis,heat separation,-17,unknown,0,37,unknown,Water,37,7.4,PBS,Franz cell,"du Plessis, 2002",10.1016/S0928-0987(02)00085-4,https://doi.org/10.1016/S0928-0987(02)00085-4,0.80340000,126.03169405,skin source type=Abdominoplasty; skin source site=abdomen; used layer=epidermis; skin preparation=heat separation; storage temperature (°C)=-17; storage duration (days)=unknown; neat=0; donor/skin surface temperature (°C)=37; donor pH=unknown; donor type=Water; acceptor temperature (°C)=37; acceptor pH=7.4; acceptor type=PBS; cell type=Franz cell
114,Pyrogallol,Oc1c(O)cccc1O,Oc1cccc(O)c1O,-6.36600000,-6.47687365,-0.11087365,0.11087365,True,Abdominoplasty,abdomen,epidermis,heat separation,-17,unknown,0,37,unknown,Water,37,7.4,PBS,Franz cell,"du Plessis, 2002",10.1016/S0928-0987(02)00085-4,https://doi.org/10.1016/S0928-0987(02)00085-4,0.80340000,126.03169405,skin source type=Abdominoplasty; skin source site=abdomen; used layer=epidermis; skin preparation=heat separation; storage temperature (°C)=-17; storage duration (days)=unknown; neat=0; donor/skin surface temperature (°C)=37; donor pH=unknown; donor type=Water; acceptor temperature (°C)=37; acceptor pH=7.4; acceptor type=PBS; cell type=Franz cell
115,Resorcinol,Oc1cccc(c1)O,Oc1cccc(O)c1,-6.62600000,-6.33300602,0.29299398,0.29299398,True,Abdominoplasty,abdomen,epidermis,heat separation,-17,unknown,0,37,unknown,Water,37,7.4,PBS,Franz cell,"du Plessis, 2002",10.1016/S0928-0987(02)00085-4,https://doi.org/10.1016/S0928-0987(02)00085-4,1.09780000,110.03677943,skin source type=Abdominoplasty; skin source site=abdomen; used layer=epidermis; skin preparation=heat separation; storage temperature (°C)=-17; storage duration (days)=unknown; neat=0; donor/skin surface temperature (°C)=37; donor pH=unknown; donor type=Water; acceptor temperature (°C)=37; acceptor pH=7.4; acceptor type=PBS; cell type=Franz cell
116,Amphetamine,CC(Cc1ccccc1)N,CC(N)Cc1ccccc1,-8.40900000,-4.98612741,3.42287259,3.42287259,False,Cadaver,thigh,"epidermis, dermis","dermatomed 750um, hydrated",4,unknown,0,unknown,unknown,unknown,unknown,7,Ringer solution,Glass diffusion cell,"Galey, 1976",10.1111/1523-1747.ep12598596,https://doi.org/10.1111/1523-1747.ep12598596,1.57630000,135.10479942,"skin source type=Cadaver; skin source site=thigh; used layer=epidermis, dermis; skin preparation=dermatomed 750um, hydrated; storage temperature (°C)=4; storage duration (days)=unknown; neat=0; donor/skin surface temperature (°C)=unknown; donor pH=unknown; donor type=unknown; acceptor temperature (°C)=unknown; acceptor pH=7; acceptor type=Ringer solution; cell type=Glass diffusion cell"
117,Estradiol,Oc1ccc2c(c1)CC[C@@H]1[C@@H]2CC[C@]2([C@H]1CC[C@@H]2O)C,C[C@]12CC[C@@H]3c4ccc(O)cc4CC[C@H]3[C@@H]1CC[C@@H]2O,-5.96700000,-6.13682104,-0.16982104,0.16982104,True,Cadaver,thigh,"epidermis, dermis","dermatomed 750um, hydrated",4,unknown,0,unknown,unknown,unknown,unknown,7,Ringer solution,Glass diffusion cell,"Galey, 1976",10.1111/1523-1747.ep12598596,https://doi.org/10.1111/1523-1747.ep12598596,3.60920000,272.17763001,"skin source type=Cadaver; skin source site=thigh; used layer=epidermis, dermis; skin preparation=dermatomed 750um, hydrated; storage temperature (°C)=4; storage duration (days)=unknown; neat=0; donor/skin surface temperature (°C)=unknown; donor pH=unknown; donor type=unknown; acceptor temperature (°C)=unknown; acceptor pH=7; acceptor type=Ringer solution; cell type=Glass diffusion cell"
119,Estradiol,Oc1ccc2c(c1)CC[C@@H]1[C@@H]2CC[C@]2([C@H]1CC[C@@H]2O)C,C[C@]12CC[C@@H]3c4ccc(O)cc4CC[C@H]3[C@@H]1CC[C@@H]2O,-6.68400000,-6.10557185,0.57842815,0.57842815,True,Cadaver,abdomen,epidermis,"heat separation, hydrated",-24,unknown,0,30,unknown,Ethanol,32,unknown,Ethanol,Semi-automated apparatus,"Goodman, 1988",10.1111/1523-1747.ep12475655,https://doi.org/10.1111/1523-1747.ep12475655,3.60920000,272.17763001,"skin source type=Cadaver; skin source site=abdomen; used layer=epidermis; skin preparation=heat separation, hydrated; storage temperature (°C)=-24; storage duration (days)=unknown; neat=0; donor/skin surface temperature (°C)=30; donor pH=unknown; donor type=Ethanol; acceptor temperature (°C)=32; acceptor pH=unknown; acceptor type=Ethanol; cell type=Semi-automated apparatus"
120,Estradiol,Oc1ccc2c(c1)CC[C@@H]1[C@@H]2CC[C@]2([C@H]1CC[C@@H]2O)C,C[C@]12CC[C@@H]3c4ccc(O)cc4CC[C@H]3[C@@H]1CC[C@@H]2O,-6.01800000,-6.10557185,-0.08757185,0.08757185,True,Cadaver,abdomen,epidermis,"heat separation, hydrated",-24,unknown,0,30,unknown,Water,32,unknown,Water,Semi-automated apparatus,"Goodman, 1988",10.1111/1523-1747.ep12475655,https://doi.org/10.1111/1523-1747.ep12475655,3.60920000,272.17763001,"skin source type=Cadaver; skin source site=abdomen; used layer=epidermis; skin preparation=heat separation, hydrated; storage temperature (°C)=-24; storage duration (days)=unknown; neat=0; donor/skin surface temperature (°C)=30; donor pH=unknown; donor type=Water; acceptor temperature (°C)=32; acceptor pH=unknown; acceptor type=Water; cell type=Semi-automated apparatus"
121,Amobarbital,CCC1(CCC(C)C)C(=O)NC(=O)NC1=O,CCC1(CCC(C)C)C(=O)NC(=O)NC1=O,-6.20100000,-6.18206863,0.01893137,0.01893137,True,Cadaver,abdomen,"epidermis, dermis",fat removed,4,0.5,0,30,5.0,NaOH,37,7.4,PBS,Franz cell,"Hadgraft, 1987",10.1016/0378-5173(87)90210-9,https://doi.org/10.1016/0378-5173(87)90210-9,1.18500000,226.13174244,"skin source type=Cadaver; skin source site=abdomen; used layer=epidermis, dermis; skin preparation=fat removed; storage temperature (°C)=4; storage duration (days)=0.5; neat=0; donor/skin surface temperature (°C)=30; donor pH=5.0; donor type=NaOH; acceptor temperature (°C)=37; acceptor pH=7.4; acceptor type=PBS; cell type=Franz cell"
122,Barbital,CCC1(CC)C(=O)NC(=O)NC1=O,CCC1(CC)C(=O)NC(=O)NC1=O,-7.50900000,-7.50766200,0.00133800,0.00133800,True,Cadaver,abdomen,"epidermis, dermis",fat removed,4,0.5,0,30,5.0,NaOH,37,7.4,PBS,Franz cell,"Hadgraft, 1987",10.1016/0378-5173(87)90210-9,https://doi.org/10.1016/0378-5173(87)90210-9,0.15880000,184.08479224,"skin source type=Cadaver; skin source site=abdomen; used layer=epidermis, dermis; skin preparation=fat removed; storage temperature (°C)=4; storage duration (days)=0.5; neat=0; donor/skin surface temperature (°C)=30; donor pH=5.0; donor type=NaOH; acceptor temperature (°C)=37; acceptor pH=7.4; acceptor type=PBS; cell type=Franz cell"
124,Hydrocortisone,OCC(=O)[C@@]1(O)CC[C@@H]2[C@]1(C)C[C@H](O)[C@H]1[C@H]2CCC2=CC(=O)CC[C@]12C,C[C@]12CCC(=O)C=C1CC[C@@H]1[C@@H]2[C@@H](O)C[C@@]2(C)[C@H]1CC[C@]2(O)C(=O)CO,-7.48100000,-7.39621599,0.08478401,0.08478401,True,Cadaver,abdomen,"epidermis, dermis",fat removed,4,0.5,0,30,unknown,Ethanol,37,unknown,Ethanol,Franz cell,"Hadgraft, 1987",10.1016/0378-5173(87)90210-9,https://doi.org/10.1016/0378-5173(87)90210-9,1.78160000,362.20932406,"skin source type=Cadaver; skin source site=abdomen; used layer=epidermis, dermis; skin preparation=fat removed; storage temperature (°C)=4; storage duration (days)=0.5; neat=0; donor/skin surface temperature (°C)=30; donor pH=unknown; donor type=Ethanol; acceptor temperature (°C)=37; acceptor pH=unknown; acceptor type=Ethanol; cell type=Franz cell"
125,Isoquinoline,c1ccc2c(c1)cncc2,c1ccc2cnccc2c1,-5.33200000,-5.14616952,0.18583048,0.18583048,True,Cadaver,abdomen,"epidermis, dermis",fat removed,4,0.5,0,30,7.4,NaOH,37,7.4,NaOH,Franz cell,"Hadgraft, 1987",10.1016/0378-5173(87)90210-9,https://doi.org/10.1016/0378-5173(87)90210-9,2.23480000,129.05784922,"skin source type=Cadaver; skin source site=abdomen; used layer=epidermis, dermis; skin preparation=fat removed; storage temperature (°C)=4; storage duration (days)=0.5; neat=0; donor/skin surface temperature (°C)=30; donor pH=7.4; donor type=NaOH; acceptor temperature (°C)=37; acceptor pH=7.4; acceptor type=NaOH; cell type=Franz cell"
126,Nicotine,CN1CCCC1c1cccnc1,CN1CCCC1c1cccnc1,-5.27000000,-5.76548954,-0.49548954,0.49548954,True,Cadaver,abdomen,"epidermis, dermis",fat removed,4,0.5,0,30,9.2,NaOH,37,9.2,NaOH,Franz cell,"Hadgraft, 1987",10.1016/0378-5173(87)90210-9,https://doi.org/10.1016/0378-5173(87)90210-9,1.84830000,162.11569845,"skin source type=Cadaver; skin source site=abdomen; used layer=epidermis, dermis; skin preparation=fat removed; storage temperature (°C)=4; storage duration (days)=0.5; neat=0; donor/skin surface temperature (°C)=30; donor pH=9.2; donor type=NaOH; acceptor temperature (°C)=37; acceptor pH=9.2; acceptor type=NaOH; cell type=Franz cell"
127,Phenobarbital,CCC1(C(=O)NC(=O)NC1=O)c1ccccc1,CCC1(c2ccccc2)C(=O)NC(=O)NC1=O,-6.90000000,-6.59210686,0.30789314,0.30789314,True,Cadaver,abdomen,"epidermis, dermis",fat removed,4,0.5,0,30,5.0,NaOH,37,7.4,PBS,Franz cell,"Hadgraft, 1987",10.1016/0378-5173(87)90210-9,https://doi.org/10.1016/0378-5173(87)90210-9,0.70040000,232.08479224,"skin source type=Cadaver; skin source site=abdomen; used layer=epidermis, dermis; skin preparation=fat removed; storage temperature (°C)=4; storage duration (days)=0.5; neat=0; donor/skin surface temperature (°C)=30; donor pH=5.0; donor type=NaOH; acceptor temperature (°C)=37; acceptor pH=7.4; acceptor type=PBS; cell type=Franz cell"
128,Salicylic acid,OC(=O)c1ccccc1O,O=C(O)c1ccccc1O,-5.76000000,-5.84409906,-0.08409906,0.08409906,True,Cadaver,abdomen,"epidermis, dermis",fat removed,4,0.5,0,30,3.0,HCl,37,3.0,HCl,Franz cell,"Hadgraft, 1987",10.1016/0378-5173(87)90210-9,https://doi.org/10.1016/0378-5173(87)90210-9,1.09040000,138.03169405,"skin source type=Cadaver; skin source site=abdomen; used layer=epidermis, dermis; skin preparation=fat removed; storage temperature (°C)=4; storage duration (days)=0.5; neat=0; donor/skin surface temperature (°C)=30; donor pH=3.0; donor type=HCl; acceptor temperature (°C)=37; acceptor pH=3.0; acceptor type=HCl; cell type=Franz cell"
129,Flufenamic acid,OC(=O)c1ccccc1Nc1cccc(c1)C(F)(F)F,O=C(O)c1ccccc1Nc1cccc(C(F)(F)F)c1,-6.19400000,-6.14900596,0.04499404,0.04499404,True,Abdominoplasty,abdomen,epidermis,heat separation,-26,180,0,32,7.4,Sorensen buffer,32,7.4,PBS,Franz cell,"Henning, 2008",10.1159/000112958,https://doi.org/10.1159/000112958,4.14720000,281.06636322,skin source type=Abdominoplasty; skin source site=abdomen; used layer=epidermis; skin preparation=heat separation; storage temperature (°C)=-26; storage duration (days)=180; neat=0; donor/skin surface temperature (°C)=32; donor pH=7.4; donor type=Sorensen buffer; acceptor temperature (°C)=32; acceptor pH=7.4; acceptor type=PBS; cell type=Franz cell
130,5-Fluorouracil,Fc1c[nH]c(=O)[nH]c1=O,O=c1[nH]cc(F)c(=O)[nH]1,-7.29700000,-8.27467177,-0.97767177,0.97767177,False,Amputated limb,thigh,epidermis,heat separation,4,7,0,32,7.2,PBS,unknown,unknown,unknown,unknown,"Hirvonen, 1991",10.1023/a:1015824100788,https://doi.org/10.1023/a:1015824100788,-0.79770000,130.01785556,skin source type=Amputated limb; skin source site=thigh; used layer=epidermis; skin preparation=heat separation; storage temperature (°C)=4; storage duration (days)=7; neat=0; donor/skin surface temperature (°C)=32; donor pH=7.2; donor type=PBS; acceptor temperature (°C)=unknown; acceptor pH=unknown; acceptor type=unknown; cell type=unknown
133,Aldosterone,OCC(=O)[C@H]1CC[C@@H]2[C@]1(C=O)C[C@H](O)[C@H]1[C@H]2CCC2=CC(=O)CC[C@]12C,C[C@]12CCC(=O)C=C1CC[C@@H]1[C@@H]2[C@@H](O)C[C@]2(C=O)[C@@H](C(=O)CO)CC[C@@H]12,-7.79300000,-7.83882226,-0.04582226,0.04582226,True,Cadaver,"abdomen, chest, back",epidermis,heat separation,5,7,0,unknown,unknown,unknown,unknown,unknown,unknown,Glass diffusion cell,"Johnson, 1995",10.1002/jps.2600840922,https://doi.org/10.1002/jps.2600840922,1.84570000,360.19367400,"skin source type=Cadaver; skin source site=abdomen, chest, back; used layer=epidermis; skin preparation=heat separation; storage temperature (°C)=5; storage duration (days)=7; neat=0; donor/skin surface temperature (°C)=unknown; donor pH=unknown; donor type=unknown; acceptor temperature (°C)=unknown; acceptor pH=unknown; acceptor type=unknown; cell type=Glass diffusion cell"
134,Estradiol,Oc1ccc2c(c1)CC[C@@H]1[C@@H]2CC[C@]2([C@H]1CC[C@@H]2O)C,C[C@]12CC[C@@H]3c4ccc(O)cc4CC[C@H]3[C@@H]1CC[C@@H]2O,-5.94400000,-6.13682104,-0.19282104,0.19282104,True,Cadaver,"abdomen, chest, back",epidermis,heat separation,5,7,0,unknown,unknown,unknown,unknown,unknown,unknown,Glass diffusion cell,"Johnson, 1995",10.1002/jps.2600840922,https://doi.org/10.1002/jps.2600840922,3.60920000,272.17763001,"skin source type=Cadaver; skin source site=abdomen, chest, back; used layer=epidermis; skin preparation=heat separation; storage temperature (°C)=5; storage duration (days)=7; neat=0; donor/skin surface temperature (°C)=unknown; donor pH=unknown; donor type=unknown; acceptor temperature (°C)=unknown; acceptor pH=unknown; acceptor type=unknown; cell type=Glass diffusion cell"
135,Hydrocortisone,OCC(=O)[C@@]1(O)CC[C@@H]2[C@]1(C)C[C@H](O)[C@H]1[C@H]2CCC2=CC(=O)CC[C@]12C,C[C@]12CCC(=O)C=C1CC[C@@H]1[C@@H]2[C@@H](O)C[C@@]2(C)[C@H]1CC[C@]2(O)C(=O)CO,-7.19500000,-7.35074328,-0.15574328,0.15574328,True,Cadaver,"abdomen, chest, back",epidermis,heat separation,5,7,0,unknown,unknown,unknown,unknown,unknown,unknown,Glass diffusion cell,"Johnson, 1995",10.1002/jps.2600840922,https://doi.org/10.1002/jps.2600840922,1.78160000,362.20932406,"skin source type=Cadaver; skin source site=abdomen, chest, back; used layer=epidermis; skin preparation=heat separation; storage temperature (°C)=5; storage duration (days)=7; neat=0; donor/skin surface temperature (°C)=unknown; donor pH=unknown; donor type=unknown; acceptor temperature (°C)=unknown; acceptor pH=unknown; acceptor type=unknown; cell type=Glass diffusion cell"
136,Progesterone,O=C1CC[C@]2(C(=C1)CC[C@@H]1[C@@H]2CC[C@]2([C@H]1CC[C@@H]2C(=O)C)C)C,CC(=O)[C@H]1CC[C@H]2[C@@H]3CCC4=CC(=O)CC[C@]4(C)[C@H]3CC[C@]12C,-5.07900000,-5.35719270,-0.27819270,0.27819270,True,Cadaver,"abdomen, chest, back",epidermis,heat separation,5,7,0,unknown,unknown,unknown,unknown,unknown,unknown,Glass diffusion cell,"Johnson, 1995",10.1002/jps.2600840922,https://doi.org/10.1002/jps.2600840922,4.72350000,314.22458020,"skin source type=Cadaver; skin source site=abdomen, chest, back; used layer=epidermis; skin preparation=heat separation; storage temperature (°C)=5; storage duration (days)=7; neat=0; donor/skin surface temperature (°C)=unknown; donor pH=unknown; donor type=unknown; acceptor temperature (°C)=unknown; acceptor pH=unknown; acceptor type=unknown; cell type=Glass diffusion cell"
138,Dexamethasone,OCC(=O)[C@@]1(O)[C@H](C)C[C@@H]2[C@]1(C)C[C@H](O)[C@]1([C@H]2CCC2=CC(=O)C=C[C@]12C)F,C[C@@H]1C[C@H]2[C@@H]3CCC4=CC(=O)C=C[C@]4(C)[C@@]3(F)[C@@H](O)C[C@]2(C)[C@@]1(O)C(=O)CO,-7.75000000,-7.78650657,-0.03650657,0.03650657,True,Cadaver,"abdomen, chest, back",epidermis,heat separation,5,7,0,unknown,unknown,PBS,unknown,7.4,PBS,Glass diffusion cell,"Johnson, 1996",10.1021/js960079z,https://doi.org/10.1021/js960079z,1.89570000,392.19990225,"skin source type=Cadaver; skin source site=abdomen, chest, back; used layer=epidermis; skin preparation=heat separation; storage temperature (°C)=5; storage duration (days)=7; neat=0; donor/skin surface temperature (°C)=unknown; donor pH=unknown; donor type=PBS; acceptor temperature (°C)=unknown; acceptor pH=7.4; acceptor type=PBS; cell type=Glass diffusion cell"
139,Estradiol,Oc1ccc2c(c1)CC[C@@H]1[C@@H]2CC[C@]2([C@H]1CC[C@@H]2O)C,C[C@]12CC[C@@H]3c4ccc(O)cc4CC[C@H]3[C@@H]1CC[C@@H]2O,-5.93700000,-6.13682104,-0.19982104,0.19982104,True,Cadaver,"abdomen, chest, back",epidermis,heat separation,5,7,0,unknown,unknown,PBS,unknown,7.4,PBS,Glass diffusion cell,"Johnson, 1996",10.1021/js960079z,https://doi.org/10.1021/js960079z,3.60920000,272.17763001,"skin source type=Cadaver; skin source site=abdomen, chest, back; used layer=epidermis; skin preparation=heat separation; storage temperature (°C)=5; storage duration (days)=7; neat=0; donor/skin surface temperature (°C)=unknown; donor pH=unknown; donor type=PBS; acceptor temperature (°C)=unknown; acceptor pH=7.4; acceptor type=PBS; cell type=Glass diffusion cell"
140,Lidocaine,CCN(CC(=O)Nc1c(C)cccc1C)CC,CCN(CC)CC(=O)Nc1c(C)cccc1C,-5.95800000,-5.98338128,-0.02538128,0.02538128,True,Cadaver,"abdomen, chest, back",epidermis,heat separation,5,7,0,unknown,unknown,PBS,unknown,7.4,PBS,Glass diffusion cell,"Johnson, 1996",10.1021/js960079z,https://doi.org/10.1021/js960079z,2.58374000,234.17321332,"skin source type=Cadaver; skin source site=abdomen, chest, back; used layer=epidermis; skin preparation=heat separation; storage temperature (°C)=5; storage duration (days)=7; neat=0; donor/skin surface temperature (°C)=unknown; donor pH=unknown; donor type=PBS; acceptor temperature (°C)=unknown; acceptor pH=7.4; acceptor type=PBS; cell type=Glass diffusion cell"
141,Testosterone,O=C1CC[C@]2(C(=C1)CC[C@@H]1[C@@H]2CC[C@]2([C@H]1CC[C@@H]2O)C)C,C[C@]12CC[C@H]3[C@@H](CCC4=CC(=O)CC[C@@]43C)[C@@H]1CC[C@@H]2O,-5.82700000,-5.81502394,0.01197606,0.01197606,True,Cadaver,"abdomen, chest, back",epidermis,heat separation,5,7,0,unknown,unknown,PBS,unknown,7.4,PBS,Glass diffusion cell,"Johnson, 1996",10.1021/js960079z,https://doi.org/10.1021/js960079z,3.87920000,288.20893014,"skin source type=Cadaver; skin source site=abdomen, chest, back; used layer=epidermis; skin preparation=heat separation; storage temperature (°C)=5; storage duration (days)=7; neat=0; donor/skin surface temperature (°C)=unknown; donor pH=unknown; donor type=PBS; acceptor temperature (°C)=unknown; acceptor pH=7.4; acceptor type=PBS; cell type=Glass diffusion cell"
142,Estradiol,Oc1ccc2c(c1)CC[C@@H]1[C@@H]2CC[C@]2([C@H]1CC[C@@H]2O)C,C[C@]12CC[C@@H]3c4ccc(O)cc4CC[C@H]3[C@@H]1CC[C@@H]2O,-5.77000000,-6.13240414,-0.36240414,0.36240414,True,Abdominoplasty,abdomen,epidermis,heat separation,4,1,0,37,7.4,PBS,37,7.4,PBS,Glass diffusion cell,"Knutson, 1993",10.1016/0168-3659(93)90170-A,https://doi.org/10.1016/0168-3659(93)90170-A,3.60920000,272.17763001,skin source type=Abdominoplasty; skin source site=abdomen; used layer=epidermis; skin preparation=heat separation; storage temperature (°C)=4; storage duration (days)=1; neat=0; donor/skin surface temperature (°C)=37; donor pH=7.4; donor type=PBS; acceptor temperature (°C)=37; acceptor pH=7.4; acceptor type=PBS; cell type=Glass diffusion cell
143,5-Aminolevulinic acid,NCC(=O)CCC(=O)O,NCC(=O)CCC(=O)O,-7.71100000,-7.28233296,0.42866704,0.42866704,True,Abdominoplasty,abdomen,epidermis,heat separation,-20,60,0,35,7.4,HEPES,35,unknown,unknown,Glass diffusion cell,"Krishnan, 2011",10.1002/bip.21520,https://doi.org/10.1002/bip.21520,-0.62100000,131.05824315,skin source type=Abdominoplasty; skin source site=abdomen; used layer=epidermis; skin preparation=heat separation; storage temperature (°C)=-20; storage duration (days)=60; neat=0; donor/skin surface temperature (°C)=35; donor pH=7.4; donor type=HEPES; acceptor temperature (°C)=35; acceptor pH=unknown; acceptor type=unknown; cell type=Glass diffusion cell
147,"N4-acetyl-4-amino-1-[(2R,3S,4R,5R)-3,4-dihydroxy-5 (hydroxymethyl)oxolan-2-yl] pyrimidin-2-one",OC[C@H]1O[C@H]([C@H]([C@H]1O)O)n1ccc(nc1=O)NC(=O)C,CC(=O)Nc1ccn([C@@H]2O[C@H](CO)[C@H](O)[C@@H]2O)c(=O)n1,-6.88900000,-7.46170827,-0.57270827,0.57270827,True,Abdominoplasty,abdomen,epidermis,heat separation,-20,unknown,0,32,7.4,PBS,32,7.4,PBS,Franz cell,"Legoabe, 2010",10.1211/jpp.62.06.0012,https://doi.org/10.1211/jpp.62.06.0012,-2.18680000,285.09608520,skin source type=Abdominoplasty; skin source site=abdomen; used layer=epidermis; skin preparation=heat separation; storage temperature (°C)=-20; storage duration (days)=unknown; neat=0; donor/skin surface temperature (°C)=32; donor pH=7.4; donor type=PBS; acceptor temperature (°C)=32; acceptor pH=7.4; acceptor type=PBS; cell type=Franz cell
149,Dimethylethylamine,CCN(C)C,CCN(C)C,-6.07900000,-6.01960398,0.05939602,0.05939602,True,Surgery,unknown,"epidermis, dermis",unknown,4,1,0,unknown,unknown,unknown,unknown,unknown,Hanks balanced salt solution,Teflon cell,"Lundh, 1997",10.1007/s004200050223,https://doi.org/10.1007/s004200050223,0.56790000,73.08914935,"skin source type=Surgery; skin source site=unknown; used layer=epidermis, dermis; skin preparation=unknown; storage temperature (°C)=4; storage duration (days)=1; neat=0; donor/skin surface temperature (°C)=unknown; donor pH=unknown; donor type=unknown; acceptor temperature (°C)=unknown; acceptor pH=unknown; acceptor type=Hanks balanced salt solution; cell type=Teflon cell"
153,Chlorpheniramine,CN(CCC(c1ccccn1)c1ccc(cc1)Cl)C,CN(C)CCC(c1ccc(Cl)cc1)c1ccccn1,-6.21600000,-5.68181778,0.53418222,0.53418222,True,Cadaver,thigh,"epidermis, dermis",unknown,4,14,0,30,10.3,unknown,30,6.5,Ringer solution,Glass diffusion cell,"Michaels A. S., 1975",10.1002/aic.690210522,https://doi.org/10.1002/aic.690210522,3.81860000,274.12367629,"skin source type=Cadaver; skin source site=thigh; used layer=epidermis, dermis; skin preparation=unknown; storage temperature (°C)=4; storage duration (days)=14; neat=0; donor/skin surface temperature (°C)=30; donor pH=10.3; donor type=unknown; acceptor temperature (°C)=30; acceptor pH=6.5; acceptor type=Ringer solution; cell type=Glass diffusion cell"
156,Ephedrine,CN[C@H]([C@@H](c1ccccc1)O)C,CN[C@@H](C)[C@H](O)c1ccccc1,-5.77800000,-6.01318852,-0.23518852,0.23518852,True,Cadaver,thigh,"epidermis, dermis",unknown,4,14,0,30,10.8,unknown,30,6.5,Ringer solution,Glass diffusion cell,"Michaels A. S., 1975",10.1002/aic.690210522,https://doi.org/10.1002/aic.690210522,1.32790000,165.11536410,"skin source type=Cadaver; skin source site=thigh; used layer=epidermis, dermis; skin preparation=unknown; storage temperature (°C)=4; storage duration (days)=14; neat=0; donor/skin surface temperature (°C)=30; donor pH=10.8; donor type=unknown; acceptor temperature (°C)=30; acceptor pH=6.5; acceptor type=Ringer solution; cell type=Glass diffusion cell"
157,Estradiol,Oc1ccc2c(c1)CC[C@@H]1[C@@H]2CC[C@]2([C@H]1CC[C@@H]2O)C,C[C@]12CC[C@@H]3c4ccc(O)cc4CC[C@H]3[C@@H]1CC[C@@H]2O,-5.82900000,-6.10557185,-0.27657185,0.27657185,True,Cadaver,thigh,"epidermis, dermis",unknown,4,14,0,30,7,unknown,30,6.5,Ringer solution,Glass diffusion cell,"Michaels A. S., 1975",10.1002/aic.690210522,https://doi.org/10.1002/aic.690210522,3.60920000,272.17763001,"skin source type=Cadaver; skin source site=thigh; used layer=epidermis, dermis; skin preparation=unknown; storage temperature (°C)=4; storage duration (days)=14; neat=0; donor/skin surface temperature (°C)=30; donor pH=7; donor type=unknown; acceptor temperature (°C)=30; acceptor pH=6.5; acceptor type=Ringer solution; cell type=Glass diffusion cell"
158,Fentanyl,CCC(=O)N(c1ccccc1)C1CCN(CC1)CCc1ccccc1,CCC(=O)N(c1ccccc1)C1CCN(CCc2ccccc2)CC1,-5.55600000,-5.52029326,0.03570674,0.03570674,True,Cadaver,thigh,"epidermis, dermis",unknown,4,14,0,30,8,unknown,30,6.5,Ringer solution,Glass diffusion cell,"Michaels A. S., 1975",10.1002/aic.690210522,https://doi.org/10.1002/aic.690210522,4.13670000,336.22016352,"skin source type=Cadaver; skin source site=thigh; used layer=epidermis, dermis; skin preparation=unknown; storage temperature (°C)=4; storage duration (days)=14; neat=0; donor/skin surface temperature (°C)=30; donor pH=8; donor type=unknown; acceptor temperature (°C)=30; acceptor pH=6.5; acceptor type=Ringer solution; cell type=Glass diffusion cell"
161,Scopolamine,OC[C@H](c1ccccc1)C(=O)OC1C[C@@H]2N([C@H](C1)[C@@H]1[C@H]2O1)C,CN1[C@@H]2CC(OC(=O)[C@H](CO)c3ccccc3)C[C@H]1[C@@H]1O[C@@H]12,-7.85200000,-7.38820505,0.46379495,0.46379495,True,Cadaver,thigh,"epidermis, dermis",unknown,4,14,0,30,9.6,unknown,30,6.5,Ringer solution,Glass diffusion cell,"Michaels A. S., 1975",10.1002/aic.690210522,https://doi.org/10.1002/aic.690210522,0.91810000,303.14705815,"skin source type=Cadaver; skin source site=thigh; used layer=epidermis, dermis; skin preparation=unknown; storage temperature (°C)=4; storage duration (days)=14; neat=0; donor/skin surface temperature (°C)=30; donor pH=9.6; donor type=unknown; acceptor temperature (°C)=30; acceptor pH=6.5; acceptor type=Ringer solution; cell type=Glass diffusion cell"
162,Chlorpheniramine,CN(CCC(c1ccccn1)c1ccc(cc1)Cl)C,CN(C)CCC(c1ccc(Cl)cc1)c1ccccn1,-6.49100000,-5.68181778,0.80918222,0.80918222,False,Cadaver,thigh,"epidermis, dermis",unknown,4,14,0,30,10,unknown,30,6.5,Ringer solution,Glass diffusion cell,"Michaels A. S., 1975",10.1002/aic.690210522,https://doi.org/10.1002/aic.690210522,3.81860000,274.12367629,"skin source type=Cadaver; skin source site=thigh; used layer=epidermis, dermis; skin preparation=unknown; storage temperature (°C)=4; storage duration (days)=14; neat=0; donor/skin surface temperature (°C)=30; donor pH=10; donor type=unknown; acceptor temperature (°C)=30; acceptor pH=6.5; acceptor type=Ringer solution; cell type=Glass diffusion cell"
163,Ephedrine,CN[C@H]([C@@H](c1ccccc1)O)C,CN[C@@H](C)[C@H](O)c1ccccc1,-5.77800000,-6.01318852,-0.23518852,0.23518852,True,Cadaver,thigh,"epidermis, dermis",unknown,4,14,0,30,10.85,unknown,30,6.5,Ringer solution,Glass diffusion cell,"Michaels A. S., 1975",10.1002/aic.690210522,https://doi.org/10.1002/aic.690210522,1.32790000,165.11536410,"skin source type=Cadaver; skin source site=thigh; used layer=epidermis, dermis; skin preparation=unknown; storage temperature (°C)=4; storage duration (days)=14; neat=0; donor/skin surface temperature (°C)=30; donor pH=10.85; donor type=unknown; acceptor temperature (°C)=30; acceptor pH=6.5; acceptor type=Ringer solution; cell type=Glass diffusion cell"
164,Ephedrine,CN[C@H]([C@@H](c1ccccc1)O)C,CN[C@@H](C)[C@H](O)c1ccccc1,-5.77800000,-6.01318852,-0.23518852,0.23518852,True,Cadaver,thigh,"epidermis, dermis",unknown,4,14,0,30,10.45,unknown,30,6.5,Ringer solution,Glass diffusion cell,"Michaels A. S., 1975",10.1002/aic.690210522,https://doi.org/10.1002/aic.690210522,1.32790000,165.11536410,"skin source type=Cadaver; skin source site=thigh; used layer=epidermis, dermis; skin preparation=unknown; storage temperature (°C)=4; storage duration (days)=14; neat=0; donor/skin surface temperature (°C)=30; donor pH=10.45; donor type=unknown; acceptor temperature (°C)=30; acceptor pH=6.5; acceptor type=Ringer solution; cell type=Glass diffusion cell"
165,Ephedrine,CN[C@H]([C@@H](c1ccccc1)O)C,CN[C@@H](C)[C@H](O)c1ccccc1,-6.32600000,-6.01318852,0.31281148,0.31281148,True,Cadaver,thigh,"epidermis, dermis",unknown,4,14,0,30,8.85,unknown,30,6.5,Ringer solution,Glass diffusion cell,"Michaels A. S., 1975",10.1002/aic.690210522,https://doi.org/10.1002/aic.690210522,1.32790000,165.11536410,"skin source type=Cadaver; skin source site=thigh; used layer=epidermis, dermis; skin preparation=unknown; storage temperature (°C)=4; storage duration (days)=14; neat=0; donor/skin surface temperature (°C)=30; donor pH=8.85; donor type=unknown; acceptor temperature (°C)=30; acceptor pH=6.5; acceptor type=Ringer solution; cell type=Glass diffusion cell"
166,Scopolamine,OC[C@H](c1ccccc1)C(=O)OC1C[C@@H]2N([C@H](C1)[C@@H]1[C@H]2O1)C,CN1[C@@H]2CC(OC(=O)[C@H](CO)c3ccccc3)C[C@H]1[C@@H]1O[C@@H]12,-9.12800000,-7.38820505,1.73979495,1.73979495,False,Cadaver,thigh,"epidermis, dermis",unknown,4,14,0,30,4,unknown,30,6.5,Ringer solution,Glass diffusion cell,"Michaels A. S., 1975",10.1002/aic.690210522,https://doi.org/10.1002/aic.690210522,0.91810000,303.14705815,"skin source type=Cadaver; skin source site=thigh; used layer=epidermis, dermis; skin preparation=unknown; storage temperature (°C)=4; storage duration (days)=14; neat=0; donor/skin surface temperature (°C)=30; donor pH=4; donor type=unknown; acceptor temperature (°C)=30; acceptor pH=6.5; acceptor type=Ringer solution; cell type=Glass diffusion cell"
167,Scopolamine,OC[C@H](c1ccccc1)C(=O)OC1C[C@@H]2N([C@H](C1)[C@@H]1[C@H]2O1)C,CN1[C@@H]2CC(OC(=O)[C@H](CO)c3ccccc3)C[C@H]1[C@@H]1O[C@@H]12,-8.86200000,-7.38820505,1.47379495,1.47379495,False,Cadaver,thigh,"epidermis, dermis",unknown,4,14,0,30,6.6,unknown,30,6.5,Ringer solution,Glass diffusion cell,"Michaels A. S., 1975",10.1002/aic.690210522,https://doi.org/10.1002/aic.690210522,0.91810000,303.14705815,"skin source type=Cadaver; skin source site=thigh; used layer=epidermis, dermis; skin preparation=unknown; storage temperature (°C)=4; storage duration (days)=14; neat=0; donor/skin surface temperature (°C)=30; donor pH=6.6; donor type=unknown; acceptor temperature (°C)=30; acceptor pH=6.5; acceptor type=Ringer solution; cell type=Glass diffusion cell"
168,Scopolamine,OC[C@H](c1ccccc1)C(=O)OC1C[C@@H]2N([C@H](C1)[C@@H]1[C@H]2O1)C,CN1[C@@H]2CC(OC(=O)[C@H](CO)c3ccccc3)C[C@H]1[C@@H]1O[C@@H]12,-8.22100000,-7.38820505,0.83279495,0.83279495,False,Cadaver,thigh,"epidermis, dermis",unknown,4,14,0,30,9.6,unknown,30,6.5,Ringer solution,Glass diffusion cell,"Michaels A. S., 1975",10.1002/aic.690210522,https://doi.org/10.1002/aic.690210522,0.91810000,303.14705815,"skin source type=Cadaver; skin source site=thigh; used layer=epidermis, dermis; skin preparation=unknown; storage temperature (°C)=4; storage duration (days)=14; neat=0; donor/skin surface temperature (°C)=30; donor pH=9.6; donor type=unknown; acceptor temperature (°C)=30; acceptor pH=6.5; acceptor type=Ringer solution; cell type=Glass diffusion cell"
169,Benzene,c1ccccc1,c1ccccc1,-4.35200000,-4.39843731,-0.04643731,0.04643731,True,Cadaver,"abdomen, back",epidermis,heat separation,4,7,0,25,unknown,PBS,25,unknown,PBS,Glass diffusion cell,"Mitragotri, 1995",10.1002/jps.2600840607,https://doi.org/10.1002/jps.2600840607,1.68660000,78.04695019,"skin source type=Cadaver; skin source site=abdomen, back; used layer=epidermis; skin preparation=heat separation; storage temperature (°C)=4; storage duration (days)=7; neat=0; donor/skin surface temperature (°C)=25; donor pH=unknown; donor type=PBS; acceptor temperature (°C)=25; acceptor pH=unknown; acceptor type=PBS; cell type=Glass diffusion cell"
170,1-Butanol,CCCCO,CCCCO,-6.21400000,-5.98849686,0.22550314,0.22550314,True,Cadaver,"abdomen, back",epidermis,heat separation,4,7,0,25,unknown,PBS,25,unknown,PBS,Glass diffusion cell,"Mitragotri, 1995",10.1002/jps.2600840607,https://doi.org/10.1002/jps.2600840607,0.77880000,74.07316494,"skin source type=Cadaver; skin source site=abdomen, back; used layer=epidermis; skin preparation=heat separation; storage temperature (°C)=4; storage duration (days)=7; neat=0; donor/skin surface temperature (°C)=25; donor pH=unknown; donor type=PBS; acceptor temperature (°C)=25; acceptor pH=unknown; acceptor type=PBS; cell type=Glass diffusion cell"
171,Caffeine,Cn1cnc2c1c(=O)n(C)c(=O)n2C,Cn1c(=O)c2c(ncn2C)n(C)c1=O,-7.55600000,-6.96369585,0.59230415,0.59230415,True,Cadaver,"abdomen, back",epidermis,heat separation,4,7,0,25,unknown,PBS,25,unknown,PBS,Glass diffusion cell,"Mitragotri, 1995",10.1002/jps.2600840607,https://doi.org/10.1002/jps.2600840607,-1.02930000,194.08037556,"skin source type=Cadaver; skin source site=abdomen, back; used layer=epidermis; skin preparation=heat separation; storage temperature (°C)=4; storage duration (days)=7; neat=0; donor/skin surface temperature (°C)=25; donor pH=unknown; donor type=PBS; acceptor temperature (°C)=25; acceptor pH=unknown; acceptor type=PBS; cell type=Glass diffusion cell"
173,Estradiol,Oc1ccc2c(c1)CC[C@@H]1[C@@H]2CC[C@]2([C@H]1CC[C@@H]2O)C,C[C@]12CC[C@@H]3c4ccc(O)cc4CC[C@H]3[C@@H]1CC[C@@H]2O,-6.05100000,-6.13821594,-0.08721594,0.08721594,True,Cadaver,"abdomen, back",epidermis,heat separation,4,7,0,25,unknown,PBS,25,unknown,PBS,Glass diffusion cell,"Mitragotri, 1995",10.1002/jps.2600840607,https://doi.org/10.1002/jps.2600840607,3.60920000,272.17763001,"skin source type=Cadaver; skin source site=abdomen, back; used layer=epidermis; skin preparation=heat separation; storage temperature (°C)=4; storage duration (days)=7; neat=0; donor/skin surface temperature (°C)=25; donor pH=unknown; donor type=PBS; acceptor temperature (°C)=25; acceptor pH=unknown; acceptor type=PBS; cell type=Glass diffusion cell"
174,Progesterone,O=C1CC[C@]2(C(=C1)CC[C@@H]1[C@@H]2CC[C@]2([C@H]1CC[C@@H]2C(=O)C)C)C,CC(=O)[C@H]1CC[C@H]2[C@@H]3CCC4=CC(=O)CC[C@]4(C)[C@H]3CC[C@]12C,-5.44200000,-5.30472852,0.13727148,0.13727148,True,Cadaver,"abdomen, back",epidermis,heat separation,4,7,0,25,unknown,PBS,25,unknown,PBS,Glass diffusion cell,"Mitragotri, 1995",10.1002/jps.2600840607,https://doi.org/10.1002/jps.2600840607,4.72350000,314.22458020,"skin source type=Cadaver; skin source site=abdomen, back; used layer=epidermis; skin preparation=heat separation; storage temperature (°C)=4; storage duration (days)=7; neat=0; donor/skin surface temperature (°C)=25; donor pH=unknown; donor type=PBS; acceptor temperature (°C)=25; acceptor pH=unknown; acceptor type=PBS; cell type=Glass diffusion cell"
175,Testosterone,O=C1CC[C@]2(C(=C1)CC[C@@H]1[C@@H]2CC[C@]2([C@H]1CC[C@@H]2O)C)C,C[C@]12CC[C@H]3[C@@H](CCC4=CC(=O)CC[C@@]43C)[C@@H]1CC[C@@H]2O,-6.21400000,-5.79805027,0.41594973,0.41594973,True,Cadaver,"abdomen, back",epidermis,heat separation,4,7,0,25,unknown,PBS,25,unknown,PBS,Glass diffusion cell,"Mitragotri, 1995",10.1002/jps.2600840607,https://doi.org/10.1002/jps.2600840607,3.87920000,288.20893014,"skin source type=Cadaver; skin source site=abdomen, back; used layer=epidermis; skin preparation=heat separation; storage temperature (°C)=4; storage duration (days)=7; neat=0; donor/skin surface temperature (°C)=25; donor pH=unknown; donor type=PBS; acceptor temperature (°C)=25; acceptor pH=unknown; acceptor type=PBS; cell type=Glass diffusion cell"
176,Aldosterone,OCC(=O)[C@H]1CC[C@@H]2[C@]1(C=O)C[C@H](O)[C@H]1[C@H]2CCC2=CC(=O)CC[C@]12C,C[C@]12CCC(=O)C=C1CC[C@@H]1[C@@H]2[C@@H](O)C[C@]2(C=O)[C@@H](C(=O)CO)CC[C@@H]12,-7.85700000,-7.83882226,0.01817774,0.01817774,True,Cadaver,unknown,epidermis,heat separation,4,14,0,unknown,unknown,PBS,unknown,unknown,PBS,Franz cell,"Mitragotri, 1996",10.1023/A:1016096626810,https://doi.org/10.1023/A:1016096626810,1.84570000,360.19367400,skin source type=Cadaver; skin source site=unknown; used layer=epidermis; skin preparation=heat separation; storage temperature (°C)=4; storage duration (days)=14; neat=0; donor/skin surface temperature (°C)=unknown; donor pH=unknown; donor type=PBS; acceptor temperature (°C)=unknown; acceptor pH=unknown; acceptor type=PBS; cell type=Franz cell
177,1-Butanol,CCCCO,CCCCO,-6.21400000,-5.97248886,0.24151114,0.24151114,True,Cadaver,unknown,epidermis,heat separation,4,14,0,unknown,unknown,PBS,unknown,unknown,PBS,Franz cell,"Mitragotri, 1996",10.1023/A:1016096626810,https://doi.org/10.1023/A:1016096626810,0.77880000,74.07316494,skin source type=Cadaver; skin source site=unknown; used layer=epidermis; skin preparation=heat separation; storage temperature (°C)=4; storage duration (days)=14; neat=0; donor/skin surface temperature (°C)=unknown; donor pH=unknown; donor type=PBS; acceptor temperature (°C)=unknown; acceptor pH=unknown; acceptor type=PBS; cell type=Franz cell
179,Estradiol,Oc1ccc2c(c1)CC[C@@H]1[C@@H]2CC[C@]2([C@H]1CC[C@@H]2O)C,C[C@]12CC[C@@H]3c4ccc(O)cc4CC[C@H]3[C@@H]1CC[C@@H]2O,-6.07900000,-6.13682104,-0.05782104,0.05782104,True,Cadaver,unknown,epidermis,heat separation,4,14,0,unknown,unknown,PBS,unknown,unknown,PBS,Franz cell,"Mitragotri, 1996",10.1023/A:1016096626810,https://doi.org/10.1023/A:1016096626810,3.60920000,272.17763001,skin source type=Cadaver; skin source site=unknown; used layer=epidermis; skin preparation=heat separation; storage temperature (°C)=4; storage duration (days)=14; neat=0; donor/skin surface temperature (°C)=unknown; donor pH=unknown; donor type=PBS; acceptor temperature (°C)=unknown; acceptor pH=unknown; acceptor type=PBS; cell type=Franz cell
180,Salicylic acid,OC(=O)c1ccccc1O,O=C(O)c1ccccc1O,-7.55600000,-5.82096715,1.73503285,1.73503285,False,Cadaver,unknown,epidermis,heat separation,4,14,0,unknown,unknown,PBS,unknown,unknown,PBS,Franz cell,"Mitragotri, 1996",10.1023/A:1016096626810,https://doi.org/10.1023/A:1016096626810,1.09040000,138.03169405,skin source type=Cadaver; skin source site=unknown; used layer=epidermis; skin preparation=heat separation; storage temperature (°C)=4; storage duration (days)=14; neat=0; donor/skin surface temperature (°C)=unknown; donor pH=unknown; donor type=PBS; acceptor temperature (°C)=unknown; acceptor pH=unknown; acceptor type=PBS; cell type=Franz cell
181,Sucrose,OC[C@H]1O[C@@]([C@H]([C@@H]1O)O)(CO)O[C@H]1O[C@H](CO)[C@H]([C@@H]([C@H]1O)O)O,OC[C@H]1O[C@@](CO)(O[C@H]2O[C@H](CO)[C@@H](O)[C@H](O)[C@H]2O)[C@@H](O)[C@@H]1O,-8.84000000,-7.99586169,0.84413831,0.84413831,False,Cadaver,unknown,epidermis,heat separation,4,14,0,unknown,unknown,PBS,unknown,unknown,PBS,Franz cell,"Mitragotri, 1996",10.1023/A:1016096626810,https://doi.org/10.1023/A:1016096626810,-5.39560000,342.11621152,skin source type=Cadaver; skin source site=unknown; used layer=epidermis; skin preparation=heat separation; storage temperature (°C)=4; storage duration (days)=14; neat=0; donor/skin surface temperature (°C)=unknown; donor pH=unknown; donor type=PBS; acceptor temperature (°C)=unknown; acceptor pH=unknown; acceptor type=PBS; cell type=Franz cell
182,Water,O,O,-7.07900000,-6.12423617,0.95476383,0.95476383,False,Cadaver,unknown,epidermis,heat separation,4,14,0,unknown,unknown,PBS,unknown,unknown,PBS,Franz cell,"Mitragotri, 1996",10.1023/A:1016096626810,https://doi.org/10.1023/A:1016096626810,-0.82470000,18.01056468,skin source type=Cadaver; skin source site=unknown; used layer=epidermis; skin preparation=heat separation; storage temperature (°C)=4; storage duration (days)=14; neat=0; donor/skin surface temperature (°C)=unknown; donor pH=unknown; donor type=PBS; acceptor temperature (°C)=unknown; acceptor pH=unknown; acceptor type=PBS; cell type=Franz cell
183,Aldosterone,OCC(=O)[C@H]1CC[C@@H]2[C@]1(C=O)C[C@H](O)[C@H]1[C@H]2CCC2=CC(=O)CC[C@]12C,C[C@]12CCC(=O)C=C1CC[C@@H]1[C@@H]2[C@@H](O)C[C@]2(C=O)[C@@H](C(=O)CO)CC[C@@H]12,-8.07900000,-7.83882226,0.24017774,0.24017774,True,unknown,unknown,epidermis,heat separation,unknown,unknown,0,unknown,7.4,PBS,unknown,7.4,PBS,Glass diffusion cell,"Mitragotri, 2000",10.1023/A:1007547809430,https://doi.org/10.1023/A:1007547809430,1.84570000,360.19367400,skin source type=unknown; skin source site=unknown; used layer=epidermis; skin preparation=heat separation; storage temperature (°C)=unknown; storage duration (days)=unknown; neat=0; donor/skin surface temperature (°C)=unknown; donor pH=7.4; donor type=PBS; acceptor temperature (°C)=unknown; acceptor pH=7.4; acceptor type=PBS; cell type=Glass diffusion cell
185,1-Decanol,CCCCCCCCCCO,CCCCCCCCCCO,-4.60200000,-5.06365753,-0.46165753,0.46165753,True,unknown,unknown,epidermis,heat separation,unknown,unknown,0,unknown,7.4,PBS,unknown,7.4,PBS,Glass diffusion cell,"Mitragotri, 2000",10.1023/A:1007547809430,https://doi.org/10.1023/A:1007547809430,3.11940000,158.16706532,skin source type=unknown; skin source site=unknown; used layer=epidermis; skin preparation=heat separation; storage temperature (°C)=unknown; storage duration (days)=unknown; neat=0; donor/skin surface temperature (°C)=unknown; donor pH=7.4; donor type=PBS; acceptor temperature (°C)=unknown; acceptor pH=7.4; acceptor type=PBS; cell type=Glass diffusion cell
186,Estradiol,Oc1ccc2c(c1)CC[C@@H]1[C@@H]2CC[C@]2([C@H]1CC[C@@H]2O)C,C[C@]12CC[C@@H]3c4ccc(O)cc4CC[C@H]3[C@@H]1CC[C@@H]2O,-6.07900000,-6.13682104,-0.05782104,0.05782104,True,unknown,unknown,epidermis,heat separation,unknown,unknown,0,unknown,7.4,PBS,unknown,7.4,PBS,Glass diffusion cell,"Mitragotri, 2000",10.1023/A:1007547809430,https://doi.org/10.1023/A:1007547809430,3.60920000,272.17763001,skin source type=unknown; skin source site=unknown; used layer=epidermis; skin preparation=heat separation; storage temperature (°C)=unknown; storage duration (days)=unknown; neat=0; donor/skin surface temperature (°C)=unknown; donor pH=7.4; donor type=PBS; acceptor temperature (°C)=unknown; acceptor pH=7.4; acceptor type=PBS; cell type=Glass diffusion cell
187,Lidocaine,CCN(CC(=O)Nc1c(C)cccc1C)CC,CCN(CC)CC(=O)Nc1c(C)cccc1C,-6.07900000,-5.98338128,0.09561872,0.09561872,True,unknown,unknown,epidermis,heat separation,unknown,unknown,0,unknown,7.4,PBS,unknown,7.4,PBS,Glass diffusion cell,"Mitragotri, 2000",10.1023/A:1007547809430,https://doi.org/10.1023/A:1007547809430,2.58374000,234.17321332,skin source type=unknown; skin source site=unknown; used layer=epidermis; skin preparation=heat separation; storage temperature (°C)=unknown; storage duration (days)=unknown; neat=0; donor/skin surface temperature (°C)=unknown; donor pH=7.4; donor type=PBS; acceptor temperature (°C)=unknown; acceptor pH=7.4; acceptor type=PBS; cell type=Glass diffusion cell
188,Naphthol,Oc1cccc2c1cccc2,Oc1cccc2ccccc12,-5.14100000,-5.06886304,0.07213696,0.07213696,True,unknown,unknown,epidermis,heat separation,unknown,unknown,0,unknown,7.4,PBS,unknown,7.4,PBS,Glass diffusion cell,"Mitragotri, 2000",10.1023/A:1007547809430,https://doi.org/10.1023/A:1007547809430,2.54540000,144.05751488,skin source type=unknown; skin source site=unknown; used layer=epidermis; skin preparation=heat separation; storage temperature (°C)=unknown; storage duration (days)=unknown; neat=0; donor/skin surface temperature (°C)=unknown; donor pH=7.4; donor type=PBS; acceptor temperature (°C)=unknown; acceptor pH=7.4; acceptor type=PBS; cell type=Glass diffusion cell
189,1-Octanol,CCCCCCCCO,CCCCCCCCO,-4.71100000,-4.79457938,-0.08357938,0.08357938,True,unknown,unknown,epidermis,heat separation,unknown,unknown,0,unknown,7.4,PBS,unknown,7.4,PBS,Glass diffusion cell,"Mitragotri, 2000",10.1023/A:1007547809430,https://doi.org/10.1023/A:1007547809430,2.33920000,130.13576520,skin source type=unknown; skin source site=unknown; used layer=epidermis; skin preparation=heat separation; storage temperature (°C)=unknown; storage duration (days)=unknown; neat=0; donor/skin surface temperature (°C)=unknown; donor pH=7.4; donor type=PBS; acceptor temperature (°C)=unknown; acceptor pH=7.4; acceptor type=PBS; cell type=Glass diffusion cell
190,Progesterone,O=C1CC[C@]2(C(=C1)CC[C@@H]1[C@@H]2CC[C@]2([C@H]1CC[C@@H]2C(=O)C)C)C,CC(=O)[C@H]1CC[C@H]2[C@@H]3CCC4=CC(=O)CC[C@]4(C)[C@H]3CC[C@]12C,-5.25500000,-5.35719270,-0.10219270,0.10219270,True,unknown,unknown,epidermis,heat separation,unknown,unknown,0,unknown,7.4,PBS,unknown,7.4,PBS,Glass diffusion cell,"Mitragotri, 2000",10.1023/A:1007547809430,https://doi.org/10.1023/A:1007547809430,4.72350000,314.22458020,skin source type=unknown; skin source site=unknown; used layer=epidermis; skin preparation=heat separation; storage temperature (°C)=unknown; storage duration (days)=unknown; neat=0; donor/skin surface temperature (°C)=unknown; donor pH=7.4; donor type=PBS; acceptor temperature (°C)=unknown; acceptor pH=7.4; acceptor type=PBS; cell type=Glass diffusion cell
191,Testosterone,O=C1CC[C@]2(C(=C1)CC[C@@H]1[C@@H]2CC[C@]2([C@H]1CC[C@@H]2O)C)C,C[C@]12CC[C@H]3[C@@H](CCC4=CC(=O)CC[C@@]43C)[C@@H]1CC[C@@H]2O,-6.21400000,-5.81502394,0.39897606,0.39897606,True,unknown,unknown,epidermis,heat separation,unknown,unknown,0,unknown,7.4,PBS,unknown,7.4,PBS,Glass diffusion cell,"Mitragotri, 2000",10.1023/A:1007547809430,https://doi.org/10.1023/A:1007547809430,3.87920000,288.20893014,skin source type=unknown; skin source site=unknown; used layer=epidermis; skin preparation=heat separation; storage temperature (°C)=unknown; storage duration (days)=unknown; neat=0; donor/skin surface temperature (°C)=unknown; donor pH=7.4; donor type=PBS; acceptor temperature (°C)=unknown; acceptor pH=7.4; acceptor type=PBS; cell type=Glass diffusion cell
192,Bisoprolol Fumarate,OC(COc1ccc(cc1)COCCOC(C)C)CNC(C)C.OC(=O)/C=C/C(=O)O,CC(C)NCC(O)COc1ccc(COCCOC(C)C)cc1.O=C(O)/C=C/C(=O)O,-7.12500000,-6.97965237,0.14534763,0.14534763,True,Abdominoplasty,abdomen,"epidermis, dermis","dermatomed 1200um, hydrated",-20,unknown,0,32,unknown,unknown,32,7.4,Sorensen buffer,Franz cell,"Modamio, 1998",10.1016/S0378-5173(98)00214-2,https://doi.org/10.1016/S0378-5173(98)00214-2,2.07770000,441.23626708,"skin source type=Abdominoplasty; skin source site=abdomen; used layer=epidermis, dermis; skin preparation=dermatomed 1200um, hydrated; storage temperature (°C)=-20; storage duration (days)=unknown; neat=0; donor/skin surface temperature (°C)=32; donor pH=unknown; donor type=unknown; acceptor temperature (°C)=32; acceptor pH=7.4; acceptor type=Sorensen buffer; cell type=Franz cell"
193,Celiprolol Hydrochloride,CCN(C(=O)Nc1ccc(c(c1)C(=O)C)OCC(CNC(C)(C)C)O)CC.Cl,CCN(CC)C(=O)Nc1ccc(OCC(O)CNC(C)(C)C)c(C(C)=O)c1.Cl,-6.78500000,-6.25949343,0.52550657,0.52550657,True,Abdominoplasty,abdomen,"epidermis, dermis","dermatomed 1200um, hydrated",-20,unknown,0,32,unknown,unknown,32,7.4,Sorensen buffer,Franz cell,"Modamio, 1998",10.1016/S0378-5173(98)00214-2,https://doi.org/10.1016/S0378-5173(98)00214-2,3.31250000,415.22378425,"skin source type=Abdominoplasty; skin source site=abdomen; used layer=epidermis, dermis; skin preparation=dermatomed 1200um, hydrated; storage temperature (°C)=-20; storage duration (days)=unknown; neat=0; donor/skin surface temperature (°C)=32; donor pH=unknown; donor type=unknown; acceptor temperature (°C)=32; acceptor pH=7.4; acceptor type=Sorensen buffer; cell type=Franz cell"
194,Atenolol,OC(COc1ccc(cc1)CC(=O)N)CNC(C)C,CC(C)NCC(O)COc1ccc(CC(N)=O)cc1,-7.85700000,-7.55318636,0.30381364,0.30381364,True,Abdominoplasty,abdomen,"epidermis, dermis","dermatomed 1200um, hydrated",-20,unknown,0,32,7.4,Sorensen buffer,32,7.6,Sorensen buffer,Franz cell,"Modamio, 2000",10.1016/S0378-5173(99)00380-4,https://doi.org/10.1016/S0378-5173(99)00380-4,0.45210000,266.16304256,"skin source type=Abdominoplasty; skin source site=abdomen; used layer=epidermis, dermis; skin preparation=dermatomed 1200um, hydrated; storage temperature (°C)=-20; storage duration (days)=unknown; neat=0; donor/skin surface temperature (°C)=32; donor pH=7.4; donor type=Sorensen buffer; acceptor temperature (°C)=32; acceptor pH=7.6; acceptor type=Sorensen buffer; cell type=Franz cell"
195,Metoprolol,COCCc1ccc(cc1)OCC(CNC(C)C)O,COCCc1ccc(OCC(O)CNC(C)C)cc1,-6.63700000,-6.67244401,-0.03544401,0.03544401,True,Abdominoplasty,abdomen,"epidermis, dermis","dermatomed 1200um, hydrated",-20,unknown,0,32,7.4,Sorensen buffer,32,7.6,Sorensen buffer,Franz cell,"Modamio, 2000",10.1016/S0378-5173(99)00380-4,https://doi.org/10.1016/S0378-5173(99)00380-4,1.61320000,267.18344366,"skin source type=Abdominoplasty; skin source site=abdomen; used layer=epidermis, dermis; skin preparation=dermatomed 1200um, hydrated; storage temperature (°C)=-20; storage duration (days)=unknown; neat=0; donor/skin surface temperature (°C)=32; donor pH=7.4; donor type=Sorensen buffer; acceptor temperature (°C)=32; acceptor pH=7.6; acceptor type=Sorensen buffer; cell type=Franz cell"
196,Oxprenolol,C=CCOc1ccccc1OCC(CNC(C)C)O,C=CCOc1ccccc1OCC(O)CNC(C)C,-6.36900000,-6.92269288,-0.55369288,0.55369288,True,Abdominoplasty,abdomen,"epidermis, dermis","dermatomed 1200um, hydrated",-20,unknown,0,32,7.4,Sorensen buffer,32,7.6,Sorensen buffer,Franz cell,"Modamio, 2000",10.1016/S0378-5173(99)00380-4,https://doi.org/10.1016/S0378-5173(99)00380-4,1.98910000,265.16779360,"skin source type=Abdominoplasty; skin source site=abdomen; used layer=epidermis, dermis; skin preparation=dermatomed 1200um, hydrated; storage temperature (°C)=-20; storage duration (days)=unknown; neat=0; donor/skin surface temperature (°C)=32; donor pH=7.4; donor type=Sorensen buffer; acceptor temperature (°C)=32; acceptor pH=7.6; acceptor type=Sorensen buffer; cell type=Franz cell"
197,Propranolol,OC(COc1cccc2c1cccc2)CNC(C)C,CC(C)NCC(O)COc1cccc2ccccc12,-6.30600000,-6.40053786,-0.09453786,0.09453786,True,Abdominoplasty,abdomen,"epidermis, dermis","dermatomed 1200um, hydrated",-20,unknown,0,32,7.4,Sorensen buffer,32,7.6,Sorensen buffer,Franz cell,"Modamio, 2000",10.1016/S0378-5173(99)00380-4,https://doi.org/10.1016/S0378-5173(99)00380-4,2.57750000,259.15722891,"skin source type=Abdominoplasty; skin source site=abdomen; used layer=epidermis, dermis; skin preparation=dermatomed 1200um, hydrated; storage temperature (°C)=-20; storage duration (days)=unknown; neat=0; donor/skin surface temperature (°C)=32; donor pH=7.4; donor type=Sorensen buffer; acceptor temperature (°C)=32; acceptor pH=7.6; acceptor type=Sorensen buffer; cell type=Franz cell"
198,Mannitol,OC[C@H]([C@H]([C@@H]([C@@H](CO)O)O)O)O,OC[C@@H](O)[C@@H](O)[C@H](O)[C@H](O)CO,-7.81000000,-7.92045973,-0.11045973,0.11045973,True,unknown,unknown,epidermis,heat separation,unknown,unknown,0,37,7.5,PBS with sodium azide,37,7.5,PBS with sodium azide,Glass diffusion cell,"Peck, 1994",10.1023/A:1018998529283,https://doi.org/10.1023/A:1018998529283,-3.58540000,182.07903817,skin source type=unknown; skin source site=unknown; used layer=epidermis; skin preparation=heat separation; storage temperature (°C)=unknown; storage duration (days)=unknown; neat=0; donor/skin surface temperature (°C)=37; donor pH=7.5; donor type=PBS with sodium azide; acceptor temperature (°C)=37; acceptor pH=7.5; acceptor type=PBS with sodium azide; cell type=Glass diffusion cell
199,Raffinose,OC[C@H]1O[C@@]([C@H]([C@@H]1O)O)(CO)O[C@H]1O[C@H](CO[C@H]2O[C@H](CO)[C@@H]([C@@H]([C@H]2O)O)O)[C@H]([C@@H]([C@H]1O)O)O,OC[C@H]1O[C@H](OC[C@H]2O[C@H](O[C@]3(CO)O[C@H](CO)[C@@H](O)[C@@H]3O)[C@H](O)[C@@H](O)[C@@H]2O)[C@H](O)[C@@H](O)[C@H]1O,-8.20800000,-8.06503556,0.14296444,0.14296444,True,unknown,unknown,epidermis,heat separation,unknown,unknown,0,37,7.5,PBS with sodium azide,37,7.5,PBS with sodium azide,Glass diffusion cell,"Peck, 1994",10.1023/A:1018998529283,https://doi.org/10.1023/A:1018998529283,-7.57140000,504.16903494,skin source type=unknown; skin source site=unknown; used layer=epidermis; skin preparation=heat separation; storage temperature (°C)=unknown; storage duration (days)=unknown; neat=0; donor/skin surface temperature (°C)=37; donor pH=7.5; donor type=PBS with sodium azide; acceptor temperature (°C)=37; acceptor pH=7.5; acceptor type=PBS with sodium azide; cell type=Glass diffusion cell
200,Sucrose,OC[C@H]1O[C@@]([C@H]([C@@H]1O)O)(CO)O[C@H]1O[C@H](CO)[C@H]([C@@H]([C@H]1O)O)O,OC[C@H]1O[C@@](CO)(O[C@H]2O[C@H](CO)[C@@H](O)[C@H](O)[C@H]2O)[C@@H](O)[C@@H]1O,-8.07500000,-7.94952936,0.12547064,0.12547064,True,unknown,unknown,epidermis,heat separation,unknown,unknown,0,37,7.5,PBS with sodium azide,37,7.5,PBS with sodium azide,Glass diffusion cell,"Peck, 1994",10.1023/A:1018998529283,https://doi.org/10.1023/A:1018998529283,-5.39560000,342.11621152,skin source type=unknown; skin source site=unknown; used layer=epidermis; skin preparation=heat separation; storage temperature (°C)=unknown; storage duration (days)=unknown; neat=0; donor/skin surface temperature (°C)=37; donor pH=7.5; donor type=PBS with sodium azide; acceptor temperature (°C)=37; acceptor pH=7.5; acceptor type=PBS with sodium azide; cell type=Glass diffusion cell
201,Urea,NC(=O)N,NC(N)=O,-7.31700000,-7.28595768,0.03104232,0.03104232,True,unknown,unknown,epidermis,heat separation,unknown,unknown,0,37,7.5,PBS with sodium azide,37,7.5,PBS with sodium azide,Glass diffusion cell,"Peck, 1994",10.1023/A:1018998529283,https://doi.org/10.1023/A:1018998529283,-0.97620000,60.03236275,skin source type=unknown; skin source site=unknown; used layer=epidermis; skin preparation=heat separation; storage temperature (°C)=unknown; storage duration (days)=unknown; neat=0; donor/skin surface temperature (°C)=37; donor pH=7.5; donor type=PBS with sodium azide; acceptor temperature (°C)=37; acceptor pH=7.5; acceptor type=PBS with sodium azide; cell type=Glass diffusion cell
202,Nicotine,CN1CCCC1c1cccnc1,CN1CCCC1c1cccnc1,-5.54600000,-5.75147545,-0.20547545,0.20547545,True,Abdominoplasty or mammaplasty,"abdomen, breast","epidermis, dermis",dermatomed 408um,-18,180,0,32,7.4,PBS,37,7.4,PBS,Franz cell,"Qvist, 2000",10.1016/S0928-0987(00)00091-9,https://doi.org/10.1016/S0928-0987(00)00091-9,1.84830000,162.11569845,"skin source type=Abdominoplasty or mammaplasty; skin source site=abdomen, breast; used layer=epidermis, dermis; skin preparation=dermatomed 408um; storage temperature (°C)=-18; storage duration (days)=180; neat=0; donor/skin surface temperature (°C)=32; donor pH=7.4; donor type=PBS; acceptor temperature (°C)=37; acceptor pH=7.4; acceptor type=PBS; cell type=Franz cell"
203,Salicylic acid,OC(=O)c1ccccc1O,O=C(O)c1ccccc1O,-5.13600000,-5.82096715,-0.68496715,0.68496715,False,Abdominoplasty or mammaplasty,"abdomen, breast","epidermis, dermis",dermatomed 408um,-18,180,0,32,2.5,PBS,37,7.4,PBS,Franz cell,"Qvist, 2000",10.1016/S0928-0987(00)00091-9,https://doi.org/10.1016/S0928-0987(00)00091-9,1.09040000,138.03169405,"skin source type=Abdominoplasty or mammaplasty; skin source site=abdomen, breast; used layer=epidermis, dermis; skin preparation=dermatomed 408um; storage temperature (°C)=-18; storage duration (days)=180; neat=0; donor/skin surface temperature (°C)=32; donor pH=2.5; donor type=PBS; acceptor temperature (°C)=37; acceptor pH=7.4; acceptor type=PBS; cell type=Franz cell"
204,Testosterone,O=C1CC[C@]2(C(=C1)CC[C@@H]1[C@@H]2CC[C@]2([C@H]1CC[C@@H]2O)C)C,C[C@]12CC[C@H]3[C@@H](CCC4=CC(=O)CC[C@@]43C)[C@@H]1CC[C@@H]2O,-5.85600000,-5.81502394,0.04097606,0.04097606,True,Abdominoplasty or mammaplasty,"abdomen, breast","epidermis, dermis",dermatomed 408um,-18,180,0,32,unknown,PBS with ethanol,37,7.4,PBS,Franz cell,"Qvist, 2000",10.1016/S0928-0987(00)00091-9,https://doi.org/10.1016/S0928-0987(00)00091-9,3.87920000,288.20893014,"skin source type=Abdominoplasty or mammaplasty; skin source site=abdomen, breast; used layer=epidermis, dermis; skin preparation=dermatomed 408um; storage temperature (°C)=-18; storage duration (days)=180; neat=0; donor/skin surface temperature (°C)=32; donor pH=unknown; donor type=PBS with ethanol; acceptor temperature (°C)=37; acceptor pH=7.4; acceptor type=PBS; cell type=Franz cell"
205,"2,4,6-Trichlorophenol",Clc1cc(Cl)c(c(c1)Cl)O,Oc1c(Cl)cc(Cl)cc1Cl,-4.78300000,-4.80543357,-0.02243357,0.02243357,True,Cadaver,abdomen,epidermis,exposure to ammonia fumes,unknown,unknown,0,25,unknown,unknown,25,unknown,unknown,Pyrex cell,"Roberts, 1977",10.1111/j.2042-7158.1977.tb11434.x ,https://doi.org/10.1111/j.2042-7158.1977.tb11434.x,3.35240000,195.92494776,skin source type=Cadaver; skin source site=abdomen; used layer=epidermis; skin preparation=exposure to ammonia fumes; storage temperature (°C)=unknown; storage duration (days)=unknown; neat=0; donor/skin surface temperature (°C)=25; donor pH=unknown; donor type=unknown; acceptor temperature (°C)=25; acceptor pH=unknown; acceptor type=unknown; cell type=Pyrex cell
206,"2,4-Dichlorophenol",Clc1ccc(c(c1)Cl)O,Oc1ccc(Cl)cc1Cl,-4.77800000,-4.71530510,0.06269490,0.06269490,True,Cadaver,abdomen,epidermis,exposure to ammonia fumes,unknown,unknown,0,25,unknown,unknown,25,unknown,unknown,Pyrex cell,"Roberts, 1977",10.1111/j.2042-7158.1977.tb11434.x ,https://doi.org/10.1111/j.2042-7158.1977.tb11434.x,2.69900000,161.96392011,skin source type=Cadaver; skin source site=abdomen; used layer=epidermis; skin preparation=exposure to ammonia fumes; storage temperature (°C)=unknown; storage duration (days)=unknown; neat=0; donor/skin surface temperature (°C)=25; donor pH=unknown; donor type=unknown; acceptor temperature (°C)=25; acceptor pH=unknown; acceptor type=unknown; cell type=Pyrex cell
207,o-Chlorophenol,Oc1ccccc1Cl,Oc1ccccc1Cl,-5.03700000,-5.01459837,0.02240163,0.02240163,True,Cadaver,abdomen,epidermis,exposure to ammonia fumes,unknown,unknown,0,25,unknown,unknown,25,unknown,unknown,Pyrex cell,"Roberts, 1977",10.1111/j.2042-7158.1977.tb11434.x ,https://doi.org/10.1111/j.2042-7158.1977.tb11434.x,2.04560000,128.00289246,skin source type=Cadaver; skin source site=abdomen; used layer=epidermis; skin preparation=exposure to ammonia fumes; storage temperature (°C)=unknown; storage duration (days)=unknown; neat=0; donor/skin surface temperature (°C)=25; donor pH=unknown; donor type=unknown; acceptor temperature (°C)=25; acceptor pH=unknown; acceptor type=unknown; cell type=Pyrex cell
208,o-Cresol,Cc1ccccc1O,Cc1ccccc1O,-5.36000000,-5.31353537,0.04646463,0.04646463,True,Cadaver,abdomen,epidermis,exposure to ammonia fumes,unknown,unknown,0,25,unknown,unknown,25,unknown,unknown,Pyrex cell,"Roberts, 1977",10.1111/j.2042-7158.1977.tb11434.x ,https://doi.org/10.1111/j.2042-7158.1977.tb11434.x,1.70062000,108.05751488,skin source type=Cadaver; skin source site=abdomen; used layer=epidermis; skin preparation=exposure to ammonia fumes; storage temperature (°C)=unknown; storage duration (days)=unknown; neat=0; donor/skin surface temperature (°C)=25; donor pH=unknown; donor type=unknown; acceptor temperature (°C)=25; acceptor pH=unknown; acceptor type=unknown; cell type=Pyrex cell
209,"3,4-Xylenol",Oc1ccc(c(c1)C)C,Cc1ccc(O)cc1C,-5.00000000,-5.02496825,-0.02496825,0.02496825,True,Cadaver,abdomen,epidermis,exposure to ammonia fumes,unknown,unknown,0,25,unknown,unknown,25,unknown,unknown,Pyrex cell,"Roberts, 1977",10.1111/j.2042-7158.1977.tb11434.x ,https://doi.org/10.1111/j.2042-7158.1977.tb11434.x,2.00904000,122.07316494,skin source type=Cadaver; skin source site=abdomen; used layer=epidermis; skin preparation=exposure to ammonia fumes; storage temperature (°C)=unknown; storage duration (days)=unknown; neat=0; donor/skin surface temperature (°C)=25; donor pH=unknown; donor type=unknown; acceptor temperature (°C)=25; acceptor pH=unknown; acceptor type=unknown; cell type=Pyrex cell
210,m-Cresol,Cc1cccc(c1)O,Cc1cccc(O)c1,-5.37300000,-5.29898555,0.07401445,0.07401445,True,Cadaver,abdomen,epidermis,exposure to ammonia fumes,unknown,unknown,0,25,unknown,unknown,25,unknown,unknown,Pyrex cell,"Roberts, 1977",10.1111/j.2042-7158.1977.tb11434.x ,https://doi.org/10.1111/j.2042-7158.1977.tb11434.x,1.70062000,108.05751488,skin source type=Cadaver; skin source site=abdomen; used layer=epidermis; skin preparation=exposure to ammonia fumes; storage temperature (°C)=unknown; storage duration (days)=unknown; neat=0; donor/skin surface temperature (°C)=25; donor pH=unknown; donor type=unknown; acceptor temperature (°C)=25; acceptor pH=unknown; acceptor type=unknown; cell type=Pyrex cell
211,m-Nitrophenol,Oc1cccc(c1)[N+](=O)[O-],O=[N+]([O-])c1cccc(O)c1,-5.80500000,-5.82425839,-0.01925839,0.01925839,True,Cadaver,abdomen,epidermis,exposure to ammonia fumes,unknown,unknown,0,25,unknown,unknown,25,unknown,unknown,Pyrex cell,"Roberts, 1977",10.1111/j.2042-7158.1977.tb11434.x ,https://doi.org/10.1111/j.2042-7158.1977.tb11434.x,1.30040000,139.02694302,skin source type=Cadaver; skin source site=abdomen; used layer=epidermis; skin preparation=exposure to ammonia fumes; storage temperature (°C)=unknown; storage duration (days)=unknown; neat=0; donor/skin surface temperature (°C)=25; donor pH=unknown; donor type=unknown; acceptor temperature (°C)=25; acceptor pH=unknown; acceptor type=unknown; cell type=Pyrex cell
212,p-Bromophenol,Oc1ccc(cc1)Br,Oc1ccc(Br)cc1,-4.99900000,-5.03276811,-0.03376811,0.03376811,True,Cadaver,abdomen,epidermis,exposure to ammonia fumes,unknown,unknown,0,25,unknown,unknown,25,unknown,unknown,Pyrex cell,"Roberts, 1977",10.1111/j.2042-7158.1977.tb11434.x ,https://doi.org/10.1111/j.2042-7158.1977.tb11434.x,2.15470000,171.95237688,skin source type=Cadaver; skin source site=abdomen; used layer=epidermis; skin preparation=exposure to ammonia fumes; storage temperature (°C)=unknown; storage duration (days)=unknown; neat=0; donor/skin surface temperature (°C)=25; donor pH=unknown; donor type=unknown; acceptor temperature (°C)=25; acceptor pH=unknown; acceptor type=unknown; cell type=Pyrex cell
213,p-Chlorophenol,Oc1ccc(cc1)Cl,Oc1ccc(Cl)cc1,-4.99600000,-5.01086670,-0.01486670,0.01486670,True,Cadaver,abdomen,epidermis,exposure to ammonia fumes,unknown,unknown,0,25,unknown,unknown,25,unknown,unknown,Pyrex cell,"Roberts, 1977",10.1111/j.2042-7158.1977.tb11434.x ,https://doi.org/10.1111/j.2042-7158.1977.tb11434.x,2.04560000,128.00289246,skin source type=Cadaver; skin source site=abdomen; used layer=epidermis; skin preparation=exposure to ammonia fumes; storage temperature (°C)=unknown; storage duration (days)=unknown; neat=0; donor/skin surface temperature (°C)=25; donor pH=unknown; donor type=unknown; acceptor temperature (°C)=25; acceptor pH=unknown; acceptor type=unknown; cell type=Pyrex cell
214,p-Cresol,Cc1ccc(cc1)O,Cc1ccc(O)cc1,-5.31300000,-5.33673631,-0.02373631,0.02373631,True,Cadaver,abdomen,epidermis,exposure to ammonia fumes,unknown,unknown,0,25,unknown,unknown,25,unknown,unknown,Pyrex cell,"Roberts, 1977",10.1111/j.2042-7158.1977.tb11434.x ,https://doi.org/10.1111/j.2042-7158.1977.tb11434.x,1.70062000,108.05751488,skin source type=Cadaver; skin source site=abdomen; used layer=epidermis; skin preparation=exposure to ammonia fumes; storage temperature (°C)=unknown; storage duration (days)=unknown; neat=0; donor/skin surface temperature (°C)=25; donor pH=unknown; donor type=unknown; acceptor temperature (°C)=25; acceptor pH=unknown; acceptor type=unknown; cell type=Pyrex cell
215,p-Ethylphenol,CCc1ccc(cc1)O,CCc1ccc(O)cc1,-5.01400000,-4.99055176,0.02344824,0.02344824,True,Cadaver,abdomen,epidermis,exposure to ammonia fumes,unknown,unknown,0,25,unknown,unknown,25,unknown,unknown,Pyrex cell,"Roberts, 1977",10.1111/j.2042-7158.1977.tb11434.x ,https://doi.org/10.1111/j.2042-7158.1977.tb11434.x,1.95460000,122.07316494,skin source type=Cadaver; skin source site=abdomen; used layer=epidermis; skin preparation=exposure to ammonia fumes; storage temperature (°C)=unknown; storage duration (days)=unknown; neat=0; donor/skin surface temperature (°C)=25; donor pH=unknown; donor type=unknown; acceptor temperature (°C)=25; acceptor pH=unknown; acceptor type=unknown; cell type=Pyrex cell
216,p-Nitrophenol,Oc1ccc(cc1)[N+](=O)[O-],O=[N+]([O-])c1ccc(O)cc1,-5.81000000,-5.79024276,0.01975724,0.01975724,True,Cadaver,abdomen,epidermis,exposure to ammonia fumes,unknown,unknown,0,25,unknown,unknown,25,unknown,unknown,Pyrex cell,"Roberts, 1977",10.1111/j.2042-7158.1977.tb11434.x ,https://doi.org/10.1111/j.2042-7158.1977.tb11434.x,1.30040000,139.02694302,skin source type=Cadaver; skin source site=abdomen; used layer=epidermis; skin preparation=exposure to ammonia fumes; storage temperature (°C)=unknown; storage duration (days)=unknown; neat=0; donor/skin surface temperature (°C)=25; donor pH=unknown; donor type=unknown; acceptor temperature (°C)=25; acceptor pH=unknown; acceptor type=unknown; cell type=Pyrex cell
217,2-Naphthol,Oc1ccc2c(c1)cccc2,Oc1ccc2ccccc2c1,-5.11100000,-4.95619648,0.15480352,0.15480352,True,Cadaver,abdomen,epidermis,exposure to ammonia fumes,unknown,unknown,0,25,unknown,unknown,25,unknown,unknown,Pyrex cell,"Roberts, 1977",10.1111/j.2042-7158.1977.tb11434.x ,https://doi.org/10.1111/j.2042-7158.1977.tb11434.x,2.54540000,144.05751488,skin source type=Cadaver; skin source site=abdomen; used layer=epidermis; skin preparation=exposure to ammonia fumes; storage temperature (°C)=unknown; storage duration (days)=unknown; neat=0; donor/skin surface temperature (°C)=25; donor pH=unknown; donor type=unknown; acceptor temperature (°C)=25; acceptor pH=unknown; acceptor type=unknown; cell type=Pyrex cell
218,Chlorocresol,Cc1c(O)cccc1Cl,Cc1c(O)cccc1Cl,-4.81600000,-4.91424669,-0.09824669,0.09824669,True,Cadaver,abdomen,epidermis,exposure to ammonia fumes,unknown,unknown,0,25,unknown,unknown,25,unknown,unknown,Pyrex cell,"Roberts, 1977",10.1111/j.2042-7158.1977.tb11434.x ,https://doi.org/10.1111/j.2042-7158.1977.tb11434.x,2.35402000,142.01854252,skin source type=Cadaver; skin source site=abdomen; used layer=epidermis; skin preparation=exposure to ammonia fumes; storage temperature (°C)=unknown; storage duration (days)=unknown; neat=0; donor/skin surface temperature (°C)=25; donor pH=unknown; donor type=unknown; acceptor temperature (°C)=25; acceptor pH=unknown; acceptor type=unknown; cell type=Pyrex cell
219,Chloroxylenol,Cc1ccc(c(c1C)O)Cl,Cc1ccc(Cl)c(O)c1C,-4.78500000,-4.90191039,-0.11691039,0.11691039,True,Cadaver,abdomen,epidermis,exposure to ammonia fumes,unknown,unknown,0,25,unknown,unknown,25,unknown,unknown,Pyrex cell,"Roberts, 1977",10.1111/j.2042-7158.1977.tb11434.x ,https://doi.org/10.1111/j.2042-7158.1977.tb11434.x,2.66244000,156.03419259,skin source type=Cadaver; skin source site=abdomen; used layer=epidermis; skin preparation=exposure to ammonia fumes; storage temperature (°C)=unknown; storage duration (days)=unknown; neat=0; donor/skin surface temperature (°C)=25; donor pH=unknown; donor type=unknown; acceptor temperature (°C)=25; acceptor pH=unknown; acceptor type=unknown; cell type=Pyrex cell
220,Methyl 4-hydroxybenzoate,COC(=O)c1ccc(cc1)O,COC(=O)c1ccc(O)cc1,-5.59600000,-5.49396159,0.10203841,0.10203841,True,Cadaver,abdomen,epidermis,exposure to ammonia fumes,unknown,unknown,0,25,unknown,unknown,25,unknown,unknown,Pyrex cell,"Roberts, 1977",10.1111/j.2042-7158.1977.tb11434.x ,https://doi.org/10.1111/j.2042-7158.1977.tb11434.x,1.17880000,152.04734412,skin source type=Cadaver; skin source site=abdomen; used layer=epidermis; skin preparation=exposure to ammonia fumes; storage temperature (°C)=unknown; storage duration (days)=unknown; neat=0; donor/skin surface temperature (°C)=25; donor pH=unknown; donor type=unknown; acceptor temperature (°C)=25; acceptor pH=unknown; acceptor type=unknown; cell type=Pyrex cell
221,Phenol,Oc1ccccc1,Oc1ccccc1,-5.61400000,-6.03762779,-0.42362779,0.42362779,True,Cadaver,abdomen,epidermis,exposure to ammonia fumes,unknown,unknown,0,25,unknown,unknown,25,unknown,unknown,Pyrex cell,"Roberts, 1977",10.1111/j.2042-7158.1977.tb11434.x ,https://doi.org/10.1111/j.2042-7158.1977.tb11434.x,1.39220000,94.04186481,skin source type=Cadaver; skin source site=abdomen; used layer=epidermis; skin preparation=exposure to ammonia fumes; storage temperature (°C)=unknown; storage duration (days)=unknown; neat=0; donor/skin surface temperature (°C)=25; donor pH=unknown; donor type=unknown; acceptor temperature (°C)=25; acceptor pH=unknown; acceptor type=unknown; cell type=Pyrex cell
222,Resorcinol,Oc1cccc(c1)O,Oc1cccc(O)c1,-7.17600000,-6.33751444,0.83848556,0.83848556,False,Cadaver,abdomen,epidermis,exposure to ammonia fumes,unknown,unknown,0,25,unknown,unknown,25,unknown,unknown,Pyrex cell,"Roberts, 1977",10.1111/j.2042-7158.1977.tb11434.x ,https://doi.org/10.1111/j.2042-7158.1977.tb11434.x,1.09780000,110.03677943,skin source type=Cadaver; skin source site=abdomen; used layer=epidermis; skin preparation=exposure to ammonia fumes; storage temperature (°C)=unknown; storage duration (days)=unknown; neat=0; donor/skin surface temperature (°C)=25; donor pH=unknown; donor type=unknown; acceptor temperature (°C)=25; acceptor pH=unknown; acceptor type=unknown; cell type=Pyrex cell
223,Thymol,Cc1ccc(c(c1)O)C(C)C,Cc1ccc(C(C)C)c(O)c1,-4.83400000,-4.77349764,0.06050236,0.06050236,True,Cadaver,abdomen,epidermis,exposure to ammonia fumes,unknown,unknown,0,25,unknown,unknown,25,unknown,unknown,Pyrex cell,"Roberts, 1977",10.1111/j.2042-7158.1977.tb11434.x ,https://doi.org/10.1111/j.2042-7158.1977.tb11434.x,2.82402000,150.10446507,skin source type=Cadaver; skin source site=abdomen; used layer=epidermis; skin preparation=exposure to ammonia fumes; storage temperature (°C)=unknown; storage duration (days)=unknown; neat=0; donor/skin surface temperature (°C)=25; donor pH=unknown; donor type=unknown; acceptor temperature (°C)=25; acceptor pH=unknown; acceptor type=unknown; cell type=Pyrex cell
224,4-Cyanophenol,N#Cc1ccc(cc1)O,N#Cc1ccc(O)cc1,-5.73100000,-5.99638997,-0.26538997,0.26538997,True,Cadaver,"back, leg",epidermis,heat separation,-70,unknown,0,32,7.4,PBS,32,7.4,PBS with sodium azide,unknown,"Romonchuk, 2010",10.1159/000272121,https://doi.org/10.1159/000272121,1.26388000,119.03711378,"skin source type=Cadaver; skin source site=back, leg; used layer=epidermis; skin preparation=heat separation; storage temperature (°C)=-70; storage duration (days)=unknown; neat=0; donor/skin surface temperature (°C)=32; donor pH=7.4; donor type=PBS; acceptor temperature (°C)=32; acceptor pH=7.4; acceptor type=PBS with sodium azide; cell type=unknown"
225,Methyl 4-hydroxybenzoate,COC(=O)c1ccc(cc1)O,COC(=O)c1ccc(O)cc1,-5.63400000,-5.46314962,0.17085038,0.17085038,True,Cadaver,"back, leg",epidermis,heat separation,-70,unknown,0,32,7.4,PBS,32,7.4,PBS with sodium azide,unknown,"Romonchuk, 2010",10.1159/000272121,https://doi.org/10.1159/000272121,1.17880000,152.04734412,"skin source type=Cadaver; skin source site=back, leg; used layer=epidermis; skin preparation=heat separation; storage temperature (°C)=-70; storage duration (days)=unknown; neat=0; donor/skin surface temperature (°C)=32; donor pH=7.4; donor type=PBS; acceptor temperature (°C)=32; acceptor pH=7.4; acceptor type=PBS with sodium azide; cell type=unknown"
227,Fentanyl,CCC(=O)N(c1ccccc1)C1CCN(CC1)CCc1ccccc1,CCC(=O)N(c1ccccc1)C1CCN(CCc2ccccc2)CC1,-5.80800000,-5.51023571,0.29776429,0.29776429,True,Cadaver,abdomen,epidermis,heat separation,-20,unknown,0,37,7.4,Citrate-phosphate buffer,37,7.4,unknown,Glass diffusion cell,"Roy, 1989",10.1023/A:1015944018555,https://doi.org/10.1023/A:1015944018555,4.13670000,336.22016352,skin source type=Cadaver; skin source site=abdomen; used layer=epidermis; skin preparation=heat separation; storage temperature (°C)=-20; storage duration (days)=unknown; neat=0; donor/skin surface temperature (°C)=37; donor pH=7.4; donor type=Citrate-phosphate buffer; acceptor temperature (°C)=37; acceptor pH=7.4; acceptor type=unknown; cell type=Glass diffusion cell
229,Meperidine,CCOC(=O)C1(CCN(CC1)C)c1ccccc1,CCOC(=O)C1(c2ccccc2)CCN(C)CC1,-5.98800000,-5.44898389,0.53901611,0.53901611,True,Cadaver,abdomen,epidermis,heat separation,-20,unknown,0,37,7.4,Citrate-phosphate buffer,37,7.4,unknown,Glass diffusion cell,"Roy, 1989",10.1023/A:1015944018555,https://doi.org/10.1023/A:1015944018555,2.21310000,247.15722891,skin source type=Cadaver; skin source site=abdomen; used layer=epidermis; skin preparation=heat separation; storage temperature (°C)=-20; storage duration (days)=unknown; neat=0; donor/skin surface temperature (°C)=37; donor pH=7.4; donor type=Citrate-phosphate buffer; acceptor temperature (°C)=37; acceptor pH=7.4; acceptor type=unknown; cell type=Glass diffusion cell
231,Sufentanil,COCC1(CCN(CC1)CCc1cccs1)N(c1ccccc1)C(=O)CC,CCC(=O)N(c1ccccc1)C1(COC)CCN(CCc2cccs2)CC1,-5.47700000,-5.39696371,0.08003629,0.08003629,True,Cadaver,abdomen,epidermis,heat separation,-20,unknown,0,37,7.4,Citrate-phosphate buffer,37,7.4,unknown,Glass diffusion cell,"Roy, 1989",10.1023/A:1015944018555,https://doi.org/10.1023/A:1015944018555,4.21480000,386.20279920,skin source type=Cadaver; skin source site=abdomen; used layer=epidermis; skin preparation=heat separation; storage temperature (°C)=-20; storage duration (days)=unknown; neat=0; donor/skin surface temperature (°C)=37; donor pH=7.4; donor type=Citrate-phosphate buffer; acceptor temperature (°C)=37; acceptor pH=7.4; acceptor type=unknown; cell type=Glass diffusion cell
232,Fentanyl,CCC(=O)N(c1ccccc1)C1CCN(CC1)CCc1ccccc1,CCC(=O)N(c1ccccc1)C1CCN(CCc2ccccc2)CC1,-5.50300000,-5.51023571,-0.00723571,0.00723571,True,Cadaver,"abdomen, thigh",epidermis,heat separation,-20,unknown,0,37,7.4,Potassium phosphate buffer,37,7.4,unknown,unknown,"Roy, 1990",10.1023/A:1015912932416,https://doi.org/10.1023/A:1015912932416,4.13670000,336.22016352,"skin source type=Cadaver; skin source site=abdomen, thigh; used layer=epidermis; skin preparation=heat separation; storage temperature (°C)=-20; storage duration (days)=unknown; neat=0; donor/skin surface temperature (°C)=37; donor pH=7.4; donor type=Potassium phosphate buffer; acceptor temperature (°C)=37; acceptor pH=7.4; acceptor type=unknown; cell type=unknown"
233,Sufentanil,COCC1(CCN(CC1)CCc1cccs1)N(c1ccccc1)C(=O)CC,CCC(=O)N(c1ccccc1)C1(COC)CCN(CCc2cccs2)CC1,-5.37400000,-5.39696371,-0.02296371,0.02296371,True,Cadaver,"abdomen, thigh",epidermis,heat separation,-20,unknown,0,37,7.4,Potassium phosphate buffer,37,7.4,unknown,unknown,"Roy, 1990",10.1023/A:1015912932416,https://doi.org/10.1023/A:1015912932416,4.21480000,386.20279920,"skin source type=Cadaver; skin source site=abdomen, thigh; used layer=epidermis; skin preparation=heat separation; storage temperature (°C)=-20; storage duration (days)=unknown; neat=0; donor/skin surface temperature (°C)=37; donor pH=7.4; donor type=Potassium phosphate buffer; acceptor temperature (°C)=37; acceptor pH=7.4; acceptor type=unknown; cell type=unknown"
234,Butyl p-aminobenzoate,CCCCOC(=O)c1ccc(cc1)N,CCCCOC(=O)c1ccc(N)cc1,-4.60700000,-5.00240509,-0.39540509,0.39540509,True,Cadaver,thigh,"epidermis, dermis",dermatomed 300um,4,unknown,0,25,unknown,unknown,25,unknown,unknown,Flow through cell,"Roy, 1993",10.1002/jps.2600821217,https://doi.org/10.1002/jps.2600821217,2.22570000,193.11027872,"skin source type=Cadaver; skin source site=thigh; used layer=epidermis, dermis; skin preparation=dermatomed 300um; storage temperature (°C)=4; storage duration (days)=unknown; neat=0; donor/skin surface temperature (°C)=25; donor pH=unknown; donor type=unknown; acceptor temperature (°C)=25; acceptor pH=unknown; acceptor type=unknown; cell type=Flow through cell"
235,Ethyl p-aminobenzoate,CCOC(=O)c1ccc(cc1)N,CCOC(=O)c1ccc(N)cc1,-5.25500000,-5.62783176,-0.37283176,0.37283176,True,Cadaver,thigh,"epidermis, dermis",dermatomed 300um,4,unknown,0,25,unknown,unknown,25,unknown,unknown,Flow through cell,"Roy, 1993",10.1002/jps.2600821217,https://doi.org/10.1002/jps.2600821217,1.44550000,165.07897859,"skin source type=Cadaver; skin source site=thigh; used layer=epidermis, dermis; skin preparation=dermatomed 300um; storage temperature (°C)=4; storage duration (days)=unknown; neat=0; donor/skin surface temperature (°C)=25; donor pH=unknown; donor type=unknown; acceptor temperature (°C)=25; acceptor pH=unknown; acceptor type=unknown; cell type=Flow through cell"
238,Ketorolac,OC(=O)C1CCn2c1ccc2C(=O)c1ccccc1,O=C(c1ccccc1)c1ccc2n1CCC2C(=O)O,-5.79900000,-5.80337992,-0.00437992,0.00437992,True,Cadaver,unknown,"epidermis, dermis",unknown,unknown,unknown,0,32,7.4,unknown,32,7.4,PBS with gentamycine,Franz cell,"Roy, 1995",10.1002/jps.2600841010 ,https://doi.org/10.1002/jps.2600841010,2.29100000,255.08954328,"skin source type=Cadaver; skin source site=unknown; used layer=epidermis, dermis; skin preparation=unknown; storage temperature (°C)=unknown; storage duration (days)=unknown; neat=0; donor/skin surface temperature (°C)=32; donor pH=7.4; donor type=unknown; acceptor temperature (°C)=32; acceptor pH=7.4; acceptor type=PBS with gentamycine; cell type=Franz cell"
239,1-Butanol,CCCCO,CCCCO,-6.15800000,-5.97248886,0.18551114,0.18551114,True,Cadaver,abdomen,epidermis,heat separation,unknown,unknown,0,unknown,unknown,unknown,unknown,unknown,unknown,Pyrex cell,"Scheuplein, 1965",10.1038/jid.1965.140,https://doi.org/10.1038/jid.1965.140,0.77880000,74.07316494,skin source type=Cadaver; skin source site=abdomen; used layer=epidermis; skin preparation=heat separation; storage temperature (°C)=unknown; storage duration (days)=unknown; neat=0; donor/skin surface temperature (°C)=unknown; donor pH=unknown; donor type=unknown; acceptor temperature (°C)=unknown; acceptor pH=unknown; acceptor type=unknown; cell type=Pyrex cell
240,Ethanol,CCO,CCO,-6.55600000,-6.50955460,0.04644540,0.04644540,True,Cadaver,abdomen,epidermis,heat separation,unknown,unknown,0,unknown,unknown,unknown,unknown,unknown,unknown,Pyrex cell,"Scheuplein, 1965",10.1038/jid.1965.140,https://doi.org/10.1038/jid.1965.140,-0.00140000,46.04186481,skin source type=Cadaver; skin source site=abdomen; used layer=epidermis; skin preparation=heat separation; storage temperature (°C)=unknown; storage duration (days)=unknown; neat=0; donor/skin surface temperature (°C)=unknown; donor pH=unknown; donor type=unknown; acceptor temperature (°C)=unknown; acceptor pH=unknown; acceptor type=unknown; cell type=Pyrex cell
241,1-Heptanol,CCCCCCCO,CCCCCCCO,-5.05100000,-5.06142332,-0.01042332,0.01042332,True,Cadaver,abdomen,epidermis,heat separation,unknown,unknown,0,unknown,unknown,unknown,unknown,unknown,unknown,Pyrex cell,"Scheuplein, 1965",10.1038/jid.1965.140,https://doi.org/10.1038/jid.1965.140,1.94910000,116.12011513,skin source type=Cadaver; skin source site=abdomen; used layer=epidermis; skin preparation=heat separation; storage temperature (°C)=unknown; storage duration (days)=unknown; neat=0; donor/skin surface temperature (°C)=unknown; donor pH=unknown; donor type=unknown; acceptor temperature (°C)=unknown; acceptor pH=unknown; acceptor type=unknown; cell type=Pyrex cell
242,1-Hexanol,CCCCCCO,CCCCCCO,-5.44200000,-5.34584214,0.09615786,0.09615786,True,Cadaver,abdomen,epidermis,heat separation,unknown,unknown,0,unknown,unknown,unknown,unknown,unknown,unknown,Pyrex cell,"Scheuplein, 1965",10.1038/jid.1965.140,https://doi.org/10.1038/jid.1965.140,1.55900000,102.10446507,skin source type=Cadaver; skin source site=abdomen; used layer=epidermis; skin preparation=heat separation; storage temperature (°C)=unknown; storage duration (days)=unknown; neat=0; donor/skin surface temperature (°C)=unknown; donor pH=unknown; donor type=unknown; acceptor temperature (°C)=unknown; acceptor pH=unknown; acceptor type=unknown; cell type=Pyrex cell
243,Methanol,CO,CO,-6.55600000,-6.64357114,-0.08757114,0.08757114,True,Cadaver,abdomen,epidermis,heat separation,unknown,unknown,0,unknown,unknown,unknown,unknown,unknown,unknown,Pyrex cell,"Scheuplein, 1965",10.1038/jid.1965.140,https://doi.org/10.1038/jid.1965.140,-0.39150000,32.02621475,skin source type=Cadaver; skin source site=abdomen; used layer=epidermis; skin preparation=heat separation; storage temperature (°C)=unknown; storage duration (days)=unknown; neat=0; donor/skin surface temperature (°C)=unknown; donor pH=unknown; donor type=unknown; acceptor temperature (°C)=unknown; acceptor pH=unknown; acceptor type=unknown; cell type=Pyrex cell
244,1-Octanol,CCCCCCCCO,CCCCCCCCO,-4.84000000,-4.79457938,0.04542062,0.04542062,True,Cadaver,abdomen,epidermis,heat separation,unknown,unknown,0,unknown,unknown,unknown,unknown,unknown,unknown,Pyrex cell,"Scheuplein, 1965",10.1038/jid.1965.140,https://doi.org/10.1038/jid.1965.140,2.33920000,130.13576520,skin source type=Cadaver; skin source site=abdomen; used layer=epidermis; skin preparation=heat separation; storage temperature (°C)=unknown; storage duration (days)=unknown; neat=0; donor/skin surface temperature (°C)=unknown; donor pH=unknown; donor type=unknown; acceptor temperature (°C)=unknown; acceptor pH=unknown; acceptor type=unknown; cell type=Pyrex cell
245,1-Pentanol,CCCCCO,CCCCCO,-5.77800000,-5.83778283,-0.05978283,0.05978283,True,Cadaver,abdomen,epidermis,heat separation,unknown,unknown,0,unknown,unknown,unknown,unknown,unknown,unknown,Pyrex cell,"Scheuplein, 1965",10.1038/jid.1965.140,https://doi.org/10.1038/jid.1965.140,1.16890000,88.08881500,skin source type=Cadaver; skin source site=abdomen; used layer=epidermis; skin preparation=heat separation; storage temperature (°C)=unknown; storage duration (days)=unknown; neat=0; donor/skin surface temperature (°C)=unknown; donor pH=unknown; donor type=unknown; acceptor temperature (°C)=unknown; acceptor pH=unknown; acceptor type=unknown; cell type=Pyrex cell
246,1-Propanol,CCCO,CCCO,-6.41000000,-6.38594988,0.02405012,0.02405012,True,Cadaver,abdomen,epidermis,heat separation,unknown,unknown,0,unknown,unknown,unknown,unknown,unknown,unknown,Pyrex cell,"Scheuplein, 1965",10.1038/jid.1965.140,https://doi.org/10.1038/jid.1965.140,0.38870000,60.05751488,skin source type=Cadaver; skin source site=abdomen; used layer=epidermis; skin preparation=heat separation; storage temperature (°C)=unknown; storage duration (days)=unknown; neat=0; donor/skin surface temperature (°C)=unknown; donor pH=unknown; donor type=unknown; acceptor temperature (°C)=unknown; acceptor pH=unknown; acceptor type=unknown; cell type=Pyrex cell
247,"2,3-Butanediol",CC(C(O)C)O,CC(O)C(C)O,-7.85700000,-7.55467300,0.30232700,0.30232700,True,unknown,unknown,epidermis,unknown,unknown,unknown,0,30,unknown,unknown,30,unknown,unknown,unknown,"Scheuplein, 1967",10.1038/jid.1967.11,https://doi.org/10.1038/jid.1967.11,-0.25200000,90.06807956,skin source type=unknown; skin source site=unknown; used layer=epidermis; skin preparation=unknown; storage temperature (°C)=unknown; storage duration (days)=unknown; neat=0; donor/skin surface temperature (°C)=30; donor pH=unknown; donor type=unknown; acceptor temperature (°C)=30; acceptor pH=unknown; acceptor type=unknown; cell type=unknown
248,Butan-2-one,CCC(=O)C,CCC(C)=O,-5.90300000,-6.34493728,-0.44193728,0.44193728,True,unknown,unknown,epidermis,unknown,unknown,unknown,0,30,unknown,unknown,30,unknown,unknown,unknown,"Scheuplein, 1967",10.1038/jid.1967.11,https://doi.org/10.1038/jid.1967.11,0.98540000,72.05751488,skin source type=unknown; skin source site=unknown; used layer=epidermis; skin preparation=unknown; storage temperature (°C)=unknown; storage duration (days)=unknown; neat=0; donor/skin surface temperature (°C)=30; donor pH=unknown; donor type=unknown; acceptor temperature (°C)=30; acceptor pH=unknown; acceptor type=unknown; cell type=unknown
249,2-Ethoxyethanol,OCCOCC,CCOCCO,-7.15800000,-6.64891502,0.50908498,0.50908498,True,unknown,unknown,epidermis,unknown,unknown,unknown,0,30,unknown,unknown,30,unknown,unknown,unknown,"Scheuplein, 1967",10.1038/jid.1967.11,https://doi.org/10.1038/jid.1967.11,0.01520000,90.06807956,skin source type=unknown; skin source site=unknown; used layer=epidermis; skin preparation=unknown; storage temperature (°C)=unknown; storage duration (days)=unknown; neat=0; donor/skin surface temperature (°C)=30; donor pH=unknown; donor type=unknown; acceptor temperature (°C)=30; acceptor pH=unknown; acceptor type=unknown; cell type=unknown
250,Diethyl ether,CCOCC,CCOCC,-5.32500000,-5.49390726,-0.16890726,0.16890726,True,unknown,unknown,epidermis,unknown,unknown,unknown,0,30,unknown,unknown,30,unknown,unknown,unknown,"Scheuplein, 1967",10.1038/jid.1967.11,https://doi.org/10.1038/jid.1967.11,1.04280000,74.07316494,skin source type=unknown; skin source site=unknown; used layer=epidermis; skin preparation=unknown; storage temperature (°C)=unknown; storage duration (days)=unknown; neat=0; donor/skin surface temperature (°C)=30; donor pH=unknown; donor type=unknown; acceptor temperature (°C)=30; acceptor pH=unknown; acceptor type=unknown; cell type=unknown
251,1-Butanol,CCCCO,CCCCO,-6.07900000,-6.00137486,0.07762514,0.07762514,True,unknown,unknown,epidermis,unknown,unknown,unknown,0,30,unknown,unknown,30,unknown,unknown,unknown,"Scheuplein, 1967",10.1038/jid.1967.11,https://doi.org/10.1038/jid.1967.11,0.77880000,74.07316494,skin source type=unknown; skin source site=unknown; used layer=epidermis; skin preparation=unknown; storage temperature (°C)=unknown; storage duration (days)=unknown; neat=0; donor/skin surface temperature (°C)=30; donor pH=unknown; donor type=unknown; acceptor temperature (°C)=30; acceptor pH=unknown; acceptor type=unknown; cell type=unknown
252,1-Heptanol,CCCCCCCO,CCCCCCCO,-4.98100000,-5.01727365,-0.03627365,0.03627365,True,unknown,unknown,epidermis,unknown,unknown,unknown,0,30,unknown,unknown,30,unknown,unknown,unknown,"Scheuplein, 1967",10.1038/jid.1967.11,https://doi.org/10.1038/jid.1967.11,1.94910000,116.12011513,skin source type=unknown; skin source site=unknown; used layer=epidermis; skin preparation=unknown; storage temperature (°C)=unknown; storage duration (days)=unknown; neat=0; donor/skin surface temperature (°C)=30; donor pH=unknown; donor type=unknown; acceptor temperature (°C)=30; acceptor pH=unknown; acceptor type=unknown; cell type=unknown
253,1-Propanol,CCCO,CCCO,-6.32600000,-6.42203863,-0.09603863,0.09603863,True,unknown,unknown,epidermis,unknown,unknown,unknown,0,30,unknown,unknown,30,unknown,unknown,unknown,"Scheuplein, 1967",10.1038/jid.1967.11,https://doi.org/10.1038/jid.1967.11,0.38870000,60.05751488,skin source type=unknown; skin source site=unknown; used layer=epidermis; skin preparation=unknown; storage temperature (°C)=unknown; storage duration (days)=unknown; neat=0; donor/skin surface temperature (°C)=30; donor pH=unknown; donor type=unknown; acceptor temperature (°C)=30; acceptor pH=unknown; acceptor type=unknown; cell type=unknown
254,Aldosterone,OCC(=O)[C@H]1CC[C@@H]2[C@]1(C=O)C[C@H](O)[C@H]1[C@H]2CCC2=CC(=O)CC[C@]12C,C[C@]12CCC(=O)C=C1CC[C@@H]1[C@@H]2[C@@H](O)C[C@]2(C=O)[C@@H](C(=O)CO)CC[C@@H]12,-9.07900000,-7.95743675,1.12156325,1.12156325,False,unknown,unknown,epidermis,unknown,unknown,unknown,0,26,unknown,unknown,26,unknown,unknown,unknown,"Scheuplein, 1969",10.1038/jid.1969.9,https://doi.org/10.1038/jid.1969.9,1.84570000,360.19367400,skin source type=unknown; skin source site=unknown; used layer=epidermis; skin preparation=unknown; storage temperature (°C)=unknown; storage duration (days)=unknown; neat=0; donor/skin surface temperature (°C)=26; donor pH=unknown; donor type=unknown; acceptor temperature (°C)=26; acceptor pH=unknown; acceptor type=unknown; cell type=unknown
256,Cortexone,OCC(=O)[C@H]1CC[C@@H]2[C@]1(C)CC[C@H]1[C@H]2CCC2=CC(=O)CC[C@]12C,C[C@]12CC[C@H]3[C@@H](CCC4=CC(=O)CC[C@@]43C)[C@@H]1CC[C@@H]2C(=O)CO,-6.90300000,-6.81966170,0.08333830,0.08333830,True,unknown,unknown,epidermis,unknown,unknown,unknown,0,26,unknown,unknown,26,unknown,unknown,unknown,"Scheuplein, 1969",10.1038/jid.1969.9,https://doi.org/10.1038/jid.1969.9,3.69590000,330.21949482,skin source type=unknown; skin source site=unknown; used layer=epidermis; skin preparation=unknown; storage temperature (°C)=unknown; storage duration (days)=unknown; neat=0; donor/skin surface temperature (°C)=26; donor pH=unknown; donor type=unknown; acceptor temperature (°C)=26; acceptor pH=unknown; acceptor type=unknown; cell type=unknown
258,Cortisone,OCC(=O)[C@@]1(O)CC[C@@H]2[C@]1(C)CC(=O)[C@H]1[C@H]2CCC2=CC(=O)CC[C@]12C,C[C@]12CCC(=O)C=C1CC[C@@H]1[C@@H]2C(=O)C[C@@]2(C)[C@H]1CC[C@]2(O)C(=O)CO,-8.55600000,-7.51432383,1.04167617,1.04167617,False,unknown,unknown,epidermis,unknown,unknown,unknown,0,26,unknown,unknown,26,unknown,unknown,unknown,"Scheuplein, 1969",10.1038/jid.1969.9,https://doi.org/10.1038/jid.1969.9,1.98980000,360.19367400,skin source type=unknown; skin source site=unknown; used layer=epidermis; skin preparation=unknown; storage temperature (°C)=unknown; storage duration (days)=unknown; neat=0; donor/skin surface temperature (°C)=26; donor pH=unknown; donor type=unknown; acceptor temperature (°C)=26; acceptor pH=unknown; acceptor type=unknown; cell type=unknown
259,Estradiol,Oc1ccc2c(c1)CC[C@@H]1[C@@H]2CC[C@]2([C@H]1CC[C@@H]2O)C,C[C@]12CC[C@@H]3c4ccc(O)cc4CC[C@H]3[C@@H]1CC[C@@H]2O,-7.07900000,-6.13715294,0.94184706,0.94184706,False,unknown,unknown,epidermis,unknown,unknown,unknown,0,26,unknown,unknown,26,unknown,unknown,unknown,"Scheuplein, 1969",10.1038/jid.1969.9,https://doi.org/10.1038/jid.1969.9,3.60920000,272.17763001,skin source type=unknown; skin source site=unknown; used layer=epidermis; skin preparation=unknown; storage temperature (°C)=unknown; storage duration (days)=unknown; neat=0; donor/skin surface temperature (°C)=26; donor pH=unknown; donor type=unknown; acceptor temperature (°C)=26; acceptor pH=unknown; acceptor type=unknown; cell type=unknown
260,Estriol,Oc1ccc2c(c1)CC[C@@H]1[C@@H]2CC[C@]2([C@H]1C[C@H]([C@@H]2O)O)C,C[C@]12CC[C@@H]3c4ccc(O)cc4CC[C@H]3[C@@H]1C[C@@H](O)[C@@H]2O,-7.95400000,-7.45674154,0.49725846,0.49725846,True,unknown,unknown,epidermis,unknown,unknown,unknown,0,26,unknown,unknown,26,unknown,unknown,unknown,"Scheuplein, 1969",10.1038/jid.1969.9,https://doi.org/10.1038/jid.1969.9,2.58000000,288.17254463,skin source type=unknown; skin source site=unknown; used layer=epidermis; skin preparation=unknown; storage temperature (°C)=unknown; storage duration (days)=unknown; neat=0; donor/skin surface temperature (°C)=26; donor pH=unknown; donor type=unknown; acceptor temperature (°C)=26; acceptor pH=unknown; acceptor type=unknown; cell type=unknown
261,Estrone,Oc1ccc2c(c1)CC[C@@H]1[C@@H]2CC[C@]2([C@H]1CCC2=O)C,C[C@]12CC[C@@H]3c4ccc(O)cc4CC[C@H]3[C@@H]1CCC2=O,-6.00000000,-5.98353807,0.01646193,0.01646193,True,unknown,unknown,epidermis,unknown,unknown,unknown,0,26,unknown,unknown,26,unknown,unknown,unknown,"Scheuplein, 1969",10.1038/jid.1969.9,https://doi.org/10.1038/jid.1969.9,3.81740000,270.16197994,skin source type=unknown; skin source site=unknown; used layer=epidermis; skin preparation=unknown; storage temperature (°C)=unknown; storage duration (days)=unknown; neat=0; donor/skin surface temperature (°C)=26; donor pH=unknown; donor type=unknown; acceptor temperature (°C)=26; acceptor pH=unknown; acceptor type=unknown; cell type=unknown
262,Hydrocortisone,OCC(=O)[C@@]1(O)CC[C@@H]2[C@]1(C)C[C@H](O)[C@H]1[C@H]2CCC2=CC(=O)CC[C@]12C,C[C@]12CCC(=O)C=C1CC[C@@H]1[C@@H]2[C@@H](O)C[C@@]2(C)[C@H]1CC[C@]2(O)C(=O)CO,-9.07900000,-7.45252611,1.62647389,1.62647389,False,unknown,unknown,epidermis,unknown,unknown,unknown,0,26,unknown,unknown,26,unknown,unknown,unknown,"Scheuplein, 1969",10.1038/jid.1969.9,https://doi.org/10.1038/jid.1969.9,1.78160000,362.20932406,skin source type=unknown; skin source site=unknown; used layer=epidermis; skin preparation=unknown; storage temperature (°C)=unknown; storage duration (days)=unknown; neat=0; donor/skin surface temperature (°C)=26; donor pH=unknown; donor type=unknown; acceptor temperature (°C)=26; acceptor pH=unknown; acceptor type=unknown; cell type=unknown
263,Hydroxypregnenolone,CC(=O)[C@H]1CC[C@@H]2[C@]1(C)CC[C@H]1[C@H]2CC=C2[C@]1(C)CCC(C2)(O)O,CC(=O)[C@H]1CC[C@H]2[C@@H]3CC=C4CC(O)(O)CC[C@]4(C)[C@H]3CC[C@]12C,-6.77800000,-6.63788229,0.14011771,0.14011771,True,unknown,unknown,epidermis,unknown,unknown,unknown,0,26,unknown,unknown,26,unknown,unknown,unknown,"Scheuplein, 1969",10.1038/jid.1969.9,https://doi.org/10.1038/jid.1969.9,3.83530000,332.23514488,skin source type=unknown; skin source site=unknown; used layer=epidermis; skin preparation=unknown; storage temperature (°C)=unknown; storage duration (days)=unknown; neat=0; donor/skin surface temperature (°C)=26; donor pH=unknown; donor type=unknown; acceptor temperature (°C)=26; acceptor pH=unknown; acceptor type=unknown; cell type=unknown
264,17-Hydroxyprogesterone,O=C1CC[C@]2(C(=C1)CC[C@@H]1[C@@H]2CC[C@]2([C@H]1CC[C@]2(O)C(=O)C)C)C,CC(=O)[C@@]1(O)CC[C@H]2[C@@H]3CCC4=CC(=O)CC[C@]4(C)[C@H]3CC[C@@]21C,-6.77800000,-6.71324768,0.06475232,0.06475232,True,unknown,unknown,epidermis,unknown,unknown,unknown,0,26,unknown,unknown,26,unknown,unknown,unknown,"Scheuplein, 1969",10.1038/jid.1969.9,https://doi.org/10.1038/jid.1969.9,3.83840000,330.21949482,skin source type=unknown; skin source site=unknown; used layer=epidermis; skin preparation=unknown; storage temperature (°C)=unknown; storage duration (days)=unknown; neat=0; donor/skin surface temperature (°C)=26; donor pH=unknown; donor type=unknown; acceptor temperature (°C)=26; acceptor pH=unknown; acceptor type=unknown; cell type=unknown
265,Pregnenolone,O[C@H]1CC[C@]2(C(=CC[C@@H]3[C@@H]2CC[C@]2([C@H]3CC[C@@H]2C(=O)C)C)C1)C,CC(=O)[C@H]1CC[C@H]2[C@@H]3CC=C4C[C@@H](O)CC[C@]4(C)[C@H]3CC[C@]12C,-6.38000000,-6.25904166,0.12095834,0.12095834,True,unknown,unknown,epidermis,unknown,unknown,unknown,0,26,unknown,unknown,26,unknown,unknown,unknown,"Scheuplein, 1969",10.1038/jid.1969.9,https://doi.org/10.1038/jid.1969.9,4.51530000,316.24023026,skin source type=unknown; skin source site=unknown; used layer=epidermis; skin preparation=unknown; storage temperature (°C)=unknown; storage duration (days)=unknown; neat=0; donor/skin surface temperature (°C)=26; donor pH=unknown; donor type=unknown; acceptor temperature (°C)=26; acceptor pH=unknown; acceptor type=unknown; cell type=unknown
266,Progesterone,O=C1CC[C@]2(C(=C1)CC[C@@H]1[C@@H]2CC[C@]2([C@H]1CC[C@@H]2C(=O)C)C)C,CC(=O)[C@H]1CC[C@H]2[C@@H]3CCC4=CC(=O)CC[C@]4(C)[C@H]3CC[C@]12C,-6.38000000,-5.30472852,1.07527148,1.07527148,False,unknown,unknown,epidermis,unknown,unknown,unknown,0,26,unknown,unknown,26,unknown,unknown,unknown,"Scheuplein, 1969",10.1038/jid.1969.9,https://doi.org/10.1038/jid.1969.9,4.72350000,314.22458020,skin source type=unknown; skin source site=unknown; used layer=epidermis; skin preparation=unknown; storage temperature (°C)=unknown; storage duration (days)=unknown; neat=0; donor/skin surface temperature (°C)=26; donor pH=unknown; donor type=unknown; acceptor temperature (°C)=26; acceptor pH=unknown; acceptor type=unknown; cell type=unknown
267,Testosterone,O=C1CC[C@]2(C(=C1)CC[C@@H]1[C@@H]2CC[C@]2([C@H]1CC[C@@H]2O)C)C,C[C@]12CC[C@H]3[C@@H](CCC4=CC(=O)CC[C@@]43C)[C@@H]1CC[C@@H]2O,-6.95400000,-5.80414200,1.14985800,1.14985800,False,unknown,unknown,epidermis,unknown,unknown,unknown,0,26,unknown,unknown,26,unknown,unknown,unknown,"Scheuplein, 1969",10.1038/jid.1969.9,https://doi.org/10.1038/jid.1969.9,3.87920000,288.20893014,skin source type=unknown; skin source site=unknown; used layer=epidermis; skin preparation=unknown; storage temperature (°C)=unknown; storage duration (days)=unknown; neat=0; donor/skin surface temperature (°C)=26; donor pH=unknown; donor type=unknown; acceptor temperature (°C)=26; acceptor pH=unknown; acceptor type=unknown; cell type=unknown
268,Ethanol,CCO,CCO,-3.65300000,-6.50955460,-2.85655460,2.85655460,False,unknown,unknown,unknown,unknown,unknown,unknown,0,unknown,unknown,unknown,unknown,unknown,unknown,unknown,"Scheuplein, 1971",10.1152/physrev.1971.51.4.702,https://doi.org/10.1152/physrev.1971.51.4.702,-0.00140000,46.04186481,skin source type=unknown; skin source site=unknown; used layer=unknown; skin preparation=unknown; storage temperature (°C)=unknown; storage duration (days)=unknown; neat=0; donor/skin surface temperature (°C)=unknown; donor pH=unknown; donor type=unknown; acceptor temperature (°C)=unknown; acceptor pH=unknown; acceptor type=unknown; cell type=unknown
269,1-Heptanol,CCCCCCCO,CCCCCCCO,-2.05100000,-5.06142332,-3.01042332,3.01042332,False,unknown,unknown,unknown,unknown,unknown,unknown,0,unknown,unknown,unknown,unknown,unknown,unknown,unknown,"Scheuplein, 1971",10.1152/physrev.1971.51.4.702,https://doi.org/10.1152/physrev.1971.51.4.702,1.94910000,116.12011513,skin source type=unknown; skin source site=unknown; used layer=unknown; skin preparation=unknown; storage temperature (°C)=unknown; storage duration (days)=unknown; neat=0; donor/skin surface temperature (°C)=unknown; donor pH=unknown; donor type=unknown; acceptor temperature (°C)=unknown; acceptor pH=unknown; acceptor type=unknown; cell type=unknown
270,1-Hexanol,CCCCCCO,CCCCCCO,-2.44200000,-5.34584214,-2.90384214,2.90384214,False,unknown,unknown,unknown,unknown,unknown,unknown,0,unknown,unknown,unknown,unknown,unknown,unknown,unknown,"Scheuplein, 1971",10.1152/physrev.1971.51.4.702,https://doi.org/10.1152/physrev.1971.51.4.702,1.55900000,102.10446507,skin source type=unknown; skin source site=unknown; used layer=unknown; skin preparation=unknown; storage temperature (°C)=unknown; storage duration (days)=unknown; neat=0; donor/skin surface temperature (°C)=unknown; donor pH=unknown; donor type=unknown; acceptor temperature (°C)=unknown; acceptor pH=unknown; acceptor type=unknown; cell type=unknown
271,Methanol,CO,CO,-3.85700000,-6.64357114,-2.78657114,2.78657114,False,unknown,unknown,unknown,unknown,unknown,unknown,0,unknown,unknown,unknown,unknown,unknown,unknown,unknown,"Scheuplein, 1971",10.1152/physrev.1971.51.4.702,https://doi.org/10.1152/physrev.1971.51.4.702,-0.39150000,32.02621475,skin source type=unknown; skin source site=unknown; used layer=unknown; skin preparation=unknown; storage temperature (°C)=unknown; storage duration (days)=unknown; neat=0; donor/skin surface temperature (°C)=unknown; donor pH=unknown; donor type=unknown; acceptor temperature (°C)=unknown; acceptor pH=unknown; acceptor type=unknown; cell type=unknown
272,1-Nonanol,CCCCCCCCCO,CCCCCCCCCO,-1.77800000,-4.89277587,-3.11477587,3.11477587,False,unknown,unknown,unknown,unknown,unknown,unknown,0,unknown,unknown,unknown,unknown,unknown,unknown,unknown,"Scheuplein, 1971",10.1152/physrev.1971.51.4.702,https://doi.org/10.1152/physrev.1971.51.4.702,2.72930000,144.15141526,skin source type=unknown; skin source site=unknown; used layer=unknown; skin preparation=unknown; storage temperature (°C)=unknown; storage duration (days)=unknown; neat=0; donor/skin surface temperature (°C)=unknown; donor pH=unknown; donor type=unknown; acceptor temperature (°C)=unknown; acceptor pH=unknown; acceptor type=unknown; cell type=unknown
273,1-Octanol,CCCCCCCCO,CCCCCCCCO,-1.84000000,-4.79457938,-2.95457938,2.95457938,False,unknown,unknown,unknown,unknown,unknown,unknown,0,unknown,unknown,unknown,unknown,unknown,unknown,unknown,"Scheuplein, 1971",10.1152/physrev.1971.51.4.702,https://doi.org/10.1152/physrev.1971.51.4.702,2.33920000,130.13576520,skin source type=unknown; skin source site=unknown; used layer=unknown; skin preparation=unknown; storage temperature (°C)=unknown; storage duration (days)=unknown; neat=0; donor/skin surface temperature (°C)=unknown; donor pH=unknown; donor type=unknown; acceptor temperature (°C)=unknown; acceptor pH=unknown; acceptor type=unknown; cell type=unknown
274,1-Propanol,CCCO,CCCO,-3.41000000,-6.38594988,-2.97594988,2.97594988,False,unknown,unknown,unknown,unknown,unknown,unknown,0,unknown,unknown,unknown,unknown,unknown,unknown,unknown,"Scheuplein, 1971",10.1152/physrev.1971.51.4.702,https://doi.org/10.1152/physrev.1971.51.4.702,0.38870000,60.05751488,skin source type=unknown; skin source site=unknown; used layer=unknown; skin preparation=unknown; storage temperature (°C)=unknown; storage duration (days)=unknown; neat=0; donor/skin surface temperature (°C)=unknown; donor pH=unknown; donor type=unknown; acceptor temperature (°C)=unknown; acceptor pH=unknown; acceptor type=unknown; cell type=unknown
275,1-Butanol,CCCCO,CCCCO,-7.77800000,-5.98849686,1.78950314,1.78950314,False,Cadaver,abdomen,epidermis,heat separation,4,unknown,1,25,unknown,unknown,unknown,unknown,Water,Pyrex cell,"Scheuplein, 1973",10.1111/1523-1747.ep12723090,https://doi.org/10.1111/1523-1747.ep12723090,0.77880000,74.07316494,skin source type=Cadaver; skin source site=abdomen; used layer=epidermis; skin preparation=heat separation; storage temperature (°C)=4; storage duration (days)=unknown; neat=1; donor/skin surface temperature (°C)=25; donor pH=unknown; donor type=unknown; acceptor temperature (°C)=unknown; acceptor pH=unknown; acceptor type=Water; cell type=Pyrex cell
276,1-Butanol,CCCCO,CCCCO,-6.15800000,-5.98849686,0.16950314,0.16950314,True,Cadaver,abdomen,epidermis,heat separation,4,unknown,0,25,unknown,unknown,unknown,unknown,Water,Pyrex cell,"Scheuplein, 1973",10.1111/1523-1747.ep12723090,https://doi.org/10.1111/1523-1747.ep12723090,0.77880000,74.07316494,skin source type=Cadaver; skin source site=abdomen; used layer=epidermis; skin preparation=heat separation; storage temperature (°C)=4; storage duration (days)=unknown; neat=0; donor/skin surface temperature (°C)=25; donor pH=unknown; donor type=unknown; acceptor temperature (°C)=unknown; acceptor pH=unknown; acceptor type=Water; cell type=Pyrex cell
277,1-Decanol,CCCCCCCCCCO,CCCCCCCCCCO,-9.65300000,-4.98692431,4.66607569,4.66607569,False,Cadaver,abdomen,epidermis,heat separation,4,unknown,1,25,unknown,unknown,unknown,unknown,Water,Pyrex cell,"Scheuplein, 1973",10.1111/1523-1747.ep12723090,https://doi.org/10.1111/1523-1747.ep12723090,3.11940000,158.16706532,skin source type=Cadaver; skin source site=abdomen; used layer=epidermis; skin preparation=heat separation; storage temperature (°C)=4; storage duration (days)=unknown; neat=1; donor/skin surface temperature (°C)=25; donor pH=unknown; donor type=unknown; acceptor temperature (°C)=unknown; acceptor pH=unknown; acceptor type=Water; cell type=Pyrex cell
278,1-Decanol,CCCCCCCCCCO,CCCCCCCCCCO,-4.65300000,-4.98692431,-0.33392431,0.33392431,True,Cadaver,abdomen,epidermis,heat separation,4,unknown,0,25,unknown,unknown,unknown,unknown,Water,Pyrex cell,"Scheuplein, 1973",10.1111/1523-1747.ep12723090,https://doi.org/10.1111/1523-1747.ep12723090,3.11940000,158.16706532,skin source type=Cadaver; skin source site=abdomen; used layer=epidermis; skin preparation=heat separation; storage temperature (°C)=4; storage duration (days)=unknown; neat=0; donor/skin surface temperature (°C)=25; donor pH=unknown; donor type=unknown; acceptor temperature (°C)=unknown; acceptor pH=unknown; acceptor type=Water; cell type=Pyrex cell
279,Ethanol,CCO,CCO,-6.69900000,-6.54635716,0.15264284,0.15264284,True,Cadaver,abdomen,epidermis,heat separation,4,unknown,1,25,unknown,unknown,unknown,unknown,Water,Pyrex cell,"Scheuplein, 1973",10.1111/1523-1747.ep12723090,https://doi.org/10.1111/1523-1747.ep12723090,-0.00140000,46.04186481,skin source type=Cadaver; skin source site=abdomen; used layer=epidermis; skin preparation=heat separation; storage temperature (°C)=4; storage duration (days)=unknown; neat=1; donor/skin surface temperature (°C)=25; donor pH=unknown; donor type=unknown; acceptor temperature (°C)=unknown; acceptor pH=unknown; acceptor type=Water; cell type=Pyrex cell
280,Ethanol,CCO,CCO,-6.65300000,-6.54635716,0.10664284,0.10664284,True,Cadaver,abdomen,epidermis,heat separation,4,unknown,0,25,unknown,unknown,unknown,unknown,Water,Pyrex cell,"Scheuplein, 1973",10.1111/1523-1747.ep12723090,https://doi.org/10.1111/1523-1747.ep12723090,-0.00140000,46.04186481,skin source type=Cadaver; skin source site=abdomen; used layer=epidermis; skin preparation=heat separation; storage temperature (°C)=4; storage duration (days)=unknown; neat=0; donor/skin surface temperature (°C)=25; donor pH=unknown; donor type=unknown; acceptor temperature (°C)=unknown; acceptor pH=unknown; acceptor type=Water; cell type=Pyrex cell
281,1-Heptanol,CCCCCCCO,CCCCCCCO,-5.05100000,-4.98629365,0.06470635,0.06470635,True,Cadaver,abdomen,epidermis,heat separation,4,unknown,0,25,unknown,unknown,unknown,unknown,Water,Pyrex cell,"Scheuplein, 1973",10.1111/1523-1747.ep12723090,https://doi.org/10.1111/1523-1747.ep12723090,1.94910000,116.12011513,skin source type=Cadaver; skin source site=abdomen; used layer=epidermis; skin preparation=heat separation; storage temperature (°C)=4; storage duration (days)=unknown; neat=0; donor/skin surface temperature (°C)=25; donor pH=unknown; donor type=unknown; acceptor temperature (°C)=unknown; acceptor pH=unknown; acceptor type=Water; cell type=Pyrex cell
282,1-Heptanol,CCCCCCCO,CCCCCCCO,-8.15800000,-4.98629365,3.17170635,3.17170635,False,Cadaver,abdomen,epidermis,heat separation,4,unknown,1,25,unknown,unknown,unknown,unknown,Water,Pyrex cell,"Scheuplein, 1973",10.1111/1523-1747.ep12723090,https://doi.org/10.1111/1523-1747.ep12723090,1.94910000,116.12011513,skin source type=Cadaver; skin source site=abdomen; used layer=epidermis; skin preparation=heat separation; storage temperature (°C)=4; storage duration (days)=unknown; neat=1; donor/skin surface temperature (°C)=25; donor pH=unknown; donor type=unknown; acceptor temperature (°C)=unknown; acceptor pH=unknown; acceptor type=Water; cell type=Pyrex cell
283,1-Hexanol,CCCCCCO,CCCCCCO,-5.44200000,-5.27018096,0.17181904,0.17181904,True,Cadaver,abdomen,epidermis,heat separation,4,unknown,0,25,unknown,unknown,unknown,unknown,Water,Pyrex cell,"Scheuplein, 1973",10.1111/1523-1747.ep12723090,https://doi.org/10.1111/1523-1747.ep12723090,1.55900000,102.10446507,skin source type=Cadaver; skin source site=abdomen; used layer=epidermis; skin preparation=heat separation; storage temperature (°C)=4; storage duration (days)=unknown; neat=0; donor/skin surface temperature (°C)=25; donor pH=unknown; donor type=unknown; acceptor temperature (°C)=unknown; acceptor pH=unknown; acceptor type=Water; cell type=Pyrex cell
284,1-Hexanol,CCCCCCO,CCCCCCO,-7.84000000,-5.27018096,2.56981904,2.56981904,False,Cadaver,abdomen,epidermis,heat separation,4,unknown,1,25,unknown,unknown,unknown,unknown,Water,Pyrex cell,"Scheuplein, 1973",10.1111/1523-1747.ep12723090,https://doi.org/10.1111/1523-1747.ep12723090,1.55900000,102.10446507,skin source type=Cadaver; skin source site=abdomen; used layer=epidermis; skin preparation=heat separation; storage temperature (°C)=4; storage duration (days)=unknown; neat=1; donor/skin surface temperature (°C)=25; donor pH=unknown; donor type=unknown; acceptor temperature (°C)=unknown; acceptor pH=unknown; acceptor type=Water; cell type=Pyrex cell
285,Methanol,CO,CO,-5.53900000,-6.67327972,-1.13427972,1.13427972,False,Cadaver,abdomen,epidermis,heat separation,4,unknown,1,25,unknown,unknown,unknown,unknown,Water,Pyrex cell,"Scheuplein, 1973",10.1111/1523-1747.ep12723090,https://doi.org/10.1111/1523-1747.ep12723090,-0.39150000,32.02621475,skin source type=Cadaver; skin source site=abdomen; used layer=epidermis; skin preparation=heat separation; storage temperature (°C)=4; storage duration (days)=unknown; neat=1; donor/skin surface temperature (°C)=25; donor pH=unknown; donor type=unknown; acceptor temperature (°C)=unknown; acceptor pH=unknown; acceptor type=Water; cell type=Pyrex cell
286,Methanol,CO,CO,-6.85700000,-6.67327972,0.18372028,0.18372028,True,Cadaver,abdomen,epidermis,heat separation,4,unknown,0,25,unknown,unknown,unknown,unknown,Water,Pyrex cell,"Scheuplein, 1973",10.1111/1523-1747.ep12723090,https://doi.org/10.1111/1523-1747.ep12723090,-0.39150000,32.02621475,skin source type=Cadaver; skin source site=abdomen; used layer=epidermis; skin preparation=heat separation; storage temperature (°C)=4; storage duration (days)=unknown; neat=0; donor/skin surface temperature (°C)=25; donor pH=unknown; donor type=unknown; acceptor temperature (°C)=unknown; acceptor pH=unknown; acceptor type=Water; cell type=Pyrex cell
287,1-Nonanol,CCCCCCCCCO,CCCCCCCCCO,-4.77800000,-4.82738482,-0.04938482,0.04938482,True,Cadaver,abdomen,epidermis,heat separation,4,unknown,0,25,unknown,unknown,unknown,unknown,Water,Pyrex cell,"Scheuplein, 1973",10.1111/1523-1747.ep12723090,https://doi.org/10.1111/1523-1747.ep12723090,2.72930000,144.15141526,skin source type=Cadaver; skin source site=abdomen; used layer=epidermis; skin preparation=heat separation; storage temperature (°C)=4; storage duration (days)=unknown; neat=0; donor/skin surface temperature (°C)=25; donor pH=unknown; donor type=unknown; acceptor temperature (°C)=unknown; acceptor pH=unknown; acceptor type=Water; cell type=Pyrex cell
288,1-Nonanol,CCCCCCCCCO,CCCCCCCCCO,-9.07900000,-4.82738482,4.25161518,4.25161518,False,Cadaver,abdomen,epidermis,heat separation,4,unknown,1,25,unknown,unknown,unknown,unknown,Water,Pyrex cell,"Scheuplein, 1973",10.1111/1523-1747.ep12723090,https://doi.org/10.1111/1523-1747.ep12723090,2.72930000,144.15141526,skin source type=Cadaver; skin source site=abdomen; used layer=epidermis; skin preparation=heat separation; storage temperature (°C)=4; storage duration (days)=unknown; neat=1; donor/skin surface temperature (°C)=25; donor pH=unknown; donor type=unknown; acceptor temperature (°C)=unknown; acceptor pH=unknown; acceptor type=Water; cell type=Pyrex cell
289,1-Octanol,CCCCCCCCO,CCCCCCCCO,-4.84000000,-4.73831328,0.10168672,0.10168672,True,Cadaver,abdomen,epidermis,heat separation,4,unknown,0,25,unknown,unknown,unknown,unknown,Water,Pyrex cell,"Scheuplein, 1973",10.1111/1523-1747.ep12723090,https://doi.org/10.1111/1523-1747.ep12723090,2.33920000,130.13576520,skin source type=Cadaver; skin source site=abdomen; used layer=epidermis; skin preparation=heat separation; storage temperature (°C)=4; storage duration (days)=unknown; neat=0; donor/skin surface temperature (°C)=25; donor pH=unknown; donor type=unknown; acceptor temperature (°C)=unknown; acceptor pH=unknown; acceptor type=Water; cell type=Pyrex cell
290,1-Octanol,CCCCCCCCO,CCCCCCCCO,-8.55600000,-4.73831328,3.81768672,3.81768672,False,Cadaver,abdomen,epidermis,heat separation,4,unknown,1,25,unknown,unknown,unknown,unknown,Water,Pyrex cell,"Scheuplein, 1973",10.1111/1523-1747.ep12723090,https://doi.org/10.1111/1523-1747.ep12723090,2.33920000,130.13576520,skin source type=Cadaver; skin source site=abdomen; used layer=epidermis; skin preparation=heat separation; storage temperature (°C)=4; storage duration (days)=unknown; neat=1; donor/skin surface temperature (°C)=25; donor pH=unknown; donor type=unknown; acceptor temperature (°C)=unknown; acceptor pH=unknown; acceptor type=Water; cell type=Pyrex cell
291,1-Pentanol,CCCCCO,CCCCCO,-5.77800000,-5.75408847,0.02391153,0.02391153,True,Cadaver,abdomen,epidermis,heat separation,4,unknown,0,25,unknown,unknown,unknown,unknown,Water,Pyrex cell,"Scheuplein, 1973",10.1111/1523-1747.ep12723090,https://doi.org/10.1111/1523-1747.ep12723090,1.16890000,88.08881500,skin source type=Cadaver; skin source site=abdomen; used layer=epidermis; skin preparation=heat separation; storage temperature (°C)=4; storage duration (days)=unknown; neat=0; donor/skin surface temperature (°C)=25; donor pH=unknown; donor type=unknown; acceptor temperature (°C)=unknown; acceptor pH=unknown; acceptor type=Water; cell type=Pyrex cell
292,1-Pentanol,CCCCCO,CCCCCO,-7.84900000,-5.75408847,2.09491153,2.09491153,False,Cadaver,abdomen,epidermis,heat separation,4,unknown,1,25,unknown,unknown,unknown,unknown,Water,Pyrex cell,"Scheuplein, 1973",10.1111/1523-1747.ep12723090,https://doi.org/10.1111/1523-1747.ep12723090,1.16890000,88.08881500,skin source type=Cadaver; skin source site=abdomen; used layer=epidermis; skin preparation=heat separation; storage temperature (°C)=4; storage duration (days)=unknown; neat=1; donor/skin surface temperature (°C)=25; donor pH=unknown; donor type=unknown; acceptor temperature (°C)=unknown; acceptor pH=unknown; acceptor type=Water; cell type=Pyrex cell
293,1-Propanol,CCCO,CCCO,-6.47700000,-6.40916063,0.06783937,0.06783937,True,Cadaver,abdomen,epidermis,heat separation,4,unknown,0,25,unknown,unknown,unknown,unknown,Water,Pyrex cell,"Scheuplein, 1973",10.1111/1523-1747.ep12723090,https://doi.org/10.1111/1523-1747.ep12723090,0.38870000,60.05751488,skin source type=Cadaver; skin source site=abdomen; used layer=epidermis; skin preparation=heat separation; storage temperature (°C)=4; storage duration (days)=unknown; neat=0; donor/skin surface temperature (°C)=25; donor pH=unknown; donor type=unknown; acceptor temperature (°C)=unknown; acceptor pH=unknown; acceptor type=Water; cell type=Pyrex cell
294,1-Propanol,CCCO,CCCO,-7.35200000,-6.40916063,0.94283937,0.94283937,False,Cadaver,abdomen,epidermis,heat separation,4,unknown,1,25,unknown,unknown,unknown,unknown,Water,Pyrex cell,"Scheuplein, 1973",10.1111/1523-1747.ep12723090,https://doi.org/10.1111/1523-1747.ep12723090,0.38870000,60.05751488,skin source type=Cadaver; skin source site=abdomen; used layer=epidermis; skin preparation=heat separation; storage temperature (°C)=4; storage duration (days)=unknown; neat=1; donor/skin surface temperature (°C)=25; donor pH=unknown; donor type=unknown; acceptor temperature (°C)=unknown; acceptor pH=unknown; acceptor type=Water; cell type=Pyrex cell
295,Betamethasone-17-valerate,CCCCC(=O)OC1(C(C)CC2C1(C)CC(O)C1(C2CCC2=CC(=O)C=CC12C)F)C(=O)CO,CCCCC(=O)OC1(C(=O)CO)C(C)CC2C3CCC4=CC(=O)C=CC4(C)C3(F)C(O)CC21C,-6.49600000,-6.46176722,0.03423278,0.03423278,True,unknown,abdomen,dermis,heat separation,-20,unknown,0,25,unknown,unknown,25,unknown,unknown,Glass diffusion cell,"Siddiqui, 1989",10.1007/bf01061455,https://doi.org/10.1007/bf01061455,3.63680000,476.25741712,skin source type=unknown; skin source site=abdomen; used layer=dermis; skin preparation=heat separation; storage temperature (°C)=-20; storage duration (days)=unknown; neat=0; donor/skin surface temperature (°C)=25; donor pH=unknown; donor type=unknown; acceptor temperature (°C)=25; acceptor pH=unknown; acceptor type=unknown; cell type=Glass diffusion cell
297,Hydrocortisone,OCC(=O)[C@@]1(O)CC[C@@H]2[C@]1(C)C[C@H](O)[C@H]1[C@H]2CCC2=CC(=O)CC[C@]12C,C[C@]12CCC(=O)C=C1CC[C@@H]1[C@@H]2[C@@H](O)C[C@@]2(C)[C@H]1CC[C@]2(O)C(=O)CO,-9.10600000,-7.45466450,1.65133550,1.65133550,False,unknown,abdomen,dermis,heat separation,-20,unknown,0,25,unknown,unknown,25,unknown,unknown,Glass diffusion cell,"Siddiqui, 1989",10.1007/bf01061455,https://doi.org/10.1007/bf01061455,1.78160000,362.20932406,skin source type=unknown; skin source site=abdomen; used layer=dermis; skin preparation=heat separation; storage temperature (°C)=-20; storage duration (days)=unknown; neat=0; donor/skin surface temperature (°C)=25; donor pH=unknown; donor type=unknown; acceptor temperature (°C)=25; acceptor pH=unknown; acceptor type=unknown; cell type=Glass diffusion cell
298,Prednisolone,OCC(=O)[C@@]1(O)CC[C@@H]2[C@]1(C)C[C@H](O)[C@H]1[C@H]2CCC2=CC(=O)C=C[C@]12C,C[C@]12C=CC(=O)C=C1CC[C@@H]1[C@@H]2[C@@H](O)C[C@@]2(C)[C@H]1CC[C@]2(O)C(=O)CO,-7.90600000,-7.74241974,0.16358026,0.16358026,True,unknown,abdomen,dermis,heat separation,-20,unknown,0,25,unknown,unknown,25,unknown,unknown,Glass diffusion cell,"Siddiqui, 1989",10.1007/bf01061455,https://doi.org/10.1007/bf01061455,1.55760000,360.19367400,skin source type=unknown; skin source site=abdomen; used layer=dermis; skin preparation=heat separation; storage temperature (°C)=-20; storage duration (days)=unknown; neat=0; donor/skin surface temperature (°C)=25; donor pH=unknown; donor type=unknown; acceptor temperature (°C)=25; acceptor pH=unknown; acceptor type=unknown; cell type=Glass diffusion cell
299,Testosterone,O=C1CC[C@]2(C(=C1)CC[C@@H]1[C@@H]2CC[C@]2([C@H]1CC[C@@H]2O)C)C,C[C@]12CC[C@H]3[C@@H](CCC4=CC(=O)CC[C@@]43C)[C@@H]1CC[C@@H]2O,-6.62600000,-5.79805027,0.82794973,0.82794973,False,unknown,abdomen,dermis,heat separation,-20,unknown,0,25,unknown,unknown,25,unknown,unknown,Glass diffusion cell,"Siddiqui, 1989",10.1007/bf01061455,https://doi.org/10.1007/bf01061455,3.87920000,288.20893014,skin source type=unknown; skin source site=abdomen; used layer=dermis; skin preparation=heat separation; storage temperature (°C)=-20; storage duration (days)=unknown; neat=0; donor/skin surface temperature (°C)=25; donor pH=unknown; donor type=unknown; acceptor temperature (°C)=25; acceptor pH=unknown; acceptor type=unknown; cell type=Glass diffusion cell
300,Triamcinolone,OCC(=O)[C@@]1(O)[C@H](O)C[C@@H]2[C@]1(C)C[C@H](O)[C@]1([C@H]2CCC2=CC(=O)C=C[C@]12C)F,C[C@]12C=CC(=O)C=C1CC[C@H]1[C@@H]3C[C@@H](O)[C@](O)(C(=O)CO)[C@@]3(C)C[C@H](O)[C@@]12F,-8.95600000,-8.64571184,0.31028816,0.31028816,True,unknown,abdomen,dermis,heat separation,-20,unknown,0,25,unknown,unknown,25,unknown,unknown,Glass diffusion cell,"Siddiqui, 1989",10.1007/bf01061455,https://doi.org/10.1007/bf01061455,0.62050000,394.17916680,skin source type=unknown; skin source site=abdomen; used layer=dermis; skin preparation=heat separation; storage temperature (°C)=-20; storage duration (days)=unknown; neat=0; donor/skin surface temperature (°C)=25; donor pH=unknown; donor type=unknown; acceptor temperature (°C)=25; acceptor pH=unknown; acceptor type=unknown; cell type=Glass diffusion cell
302,Flurbiprofen,OC(=O)C(c1ccc(c(c1)F)c1ccccc1)C,CC(C(=O)O)c1ccc(-c2ccccc2)c(F)c1,-5.33100000,-5.84809304,-0.51709304,0.51709304,True,Abdominoplasty,abdomen,epidermis,heat separation,-20,unknown,0,37,7,PBS,37,7.4,PBS,Franz cell,"Swart, 2005",10.1016/j.ijpharm.2005.05.030,https://doi.org/10.1016/j.ijpharm.2005.05.030,3.68080000,244.08995788,skin source type=Abdominoplasty; skin source site=abdomen; used layer=epidermis; skin preparation=heat separation; storage temperature (°C)=-20; storage duration (days)=unknown; neat=0; donor/skin surface temperature (°C)=37; donor pH=7; donor type=PBS; acceptor temperature (°C)=37; acceptor pH=7.4; acceptor type=PBS; cell type=Franz cell
303,Flurbiprofen glucoside,OC1O[C@H](COC(=O)C(c2ccc(c(c2)F)c2ccccc2)C)[C@H]([C@@H]([C@H]1O)O)O,CC(C(=O)OC[C@H]1OC(O)[C@H](O)[C@@H](O)[C@@H]1O)c1ccc(-c2ccccc2)c(F)c1,-6.47700000,-6.95449299,-0.47749299,0.47749299,True,Abdominoplasty,abdomen,epidermis,heat separation,-20,unknown,0,37,7,PBS,37,7.4,PBS,Franz cell,"Swart, 2005",10.1016/j.ijpharm.2005.05.030,https://doi.org/10.1016/j.ijpharm.2005.05.030,0.93930000,406.14278130,skin source type=Abdominoplasty; skin source site=abdomen; used layer=epidermis; skin preparation=heat separation; storage temperature (°C)=-20; storage duration (days)=unknown; neat=0; donor/skin surface temperature (°C)=37; donor pH=7; donor type=PBS; acceptor temperature (°C)=37; acceptor pH=7.4; acceptor type=PBS; cell type=Franz cell
304,Flurbiprofen mannoside,OC1O[C@H](COC(=O)C(c2ccc(c(c2)F)c2ccccc2)C)[C@H]([C@@H]([C@@H]1O)O)O,CC(C(=O)OC[C@H]1OC(O)[C@@H](O)[C@@H](O)[C@@H]1O)c1ccc(-c2ccccc2)c(F)c1,-6.93500000,-6.95449299,-0.01949299,0.01949299,True,Abdominoplasty,abdomen,epidermis,heat separation,-20,unknown,0,37,7,PBS,37,7.4,PBS,Franz cell,"Swart, 2005",10.1016/j.ijpharm.2005.05.030,https://doi.org/10.1016/j.ijpharm.2005.05.030,0.93930000,406.14278130,skin source type=Abdominoplasty; skin source site=abdomen; used layer=epidermis; skin preparation=heat separation; storage temperature (°C)=-20; storage duration (days)=unknown; neat=0; donor/skin surface temperature (°C)=37; donor pH=7; donor type=PBS; acceptor temperature (°C)=37; acceptor pH=7.4; acceptor type=PBS; cell type=Franz cell
305,Ibuprofen,CC(Cc1ccc(cc1)C(C(=O)O)C)C,CC(C)Cc1ccc(C(C)C(=O)O)cc1,-5.50300000,-5.53980265,-0.03680265,0.03680265,True,Abdominoplasty,abdomen,epidermis,heat separation,-20,unknown,0,37,7,PBS,37,7.4,PBS,Franz cell,"Swart, 2005",10.1016/j.ijpharm.2005.05.030,https://doi.org/10.1016/j.ijpharm.2005.05.030,3.07320000,206.13067982,skin source type=Abdominoplasty; skin source site=abdomen; used layer=epidermis; skin preparation=heat separation; storage temperature (°C)=-20; storage duration (days)=unknown; neat=0; donor/skin surface temperature (°C)=37; donor pH=7; donor type=PBS; acceptor temperature (°C)=37; acceptor pH=7.4; acceptor type=PBS; cell type=Franz cell
306,Ibuprofen glucoside,CC(Cc1ccc(cc1)C(C(=O)OC[C@H]1OC(O)[C@@H]([C@H]([C@@H]1O)O)O)C)C,CC(C)Cc1ccc(C(C)C(=O)OC[C@H]2OC(O)[C@H](O)[C@@H](O)[C@@H]2O)cc1,-6.94500000,-7.07021411,-0.12521411,0.12521411,True,Abdominoplasty,abdomen,epidermis,heat separation,-20,unknown,0,37,7,PBS,37,7.4,PBS,Franz cell,"Swart, 2005",10.1016/j.ijpharm.2005.05.030,https://doi.org/10.1016/j.ijpharm.2005.05.030,0.33170000,368.18350324,skin source type=Abdominoplasty; skin source site=abdomen; used layer=epidermis; skin preparation=heat separation; storage temperature (°C)=-20; storage duration (days)=unknown; neat=0; donor/skin surface temperature (°C)=37; donor pH=7; donor type=PBS; acceptor temperature (°C)=37; acceptor pH=7.4; acceptor type=PBS; cell type=Franz cell
307,Ibuprofen mannoside,CC(Cc1ccc(cc1)C(C(=O)OC[C@H]1OC(O)[C@H]([C@H]([C@@H]1O)O)O)C)C,CC(C)Cc1ccc(C(C)C(=O)OC[C@H]2OC(O)[C@@H](O)[C@@H](O)[C@@H]2O)cc1,-6.54800000,-7.07021411,-0.52221411,0.52221411,True,Abdominoplasty,abdomen,epidermis,heat separation,-20,unknown,0,37,7,PBS,37,7.4,PBS,Franz cell,"Swart, 2005",10.1016/j.ijpharm.2005.05.030,https://doi.org/10.1016/j.ijpharm.2005.05.030,0.33170000,368.18350324,skin source type=Abdominoplasty; skin source site=abdomen; used layer=epidermis; skin preparation=heat separation; storage temperature (°C)=-20; storage duration (days)=unknown; neat=0; donor/skin surface temperature (°C)=37; donor pH=7; donor type=PBS; acceptor temperature (°C)=37; acceptor pH=7.4; acceptor type=PBS; cell type=Franz cell
308,Ketoprofen,OC(=O)C(c1cccc(c1)C(=O)c1ccccc1)C,CC(C(=O)O)c1cccc(C(=O)c2ccccc2)c1,-6.15100000,-6.11446130,0.03653870,0.03653870,True,Abdominoplasty,abdomen,epidermis,heat separation,-20,unknown,0,37,7,PBS,37,7.4,PBS,Franz cell,"Swart, 2005",10.1016/j.ijpharm.2005.05.030,https://doi.org/10.1016/j.ijpharm.2005.05.030,3.10570000,254.09429431,skin source type=Abdominoplasty; skin source site=abdomen; used layer=epidermis; skin preparation=heat separation; storage temperature (°C)=-20; storage duration (days)=unknown; neat=0; donor/skin surface temperature (°C)=37; donor pH=7; donor type=PBS; acceptor temperature (°C)=37; acceptor pH=7.4; acceptor type=PBS; cell type=Franz cell
313,Naproxen mannoside,COc1ccc2c(c1)ccc(c2)[C@@H](C(=O)OC[C@H]1OC(O)[C@H]([C@H]([C@@H]1O)O)O)C,COc1ccc2cc([C@H](C)C(=O)OC[C@H]3OC(O)[C@@H](O)[C@@H](O)[C@@H]3O)ccc2c1,-7.70000000,-7.25062739,0.44937261,0.44937261,True,Abdominoplasty,abdomen,epidermis,heat separation,-20,unknown,0,37,7,PBS,37,7.4,PBS,Franz cell,"Swart, 2005",10.1016/j.ijpharm.2005.05.030,https://doi.org/10.1016/j.ijpharm.2005.05.030,0.29500000,392.14711773,skin source type=Abdominoplasty; skin source site=abdomen; used layer=epidermis; skin preparation=heat separation; storage temperature (°C)=-20; storage duration (days)=unknown; neat=0; donor/skin surface temperature (°C)=37; donor pH=7; donor type=PBS; acceptor temperature (°C)=37; acceptor pH=7.4; acceptor type=PBS; cell type=Franz cell
314,Aspartic acid,OC(=O)CC(C(=O)O)N,NC(CC(=O)O)C(=O)O,-7.43200000,-7.63349631,-0.20149631,0.20149631,True,Cadaver,thigh,"epidermis, dermis",dermatomed 500um,-20,unknown,0,unknown,3.4,NaCl solution,37,7.3,NaCl solution,Glass diffusion cell,"Sznitowska, 1993",10.1016/0378-5173(93)90321-6,https://doi.org/10.1016/0378-5173(93)90321-6,-1.12700000,133.03750770,"skin source type=Cadaver; skin source site=thigh; used layer=epidermis, dermis; skin preparation=dermatomed 500um; storage temperature (°C)=-20; storage duration (days)=unknown; neat=0; donor/skin surface temperature (°C)=unknown; donor pH=3.4; donor type=NaCl solution; acceptor temperature (°C)=37; acceptor pH=7.3; acceptor type=NaCl solution; cell type=Glass diffusion cell"
315,Aspartic acid,OC(=O)CC(C(=O)O)N,NC(CC(=O)O)C(=O)O,-7.58500000,-7.63349631,-0.04849631,0.04849631,True,Cadaver,thigh,"epidermis, dermis",dermatomed 500um,-20,unknown,0,unknown,7.3,NaCl solution,37,7.3,NaCl solution,Glass diffusion cell,"Sznitowska, 1993",10.1016/0378-5173(93)90321-6,https://doi.org/10.1016/0378-5173(93)90321-6,-1.12700000,133.03750770,"skin source type=Cadaver; skin source site=thigh; used layer=epidermis, dermis; skin preparation=dermatomed 500um; storage temperature (°C)=-20; storage duration (days)=unknown; neat=0; donor/skin surface temperature (°C)=unknown; donor pH=7.3; donor type=NaCl solution; acceptor temperature (°C)=37; acceptor pH=7.3; acceptor type=NaCl solution; cell type=Glass diffusion cell"
316,Histidine,N[C@H](C(=O)O)Cc1c[nH]cn1,N[C@@H](Cc1c[nH]cn1)C(=O)O,-7.90700000,-7.59313163,0.31386837,0.31386837,True,Cadaver,thigh,"epidermis, dermis",dermatomed 500um,-20,unknown,0,unknown,5,NaCl solution,37,7.3,NaCl solution,Glass diffusion cell,"Sznitowska, 1993",10.1016/0378-5173(93)90321-6,https://doi.org/10.1016/0378-5173(93)90321-6,-0.63590000,155.06947653,"skin source type=Cadaver; skin source site=thigh; used layer=epidermis, dermis; skin preparation=dermatomed 500um; storage temperature (°C)=-20; storage duration (days)=unknown; neat=0; donor/skin surface temperature (°C)=unknown; donor pH=5; donor type=NaCl solution; acceptor temperature (°C)=37; acceptor pH=7.3; acceptor type=NaCl solution; cell type=Glass diffusion cell"
317,Histidine,N[C@H](C(=O)O)Cc1c[nH]cn1,N[C@@H](Cc1c[nH]cn1)C(=O)O,-7.81200000,-7.59313163,0.21886837,0.21886837,True,Cadaver,thigh,"epidermis, dermis",dermatomed 500um,-20,unknown,0,unknown,7.3,NaCl solution,37,7.3,NaCl solution,Glass diffusion cell,"Sznitowska, 1993",10.1016/0378-5173(93)90321-6,https://doi.org/10.1016/0378-5173(93)90321-6,-0.63590000,155.06947653,"skin source type=Cadaver; skin source site=thigh; used layer=epidermis, dermis; skin preparation=dermatomed 500um; storage temperature (°C)=-20; storage duration (days)=unknown; neat=0; donor/skin surface temperature (°C)=unknown; donor pH=7.3; donor type=NaCl solution; acceptor temperature (°C)=37; acceptor pH=7.3; acceptor type=NaCl solution; cell type=Glass diffusion cell"
318,Histidine,N[C@H](C(=O)O)Cc1c[nH]cn1,N[C@@H](Cc1c[nH]cn1)C(=O)O,-7.90300000,-7.59313163,0.30986837,0.30986837,True,Cadaver,thigh,"epidermis, dermis",dermatomed 500um,-20,unknown,0,unknown,8.5,NaCl solution,37,7.3,NaCl solution,Glass diffusion cell,"Sznitowska, 1993",10.1016/0378-5173(93)90321-6,https://doi.org/10.1016/0378-5173(93)90321-6,-0.63590000,155.06947653,"skin source type=Cadaver; skin source site=thigh; used layer=epidermis, dermis; skin preparation=dermatomed 500um; storage temperature (°C)=-20; storage duration (days)=unknown; neat=0; donor/skin surface temperature (°C)=unknown; donor pH=8.5; donor type=NaCl solution; acceptor temperature (°C)=37; acceptor pH=7.3; acceptor type=NaCl solution; cell type=Glass diffusion cell"
319,Lysine,NCCCC[C@@H](C(=O)O)N,NCCCC[C@H](N)C(=O)O,-7.32800000,-7.15895321,0.16904679,0.16904679,True,Cadaver,thigh,"epidermis, dermis",dermatomed 500um,-20,unknown,0,unknown,7.3,NaCl solution,37,7.3,NaCl solution,Glass diffusion cell,"Sznitowska, 1993",10.1016/0378-5173(93)90321-6,https://doi.org/10.1016/0378-5173(93)90321-6,-0.47270000,146.10552769,"skin source type=Cadaver; skin source site=thigh; used layer=epidermis, dermis; skin preparation=dermatomed 500um; storage temperature (°C)=-20; storage duration (days)=unknown; neat=0; donor/skin surface temperature (°C)=unknown; donor pH=7.3; donor type=NaCl solution; acceptor temperature (°C)=37; acceptor pH=7.3; acceptor type=NaCl solution; cell type=Glass diffusion cell"
320,Lysine,NCCCC[C@@H](C(=O)O)N,NCCCC[C@H](N)C(=O)O,-6.86000000,-7.15895321,-0.29895321,0.29895321,True,Cadaver,thigh,"epidermis, dermis",dermatomed 500um,-20,unknown,0,unknown,8.9,NaCl solution,37,7.3,NaCl solution,Glass diffusion cell,"Sznitowska, 1993",10.1016/0378-5173(93)90321-6,https://doi.org/10.1016/0378-5173(93)90321-6,-0.47270000,146.10552769,"skin source type=Cadaver; skin source site=thigh; used layer=epidermis, dermis; skin preparation=dermatomed 500um; storage temperature (°C)=-20; storage duration (days)=unknown; neat=0; donor/skin surface temperature (°C)=unknown; donor pH=8.9; donor type=NaCl solution; acceptor temperature (°C)=37; acceptor pH=7.3; acceptor type=NaCl solution; cell type=Glass diffusion cell"
322,Chloral hydrate,OC(C(Cl)(Cl)Cl)O,OC(O)C(Cl)(Cl)Cl,-5.96500000,-6.34450184,-0.37950184,0.37950184,True,Cadaver,torso,"epidermis, dermis",dermatomed 250-280um,-20,unknown,0,37,unknown,Water,37,7.4,PBS,Glass diffusion cell,"Trabaris, 2012",10.1002/jat.1657,https://doi.org/10.1002/jat.1657,0.66730000,163.91986238,"skin source type=Cadaver; skin source site=torso; used layer=epidermis, dermis; skin preparation=dermatomed 250-280um; storage temperature (°C)=-20; storage duration (days)=unknown; neat=0; donor/skin surface temperature (°C)=37; donor pH=unknown; donor type=Water; acceptor temperature (°C)=37; acceptor pH=7.4; acceptor type=PBS; cell type=Glass diffusion cell"
328,Levosimendan,N#CC(=NNc1ccc(cc1)C1=NNC(=O)C[C@H]1C)C#N,C[C@@H]1CC(=O)NN=C1c1ccc(NN=C(C#N)C#N)cc1,-6.48400000,-6.21604654,0.26795346,0.26795346,True,Cadaver,abdomen,epidermis,heat separation,unknown,unknown,0,25,5,Acetate solution,25,unknown,unknown,Glass diffusion cell,"Valjakka-Koskela, 2000",10.1016/S0928-0987(00)00120-2,https://doi.org/10.1016/S0928-0987(00)00120-2,1.36176000,280.10725900,skin source type=Cadaver; skin source site=abdomen; used layer=epidermis; skin preparation=heat separation; storage temperature (°C)=unknown; storage duration (days)=unknown; neat=0; donor/skin surface temperature (°C)=25; donor pH=5; donor type=Acetate solution; acceptor temperature (°C)=25; acceptor pH=unknown; acceptor type=unknown; cell type=Glass diffusion cell
329,Levosimendan,N#CC(=NNc1ccc(cc1)C1=NNC(=O)C[C@H]1C)C#N,C[C@@H]1CC(=O)NN=C1c1ccc(NN=C(C#N)C#N)cc1,-7.95400000,-6.14350244,1.81049756,1.81049756,False,Cadaver,abdomen,epidermis,heat separation,unknown,unknown,0,unknown,7.4,PBS,unknown,unknown,unknown,Glass diffusion cell,"Valjakka-Koskela, 2000",10.1016/S0928-0987(00)00120-2,https://doi.org/10.1016/S0928-0987(00)00120-2,1.36176000,280.10725900,skin source type=Cadaver; skin source site=abdomen; used layer=epidermis; skin preparation=heat separation; storage temperature (°C)=unknown; storage duration (days)=unknown; neat=0; donor/skin surface temperature (°C)=unknown; donor pH=7.4; donor type=PBS; acceptor temperature (°C)=unknown; acceptor pH=unknown; acceptor type=unknown; cell type=Glass diffusion cell
332,Ethylene glycol mono isopropyl ether,OCCOC(C)C,CC(C)OCCO,-6.91300000,-6.70777923,0.20522077,0.20522077,True,Surgery,abdomen,"epidermis, dermis",fat removed,-25,120,0,unknown,unknown,unknown,32,unknown,NaCl solution,Franz cell,"Venier, 2004",10.1016/j.tiv.2004.03.004,https://doi.org/10.1016/j.tiv.2004.03.004,0.40370000,104.08372962,"skin source type=Surgery; skin source site=abdomen; used layer=epidermis, dermis; skin preparation=fat removed; storage temperature (°C)=-25; storage duration (days)=120; neat=0; donor/skin surface temperature (°C)=unknown; donor pH=unknown; donor type=unknown; acceptor temperature (°C)=32; acceptor pH=unknown; acceptor type=NaCl solution; cell type=Franz cell"
333,Ethylene glycol mono methyl ether acetate,COCCOC(=O)C,COCCOC(C)=O,-6.29900000,-6.13496448,0.16403552,0.16403552,True,Surgery,abdomen,"epidermis, dermis",fat removed,-25,120,0,unknown,unknown,unknown,32,unknown,NaCl solution,Franz cell,"Venier, 2004",10.1016/j.tiv.2004.03.004,https://doi.org/10.1016/j.tiv.2004.03.004,0.19590000,118.06299418,"skin source type=Surgery; skin source site=abdomen; used layer=epidermis, dermis; skin preparation=fat removed; storage temperature (°C)=-25; storage duration (days)=120; neat=0; donor/skin surface temperature (°C)=unknown; donor pH=unknown; donor type=unknown; acceptor temperature (°C)=32; acceptor pH=unknown; acceptor type=NaCl solution; cell type=Franz cell"
334,2-Propoxyethanol,CCCOCCO,CCCOCCO,-6.54300000,-6.46161253,0.08138747,0.08138747,True,Surgery,abdomen,"epidermis, dermis",fat removed,-25,120,0,unknown,unknown,unknown,32,unknown,NaCl solution,Franz cell,"Venier, 2004",10.1016/j.tiv.2004.03.004,https://doi.org/10.1016/j.tiv.2004.03.004,0.40530000,104.08372962,"skin source type=Surgery; skin source site=abdomen; used layer=epidermis, dermis; skin preparation=fat removed; storage temperature (°C)=-25; storage duration (days)=120; neat=0; donor/skin surface temperature (°C)=unknown; donor pH=unknown; donor type=unknown; acceptor temperature (°C)=32; acceptor pH=unknown; acceptor type=NaCl solution; cell type=Franz cell"
337,Ethylene glycol mono isopropyl ether,OCCOC(C)C,CC(C)OCCO,-7.12500000,-6.70777923,0.41722077,0.41722077,True,Surgery,abdomen,"epidermis, dermis",fat removed,-25,120,1,unknown,unknown,unknown,32,unknown,NaCl solution,Franz cell,"Venier, 2004",10.1016/j.tiv.2004.03.004,https://doi.org/10.1016/j.tiv.2004.03.004,0.40370000,104.08372962,"skin source type=Surgery; skin source site=abdomen; used layer=epidermis, dermis; skin preparation=fat removed; storage temperature (°C)=-25; storage duration (days)=120; neat=1; donor/skin surface temperature (°C)=unknown; donor pH=unknown; donor type=unknown; acceptor temperature (°C)=32; acceptor pH=unknown; acceptor type=NaCl solution; cell type=Franz cell"
338,Ethylene glycol mono methyl ether acetate,COCCOC(=O)C,COCCOC(C)=O,-6.63700000,-6.13496448,0.50203552,0.50203552,True,Surgery,abdomen,"epidermis, dermis",fat removed,-25,120,1,unknown,unknown,unknown,32,unknown,NaCl solution,Franz cell,"Venier, 2004",10.1016/j.tiv.2004.03.004,https://doi.org/10.1016/j.tiv.2004.03.004,0.19590000,118.06299418,"skin source type=Surgery; skin source site=abdomen; used layer=epidermis, dermis; skin preparation=fat removed; storage temperature (°C)=-25; storage duration (days)=120; neat=1; donor/skin surface temperature (°C)=unknown; donor pH=unknown; donor type=unknown; acceptor temperature (°C)=32; acceptor pH=unknown; acceptor type=NaCl solution; cell type=Franz cell"
339,2-Propoxyethanol,CCCOCCO,CCCOCCO,-6.92300000,-6.46161253,0.46138747,0.46138747,True,Surgery,abdomen,"epidermis, dermis",fat removed,-25,120,1,unknown,unknown,unknown,32,unknown,NaCl solution,Franz cell,"Venier, 2004",10.1016/j.tiv.2004.03.004,https://doi.org/10.1016/j.tiv.2004.03.004,0.40530000,104.08372962,"skin source type=Surgery; skin source site=abdomen; used layer=epidermis, dermis; skin preparation=fat removed; storage temperature (°C)=-25; storage duration (days)=120; neat=1; donor/skin surface temperature (°C)=unknown; donor pH=unknown; donor type=unknown; acceptor temperature (°C)=32; acceptor pH=unknown; acceptor type=NaCl solution; cell type=Franz cell"
340,Acyclovir,Nc1nc(=O)c2c([nH]1)n(COCCO)cn2,Nc1nc(=O)c2ncn(COCCO)c2[nH]1,-7.07900000,-6.88129809,0.19770191,0.19770191,True,Abdominoplasty,abdomen,"epidermis, dermis",fat removed,unknown,unknown,0,unknown,7.4,PBS,unknown,7.4,PBS,Franz cell,"Volpato, 1998",10.1016/S0168-3659(97)00152-1,https://doi.org/10.1016/S0168-3659(97)00152-1,-1.33180000,225.08618921,"skin source type=Abdominoplasty; skin source site=abdomen; used layer=epidermis, dermis; skin preparation=fat removed; storage temperature (°C)=unknown; storage duration (days)=unknown; neat=0; donor/skin surface temperature (°C)=unknown; donor pH=7.4; donor type=PBS; acceptor temperature (°C)=unknown; acceptor pH=7.4; acceptor type=PBS; cell type=Franz cell"
341,1-Methoxy-2-Propanol,COCC(O)C,COCC(C)O,-6.39700000,-6.80702636,-0.41002636,0.41002636,True,Mammaplasty,breast,"epidermis, dermis",dermatomed 330um,-70,unknown,0,unknown,7.4,unknown,32,7.4,"Eagle’s Minimal Essential Medium, sodium hydrogen carbonate, gentamicin",Glass diffusion cell,"Wilkinson, 2002",10.1007/s00420-002-0367-8,https://doi.org/10.1007/s00420-002-0367-8,0.01360000,90.06807956,"skin source type=Mammaplasty; skin source site=breast; used layer=epidermis, dermis; skin preparation=dermatomed 330um; storage temperature (°C)=-70; storage duration (days)=unknown; neat=0; donor/skin surface temperature (°C)=unknown; donor pH=7.4; donor type=unknown; acceptor temperature (°C)=32; acceptor pH=7.4; acceptor type=Eagle’s Minimal Essential Medium, sodium hydrogen carbonate, gentamicin; cell type=Glass diffusion cell"
342,2-Butoxyethanol,CCCCOCCO,CCCCOCCO,-5.26800000,-5.79545676,-0.52745676,0.52745676,True,Mammaplasty,breast,"epidermis, dermis",dermatomed 330um,-70,unknown,0,unknown,7.4,unknown,32,7.4,"Eagle’s Minimal Essential Medium, sodium hydrogen carbonate, gentamicin",Glass diffusion cell,"Wilkinson, 2002",10.1007/s00420-002-0367-8,https://doi.org/10.1007/s00420-002-0367-8,0.79540000,118.09937969,"skin source type=Mammaplasty; skin source site=breast; used layer=epidermis, dermis; skin preparation=dermatomed 330um; storage temperature (°C)=-70; storage duration (days)=unknown; neat=0; donor/skin surface temperature (°C)=unknown; donor pH=7.4; donor type=unknown; acceptor temperature (°C)=32; acceptor pH=7.4; acceptor type=Eagle’s Minimal Essential Medium, sodium hydrogen carbonate, gentamicin; cell type=Glass diffusion cell"
343,2-Ethoxyethanol,OCCOCC,CCOCCO,-5.63400000,-6.63506730,-1.00106730,1.00106730,False,Mammaplasty,breast,"epidermis, dermis",dermatomed 330um,-70,unknown,0,unknown,7.4,unknown,32,7.4,"Eagle’s Minimal Essential Medium, sodium hydrogen carbonate, gentamicin",Glass diffusion cell,"Wilkinson, 2002",10.1007/s00420-002-0367-8,https://doi.org/10.1007/s00420-002-0367-8,0.01520000,90.06807956,"skin source type=Mammaplasty; skin source site=breast; used layer=epidermis, dermis; skin preparation=dermatomed 330um; storage temperature (°C)=-70; storage duration (days)=unknown; neat=0; donor/skin surface temperature (°C)=unknown; donor pH=7.4; donor type=unknown; acceptor temperature (°C)=32; acceptor pH=7.4; acceptor type=Eagle’s Minimal Essential Medium, sodium hydrogen carbonate, gentamicin; cell type=Glass diffusion cell"
344,5-Fluorouracil,Fc1c[nH]c(=O)[nH]c1=O,O=c1[nH]cc(F)c(=O)[nH]1,-7.57400000,-8.27467177,-0.70067177,0.70067177,False,Cadaver,abdomen,stratum corneum,"heat separation, hydrated",-20,unknown,0,32,unknown,unknown,32,unknown,Sodium azide,unknown,"Williams, 1992",10.1016/0378-5173(92)90032-W,https://doi.org/10.1016/0378-5173(92)90032-W,-0.79770000,130.01785556,"skin source type=Cadaver; skin source site=abdomen; used layer=stratum corneum; skin preparation=heat separation, hydrated; storage temperature (°C)=-20; storage duration (days)=unknown; neat=0; donor/skin surface temperature (°C)=32; donor pH=unknown; donor type=unknown; acceptor temperature (°C)=32; acceptor pH=unknown; acceptor type=Sodium azide; cell type=unknown"
345,Estradiol,Oc1ccc2c(c1)CC[C@@H]1[C@@H]2CC[C@]2([C@H]1CC[C@@H]2O)C,C[C@]12CC[C@@H]3c4ccc(O)cc4CC[C@H]3[C@@H]1CC[C@@H]2O,-5.48800000,-6.13682104,-0.64882104,0.64882104,False,Cadaver,abdomen,stratum corneum,"heat separation, hydrated",-20,unknown,0,32,unknown,unknown,32,unknown,Sodium azide,unknown,"Williams, 1992",10.1016/0378-5173(92)90032-W,https://doi.org/10.1016/0378-5173(92)90032-W,3.60920000,272.17763001,"skin source type=Cadaver; skin source site=abdomen; used layer=stratum corneum; skin preparation=heat separation, hydrated; storage temperature (°C)=-20; storage duration (days)=unknown; neat=0; donor/skin surface temperature (°C)=32; donor pH=unknown; donor type=unknown; acceptor temperature (°C)=32; acceptor pH=unknown; acceptor type=Sodium azide; cell type=unknown"
348,Bromoacetic acid,OC(=O)CBr,O=C(O)CBr,-6.41000000,-5.98336273,0.42663727,0.42663727,True,Mammaplasty,breast,"epidermis, dermis",dermatomed 250-280um,-20,unknown,1,40,7,Water,37,7.4,unknown,Glass diffusion cell,"Xu, 2002",10.1006/taap.2002.9494,https://doi.org/10.1006/taap.2002.9494,0.46590000,137.93164144,"skin source type=Mammaplasty; skin source site=breast; used layer=epidermis, dermis; skin preparation=dermatomed 250-280um; storage temperature (°C)=-20; storage duration (days)=unknown; neat=1; donor/skin surface temperature (°C)=40; donor pH=7; donor type=Water; acceptor temperature (°C)=37; acceptor pH=7.4; acceptor type=unknown; cell type=Glass diffusion cell"
349,Bromochloroacetic acid,OC(=O)C(Br)Cl,O=C(O)C(Cl)Br,-6.35200000,-5.96603700,0.38596300,0.38596300,True,Mammaplasty,breast,"epidermis, dermis",dermatomed 250-280um,-20,unknown,1,40,7,Water,37,7.4,unknown,Glass diffusion cell,"Xu, 2002",10.1006/taap.2002.9494,https://doi.org/10.1006/taap.2002.9494,1.03080000,171.89266908,"skin source type=Mammaplasty; skin source site=breast; used layer=epidermis, dermis; skin preparation=dermatomed 250-280um; storage temperature (°C)=-20; storage duration (days)=unknown; neat=1; donor/skin surface temperature (°C)=40; donor pH=7; donor type=Water; acceptor temperature (°C)=37; acceptor pH=7.4; acceptor type=unknown; cell type=Glass diffusion cell"
350,Bromodichloromethane,ClC(Br)Cl,ClC(Cl)Br,-4.30100000,-4.88703062,-0.58603062,0.58603062,True,Mammaplasty,breast,"epidermis, dermis",dermatomed 250-280um,-20,unknown,0,25,7,Water,37,7.4,PBS,Glass diffusion cell,"Xu, 2002",10.1006/taap.2002.9494,https://doi.org/10.1006/taap.2002.9494,2.14250000,161.86386749,"skin source type=Mammaplasty; skin source site=breast; used layer=epidermis, dermis; skin preparation=dermatomed 250-280um; storage temperature (°C)=-20; storage duration (days)=unknown; neat=0; donor/skin surface temperature (°C)=25; donor pH=7; donor type=Water; acceptor temperature (°C)=37; acceptor pH=7.4; acceptor type=PBS; cell type=Glass diffusion cell"
352,Chloroacetic acid,OC(=O)CCl,O=C(O)CCl,-6.51500000,-6.07525353,0.43974647,0.43974647,True,Mammaplasty,breast,"epidermis, dermis",dermatomed 250-280um,-20,unknown,1,40,7,Water,37,7.4,unknown,Glass diffusion cell,"Xu, 2002",10.1006/taap.2002.9494,https://doi.org/10.1006/taap.2002.9494,0.30980000,93.98215702,"skin source type=Mammaplasty; skin source site=breast; used layer=epidermis, dermis; skin preparation=dermatomed 250-280um; storage temperature (°C)=-20; storage duration (days)=unknown; neat=1; donor/skin surface temperature (°C)=40; donor pH=7; donor type=Water; acceptor temperature (°C)=37; acceptor pH=7.4; acceptor type=unknown; cell type=Glass diffusion cell"
354,Chloroform,ClC(Cl)Cl,ClC(Cl)Cl,-4.35200000,-4.87644390,-0.52444390,0.52444390,True,Mammaplasty,breast,"epidermis, dermis",dermatomed 250-280um,-20,unknown,0,25,7,Water,37,7.4,PBS,Glass diffusion cell,"Xu, 2002",10.1006/taap.2002.9494,https://doi.org/10.1006/taap.2002.9494,1.98640000,117.91438307,"skin source type=Mammaplasty; skin source site=breast; used layer=epidermis, dermis; skin preparation=dermatomed 250-280um; storage temperature (°C)=-20; storage duration (days)=unknown; neat=0; donor/skin surface temperature (°C)=25; donor pH=7; donor type=Water; acceptor temperature (°C)=37; acceptor pH=7.4; acceptor type=PBS; cell type=Glass diffusion cell"
355,Dibromoacetic acid,BrC(C(=O)O)Br,O=C(O)C(Br)Br,-6.14100000,-6.06796338,0.07303662,0.07303662,True,Mammaplasty,breast,"epidermis, dermis",dermatomed 250-280um,-20,unknown,1,40,7,Water,37,7.4,unknown,Glass diffusion cell,"Xu, 2002",10.1006/taap.2002.9494,https://doi.org/10.1006/taap.2002.9494,1.18690000,215.84215350,"skin source type=Mammaplasty; skin source site=breast; used layer=epidermis, dermis; skin preparation=dermatomed 250-280um; storage temperature (°C)=-20; storage duration (days)=unknown; neat=1; donor/skin surface temperature (°C)=40; donor pH=7; donor type=Water; acceptor temperature (°C)=37; acceptor pH=7.4; acceptor type=unknown; cell type=Glass diffusion cell"
356,Dichloroacetic acid,ClC(C(=O)O)Cl,O=C(O)C(Cl)Cl,-6.27800000,-6.10701965,0.17098035,0.17098035,True,Mammaplasty,breast,"epidermis, dermis",dermatomed 250-280um,-20,unknown,1,40,7,Water,37,7.4,unknown,Glass diffusion cell,"Xu, 2002",10.1006/taap.2002.9494,https://doi.org/10.1006/taap.2002.9494,0.87470000,127.94318466,"skin source type=Mammaplasty; skin source site=breast; used layer=epidermis, dermis; skin preparation=dermatomed 250-280um; storage temperature (°C)=-20; storage duration (days)=unknown; neat=1; donor/skin surface temperature (°C)=40; donor pH=7; donor type=Water; acceptor temperature (°C)=37; acceptor pH=7.4; acceptor type=unknown; cell type=Glass diffusion cell"
357,Trichloroacetic acid,OC(=O)C(Cl)(Cl)Cl,O=C(O)C(Cl)(Cl)Cl,-6.27800000,-6.32342181,-0.04542181,0.04542181,True,Mammaplasty,breast,"epidermis, dermis",dermatomed 250-280um,-20,unknown,1,40,7,Water,37,7.4,unknown,Glass diffusion cell,"Xu, 2002",10.1006/taap.2002.9494,https://doi.org/10.1006/taap.2002.9494,1.44120000,161.90421231,"skin source type=Mammaplasty; skin source site=breast; used layer=epidermis, dermis; skin preparation=dermatomed 250-280um; storage temperature (°C)=-20; storage duration (days)=unknown; neat=1; donor/skin surface temperature (°C)=40; donor pH=7; donor type=Water; acceptor temperature (°C)=37; acceptor pH=7.4; acceptor type=unknown; cell type=Glass diffusion cell"
358,2-Naphthol,Oc1ccc2c(c1)cccc2,Oc1ccc2ccccc2c1,-4.75700000,-4.93168735,-0.17468735,0.17468735,True,Abdominoplasty,abdomen,epidermis,heat separation,-20,90,0,32,7.4,PBS,32,unknown,PBS with ethanol,Franz cell,"Zhang, 2009",10.1007/s11095-009-9912-4,https://doi.org/10.1007/s11095-009-9912-4,2.54540000,144.05751488,skin source type=Abdominoplasty; skin source site=abdomen; used layer=epidermis; skin preparation=heat separation; storage temperature (°C)=-20; storage duration (days)=90; neat=0; donor/skin surface temperature (°C)=32; donor pH=7.4; donor type=PBS; acceptor temperature (°C)=32; acceptor pH=unknown; acceptor type=PBS with ethanol; cell type=Franz cell
359,4-Propoxyphenol,CCCOc1ccc(cc1)O,CCCOc1ccc(O)cc1,-5.38000000,-5.38214544,-0.00214544,0.00214544,True,Abdominoplasty,abdomen,epidermis,heat separation,-20,90,0,32,7.4,PBS,32,unknown,PBS with ethanol,Franz cell,"Zhang, 2009",10.1007/s11095-009-9912-4,https://doi.org/10.1007/s11095-009-9912-4,2.18100000,152.08372962,skin source type=Abdominoplasty; skin source site=abdomen; used layer=epidermis; skin preparation=heat separation; storage temperature (°C)=-20; storage duration (days)=90; neat=0; donor/skin surface temperature (°C)=32; donor pH=7.4; donor type=PBS; acceptor temperature (°C)=32; acceptor pH=unknown; acceptor type=PBS with ethanol; cell type=Franz cell
360,Carvacrol,CC(c1ccc(c(c1)O)C)C,Cc1ccc(C(C)C)cc1O,-4.81000000,-4.78802485,0.02197515,0.02197515,True,Abdominoplasty,abdomen,epidermis,heat separation,-20,90,0,32,7.4,PBS,32,unknown,PBS with ethanol,Franz cell,"Zhang, 2009",10.1007/s11095-009-9912-4,https://doi.org/10.1007/s11095-009-9912-4,2.82402000,150.10446507,skin source type=Abdominoplasty; skin source site=abdomen; used layer=epidermis; skin preparation=heat separation; storage temperature (°C)=-20; storage duration (days)=90; neat=0; donor/skin surface temperature (°C)=32; donor pH=7.4; donor type=PBS; acceptor temperature (°C)=32; acceptor pH=unknown; acceptor type=PBS with ethanol; cell type=Franz cell
361,Chlorocresol,Cc1c(O)cccc1Cl,Cc1c(O)cccc1Cl,-5.00000000,-4.88830638,0.11169362,0.11169362,True,Abdominoplasty,abdomen,epidermis,heat separation,-20,90,0,32,7.4,PBS,32,unknown,PBS with ethanol,Franz cell,"Zhang, 2009",10.1007/s11095-009-9912-4,https://doi.org/10.1007/s11095-009-9912-4,2.35402000,142.01854252,skin source type=Abdominoplasty; skin source site=abdomen; used layer=epidermis; skin preparation=heat separation; storage temperature (°C)=-20; storage duration (days)=90; neat=0; donor/skin surface temperature (°C)=32; donor pH=7.4; donor type=PBS; acceptor temperature (°C)=32; acceptor pH=unknown; acceptor type=PBS with ethanol; cell type=Franz cell
362,Chloroxylenol,Cc1ccc(c(c1C)O)Cl,Cc1ccc(Cl)c(O)c1C,-4.65100000,-4.88430592,-0.23330592,0.23330592,True,Abdominoplasty,abdomen,epidermis,heat separation,-20,90,0,32,7.4,PBS,32,unknown,PBS with ethanol,Franz cell,"Zhang, 2009",10.1007/s11095-009-9912-4,https://doi.org/10.1007/s11095-009-9912-4,2.66244000,156.03419259,skin source type=Abdominoplasty; skin source site=abdomen; used layer=epidermis; skin preparation=heat separation; storage temperature (°C)=-20; storage duration (days)=90; neat=0; donor/skin surface temperature (°C)=32; donor pH=7.4; donor type=PBS; acceptor temperature (°C)=32; acceptor pH=unknown; acceptor type=PBS with ethanol; cell type=Franz cell
363,Methyl 4-hydroxybenzoate,COC(=O)c1ccc(cc1)O,COC(=O)c1ccc(O)cc1,-5.63200000,-5.46314962,0.16885038,0.16885038,True,Abdominoplasty,abdomen,epidermis,heat separation,-20,90,0,32,7.4,PBS,32,unknown,PBS with ethanol,Franz cell,"Zhang, 2009",10.1007/s11095-009-9912-4,https://doi.org/10.1007/s11095-009-9912-4,1.17880000,152.04734412,skin source type=Abdominoplasty; skin source site=abdomen; used layer=epidermis; skin preparation=heat separation; storage temperature (°C)=-20; storage duration (days)=90; neat=0; donor/skin surface temperature (°C)=32; donor pH=7.4; donor type=PBS; acceptor temperature (°C)=32; acceptor pH=unknown; acceptor type=PBS with ethanol; cell type=Franz cell
364,Methyl salicylate,COC(=O)c1ccccc1O,COC(=O)c1ccccc1O,-5.00000000,-4.99743923,0.00256077,0.00256077,True,Abdominoplasty,abdomen,epidermis,heat separation,-20,90,0,32,7.4,PBS,32,unknown,PBS with ethanol,Franz cell,"Zhang, 2009",10.1007/s11095-009-9912-4,https://doi.org/10.1007/s11095-009-9912-4,1.17880000,152.04734412,skin source type=Abdominoplasty; skin source site=abdomen; used layer=epidermis; skin preparation=heat separation; storage temperature (°C)=-20; storage duration (days)=90; neat=0; donor/skin surface temperature (°C)=32; donor pH=7.4; donor type=PBS; acceptor temperature (°C)=32; acceptor pH=unknown; acceptor type=PBS with ethanol; cell type=Franz cell
365,o-t-Butylphenol,Oc1ccccc1C(C)(C)C,CC(C)(C)c1ccccc1O,-4.68500000,-4.73354087,-0.04854087,0.04854087,True,Abdominoplasty,abdomen,epidermis,heat separation,-20,90,0,32,7.4,PBS,32,unknown,PBS with ethanol,Franz cell,"Zhang, 2009",10.1007/s11095-009-9912-4,https://doi.org/10.1007/s11095-009-9912-4,2.68970000,150.10446507,skin source type=Abdominoplasty; skin source site=abdomen; used layer=epidermis; skin preparation=heat separation; storage temperature (°C)=-20; storage duration (days)=90; neat=0; donor/skin surface temperature (°C)=32; donor pH=7.4; donor type=PBS; acceptor temperature (°C)=32; acceptor pH=unknown; acceptor type=PBS with ethanol; cell type=Franz cell
366,p-n-Butylphenol,CCCCc1ccc(cc1)O,CCCCc1ccc(O)cc1,-4.67100000,-4.70039039,-0.02939039,0.02939039,True,Abdominoplasty,abdomen,epidermis,heat separation,-20,90,0,32,7.4,PBS,32,unknown,PBS with ethanol,Franz cell,"Zhang, 2009",10.1007/s11095-009-9912-4,https://doi.org/10.1007/s11095-009-9912-4,2.73480000,150.10446507,skin source type=Abdominoplasty; skin source site=abdomen; used layer=epidermis; skin preparation=heat separation; storage temperature (°C)=-20; storage duration (days)=90; neat=0; donor/skin surface temperature (°C)=32; donor pH=7.4; donor type=PBS; acceptor temperature (°C)=32; acceptor pH=unknown; acceptor type=PBS with ethanol; cell type=Franz cell
367,Thymol,Cc1ccc(c(c1)O)C(C)C,Cc1ccc(C(C)C)c(O)c1,-4.77000000,-4.74197271,0.02802729,0.02802729,True,Abdominoplasty,abdomen,epidermis,heat separation,-20,90,0,32,7.4,PBS,32,unknown,PBS with ethanol,Franz cell,"Zhang, 2009",10.1007/s11095-009-9912-4,https://doi.org/10.1007/s11095-009-9912-4,2.82402000,150.10446507,skin source type=Abdominoplasty; skin source site=abdomen; used layer=epidermis; skin preparation=heat separation; storage temperature (°C)=-20; storage duration (days)=90; neat=0; donor/skin surface temperature (°C)=32; donor pH=7.4; donor type=PBS; acceptor temperature (°C)=32; acceptor pH=unknown; acceptor type=PBS with ethanol; cell type=Franz cell
368,Water,O,O,-5.41000000,-6.12423617,-0.71423617,0.71423617,False,Surgery,scalp,"epidermis, dermis","dermatomed 420um, hydrated 0.25d",-20,210,0,31,unknown,unknown,31,unknown,Sodium azide,unknown,"Bond, 1988",10.1111/1523-1747.ep12460958,https://doi.org/10.1111/1523-1747.ep12460958,-0.82470000,18.01056468,"skin source type=Surgery; skin source site=scalp; used layer=epidermis, dermis; skin preparation=dermatomed 420um, hydrated 0.25d; storage temperature (°C)=-20; storage duration (days)=210; neat=0; donor/skin surface temperature (°C)=31; donor pH=unknown; donor type=unknown; acceptor temperature (°C)=31; acceptor pH=unknown; acceptor type=Sodium azide; cell type=unknown"
369,1-Hexanol,CCCCCCO,CCCCCCO,-4.85900000,-5.34584214,-0.48684214,0.48684214,True,Surgery,scalp,"epidermis, dermis","dermatomed 420um, hydrated 10d",-20,210,0,31,unknown,unknown,31,unknown,Sodium azide,unknown,"Bond, 1988",10.1111/1523-1747.ep12460958,https://doi.org/10.1111/1523-1747.ep12460958,1.55900000,102.10446507,"skin source type=Surgery; skin source site=scalp; used layer=epidermis, dermis; skin preparation=dermatomed 420um, hydrated 10d; storage temperature (°C)=-20; storage duration (days)=210; neat=0; donor/skin surface temperature (°C)=31; donor pH=unknown; donor type=unknown; acceptor temperature (°C)=31; acceptor pH=unknown; acceptor type=Sodium azide; cell type=unknown"
370,Water,O,O,-6.41000000,-6.12423617,0.28576383,0.28576383,True,Cadaver,abdomen,"epidermis, dermis",dermatomed 420um,-20,210,0,31,unknown,unknown,31,unknown,Sodium azide,unknown,"Bond, 1988",10.1111/1523-1747.ep12460958,https://doi.org/10.1111/1523-1747.ep12460958,-0.82470000,18.01056468,"skin source type=Cadaver; skin source site=abdomen; used layer=epidermis, dermis; skin preparation=dermatomed 420um; storage temperature (°C)=-20; storage duration (days)=210; neat=0; donor/skin surface temperature (°C)=31; donor pH=unknown; donor type=unknown; acceptor temperature (°C)=31; acceptor pH=unknown; acceptor type=Sodium azide; cell type=unknown"
371,1-Hexanol,CCCCCCO,CCCCCCO,-5.11400000,-5.34584214,-0.23184214,0.23184214,True,Cadaver,abdomen,"epidermis, dermis",dermatomed 420um,-20,210,0,31,unknown,unknown,31,unknown,Sodium azide,unknown,"Bond, 1988",10.1111/1523-1747.ep12460958,https://doi.org/10.1111/1523-1747.ep12460958,1.55900000,102.10446507,"skin source type=Cadaver; skin source site=abdomen; used layer=epidermis, dermis; skin preparation=dermatomed 420um; storage temperature (°C)=-20; storage duration (days)=210; neat=0; donor/skin surface temperature (°C)=31; donor pH=unknown; donor type=unknown; acceptor temperature (°C)=31; acceptor pH=unknown; acceptor type=Sodium azide; cell type=unknown"
372,Acyclovir,Nc1nc(=O)c2c([nH]1)n(COCCO)cn2,Nc1nc(=O)c2ncn(COCCO)c2[nH]1,-7.77800000,-6.88129809,0.89670191,0.89670191,False,Abdominoplasty,abdomen,"epidermis, dermis",fat removed,unknown,unknown,0,unknown,3,Citro-phosphate-buffer,unknown,7.4,PBS,Franz cell,"Volpato, 1998",10.1016/S0168-3659(97)00152-1,https://doi.org/10.1016/S0168-3659(97)00152-1,-1.33180000,225.08618921,"skin source type=Abdominoplasty; skin source site=abdomen; used layer=epidermis, dermis; skin preparation=fat removed; storage temperature (°C)=unknown; storage duration (days)=unknown; neat=0; donor/skin surface temperature (°C)=unknown; donor pH=3; donor type=Citro-phosphate-buffer; acceptor temperature (°C)=unknown; acceptor pH=7.4; acceptor type=PBS; cell type=Franz cell"
373,Betamethasone-17-valerate,CCCCC(=O)OC1(C(C)CC2C1(C)CC(O)C1(C2CCC2=CC(=O)C=CC12C)F)C(=O)CO,CCCCC(=O)OC1(C(=O)CO)C(C)CC2C3CCC4=CC(=O)C=CC4(C)C3(F)C(O)CC21C,-5.52500000,-6.43929511,-0.91429511,0.91429511,False,Mammaplasty or cadaver,"abdomen, thigh, breast","epidermis, dermis",dermatomed 500um,4,4,0,37,4.5,Acetate solution,37,4.5,Acetate solution,Glass diffusion cell,"Kubota, 1993",10.1002/jps.2600821017,https://doi.org/10.1002/jps.2600821017,3.63680000,476.25741712,"skin source type=Mammaplasty or cadaver; skin source site=abdomen, thigh, breast; used layer=epidermis, dermis; skin preparation=dermatomed 500um; storage temperature (°C)=4; storage duration (days)=4; neat=0; donor/skin surface temperature (°C)=37; donor pH=4.5; donor type=Acetate solution; acceptor temperature (°C)=37; acceptor pH=4.5; acceptor type=Acetate solution; cell type=Glass diffusion cell"
379,Caffeine,Cn1cnc2c1c(=O)n(C)c(=O)n2C,Cn1c(=O)c2c(ncn2C)n(C)c1=O,-6.82800000,-6.92365842,-0.09565842,0.09565842,True,Cadaver,abdomen,"epidermis, dermis",dermatomed 350um,unknown,60,0,32,unknown,unknown,unknown,unknown,unknown,Flow through cell,"Bronaugh, 1986",10.1111/j.1365-2133.1986.tb06214.x ,https://doi.org/10.1111/j.1365-2133.1986.tb06214.x,-1.02930000,194.08037556,"skin source type=Cadaver; skin source site=abdomen; used layer=epidermis, dermis; skin preparation=dermatomed 350um; storage temperature (°C)=unknown; storage duration (days)=60; neat=0; donor/skin surface temperature (°C)=32; donor pH=unknown; donor type=unknown; acceptor temperature (°C)=unknown; acceptor pH=unknown; acceptor type=unknown; cell type=Flow through cell"
380,Testosterone,O=C1CC[C@]2(C(=C1)CC[C@@H]1[C@@H]2CC[C@]2([C@H]1CC[C@@H]2O)C)C,C[C@]12CC[C@H]3[C@@H](CCC4=CC(=O)CC[C@@]43C)[C@@H]1CC[C@@H]2O,-5.73000000,-5.81502394,-0.08502394,0.08502394,True,Cadaver,abdomen,"epidermis, dermis",dermatomed 350um,unknown,60,0,32,unknown,unknown,unknown,unknown,unknown,Flow through cell,"Bronaugh, 1986",10.1111/j.1365-2133.1986.tb06214.x ,https://doi.org/10.1111/j.1365-2133.1986.tb06214.x,3.87920000,288.20893014,"skin source type=Cadaver; skin source site=abdomen; used layer=epidermis, dermis; skin preparation=dermatomed 350um; storage temperature (°C)=unknown; storage duration (days)=60; neat=0; donor/skin surface temperature (°C)=32; donor pH=unknown; donor type=unknown; acceptor temperature (°C)=unknown; acceptor pH=unknown; acceptor type=unknown; cell type=Flow through cell"
381,Water,O,O,-6.59700000,-6.12423617,0.47276383,0.47276383,True,Cadaver,abdomen,epidermis,heat separation,unknown,unknown,0,32,unknown,NaCl solution,32,unknown,NaCl solution,Flow through cell,"Clowes, 1994",10.1016/0887-2333(94)90078-7,https://doi.org/10.1016/0887-2333(94)90078-7,-0.82470000,18.01056468,skin source type=Cadaver; skin source site=abdomen; used layer=epidermis; skin preparation=heat separation; storage temperature (°C)=unknown; storage duration (days)=unknown; neat=0; donor/skin surface temperature (°C)=32; donor pH=unknown; donor type=NaCl solution; acceptor temperature (°C)=32; acceptor pH=unknown; acceptor type=NaCl solution; cell type=Flow through cell
382,Water,O,O,-6.70700000,-6.12423617,0.58276383,0.58276383,True,Cadaver,abdomen,"epidermis, dermis",dermatomed 130um,unknown,4,0,32,unknown,NaCl solution,33,unknown,NaCl solution,Flow through cell,"Clowes, 1994",10.1016/0887-2333(94)90078-7,https://doi.org/10.1016/0887-2333(94)90078-7,-0.82470000,18.01056468,"skin source type=Cadaver; skin source site=abdomen; used layer=epidermis, dermis; skin preparation=dermatomed 130um; storage temperature (°C)=unknown; storage duration (days)=4; neat=0; donor/skin surface temperature (°C)=32; donor pH=unknown; donor type=NaCl solution; acceptor temperature (°C)=33; acceptor pH=unknown; acceptor type=NaCl solution; cell type=Flow through cell"
383,Mannitol,OC[C@H]([C@H]([C@@H]([C@@H](CO)O)O)O)O,OC[C@@H](O)[C@@H](O)[C@H](O)[C@H](O)CO,-8.15800000,-7.96653678,0.19146322,0.19146322,True,Cadaver,abdomen,epidermis,heat separation,unknown,unknown,0,32,unknown,NaCl solution,32,unknown,NaCl solution,Flow through cell,"Clowes, 1994",10.1016/0887-2333(94)90078-7,https://doi.org/10.1016/0887-2333(94)90078-7,-3.58540000,182.07903817,skin source type=Cadaver; skin source site=abdomen; used layer=epidermis; skin preparation=heat separation; storage temperature (°C)=unknown; storage duration (days)=unknown; neat=0; donor/skin surface temperature (°C)=32; donor pH=unknown; donor type=NaCl solution; acceptor temperature (°C)=32; acceptor pH=unknown; acceptor type=NaCl solution; cell type=Flow through cell
384,Mannitol,OC[C@H]([C@H]([C@@H]([C@@H](CO)O)O)O)O,OC[C@@H](O)[C@@H](O)[C@H](O)[C@H](O)CO,-7.92300000,-7.96653678,-0.04353678,0.04353678,True,Cadaver,abdomen,"epidermis, dermis",dermatomed 130um,unknown,4,0,32,unknown,NaCl solution,33,unknown,NaCl solution,Flow through cell,"Clowes, 1994",10.1016/0887-2333(94)90078-7,https://doi.org/10.1016/0887-2333(94)90078-7,-3.58540000,182.07903817,"skin source type=Cadaver; skin source site=abdomen; used layer=epidermis, dermis; skin preparation=dermatomed 130um; storage temperature (°C)=unknown; storage duration (days)=4; neat=0; donor/skin surface temperature (°C)=32; donor pH=unknown; donor type=NaCl solution; acceptor temperature (°C)=33; acceptor pH=unknown; acceptor type=NaCl solution; cell type=Flow through cell"
387,Lidocaine,CCN(CC(=O)Nc1c(C)cccc1C)CC,CCN(CC)CC(=O)Nc1c(C)cccc1C,-7.02100000,-5.98338128,1.03761872,1.03761872,False,Amputated limb,leg,"epidermis, dermis",dermatomed 150um,-14.5,unknown,0,unknown,4.0,"Hydroxypropyl cellulose, chlorbutanol",unknown,unknown,unknown,Flow through cell,"Kushla, 1991",10.1016/0378-5173(91)90387-4,https://doi.org/10.1016/0378-5173(91)90387-4,2.58374000,234.17321332,"skin source type=Amputated limb; skin source site=leg; used layer=epidermis, dermis; skin preparation=dermatomed 150um; storage temperature (°C)=-14.5; storage duration (days)=unknown; neat=0; donor/skin surface temperature (°C)=unknown; donor pH=4.0; donor type=Hydroxypropyl cellulose, chlorbutanol; acceptor temperature (°C)=unknown; acceptor pH=unknown; acceptor type=unknown; cell type=Flow through cell"
388,Lidocaine,CCN(CC(=O)Nc1c(C)cccc1C)CC,CCN(CC)CC(=O)Nc1c(C)cccc1C,-6.96700000,-5.98338128,0.98361872,0.98361872,False,Amputated limb,leg,"epidermis, dermis",dermatomed 150um,-14.5,unknown,0,unknown,6.0,"Hydroxypropyl cellulose, chlorbutanol",unknown,unknown,unknown,Flow through cell,"Kushla, 1991",10.1016/0378-5173(91)90387-4,https://doi.org/10.1016/0378-5173(91)90387-4,2.58374000,234.17321332,"skin source type=Amputated limb; skin source site=leg; used layer=epidermis, dermis; skin preparation=dermatomed 150um; storage temperature (°C)=-14.5; storage duration (days)=unknown; neat=0; donor/skin surface temperature (°C)=unknown; donor pH=6.0; donor type=Hydroxypropyl cellulose, chlorbutanol; acceptor temperature (°C)=unknown; acceptor pH=unknown; acceptor type=unknown; cell type=Flow through cell"
389,Lidocaine,CCN(CC(=O)Nc1c(C)cccc1C)CC,CCN(CC)CC(=O)Nc1c(C)cccc1C,-5.70700000,-5.98338128,-0.27638128,0.27638128,True,Amputated limb,leg,"epidermis, dermis",dermatomed 150um,-14.5,unknown,0,unknown,7.8,"Hydroxypropyl cellulose, chlorbutanol",unknown,unknown,unknown,Flow through cell,"Kushla, 1991",10.1016/0378-5173(91)90387-4,https://doi.org/10.1016/0378-5173(91)90387-4,2.58374000,234.17321332,"skin source type=Amputated limb; skin source site=leg; used layer=epidermis, dermis; skin preparation=dermatomed 150um; storage temperature (°C)=-14.5; storage duration (days)=unknown; neat=0; donor/skin surface temperature (°C)=unknown; donor pH=7.8; donor type=Hydroxypropyl cellulose, chlorbutanol; acceptor temperature (°C)=unknown; acceptor pH=unknown; acceptor type=unknown; cell type=Flow through cell"
390,Lidocaine,CCN(CC(=O)Nc1c(C)cccc1C)CC,CCN(CC)CC(=O)Nc1c(C)cccc1C,-5.53000000,-5.98338128,-0.45338128,0.45338128,True,Amputated limb,leg,"epidermis, dermis",dermatomed 150um,-14.5,unknown,0,unknown,10.0,"Hydroxypropyl cellulose, chlorbutanol",unknown,unknown,unknown,Flow through cell,"Kushla, 1991",10.1016/0378-5173(91)90387-4,https://doi.org/10.1016/0378-5173(91)90387-4,2.58374000,234.17321332,"skin source type=Amputated limb; skin source site=leg; used layer=epidermis, dermis; skin preparation=dermatomed 150um; storage temperature (°C)=-14.5; storage duration (days)=unknown; neat=0; donor/skin surface temperature (°C)=unknown; donor pH=10.0; donor type=Hydroxypropyl cellulose, chlorbutanol; acceptor temperature (°C)=unknown; acceptor pH=unknown; acceptor type=unknown; cell type=Flow through cell"
391,2-Ethoxyethanol,OCCOCC,CCOCCO,-7.78500000,-6.63506730,1.14993270,1.14993270,False,Mammaplasty,breast,"epidermis, dermis",dermatomed 330um,unknown,unknown,0,unknown,unknown,Methanol,32,7.3,Cell culture medium,Flow through cell,"Lockley, 2002",10.1006/taap.2002.9373,https://doi.org/10.1006/taap.2002.9373,0.01520000,90.06807956,"skin source type=Mammaplasty; skin source site=breast; used layer=epidermis, dermis; skin preparation=dermatomed 330um; storage temperature (°C)=unknown; storage duration (days)=unknown; neat=0; donor/skin surface temperature (°C)=unknown; donor pH=unknown; donor type=Methanol; acceptor temperature (°C)=32; acceptor pH=7.3; acceptor type=Cell culture medium; cell type=Flow through cell"
392,2-Ethoxyethanol,OCCOCC,CCOCCO,-7.68700000,-6.63506730,1.05193270,1.05193270,False,Mammaplasty,breast,"epidermis, dermis",dermatomed 330um,unknown,unknown,1,unknown,unknown,unknown,32,7.3,Cell culture medium,Flow through cell,"Lockley, 2002",10.1006/taap.2002.9373,https://doi.org/10.1006/taap.2002.9373,0.01520000,90.06807956,"skin source type=Mammaplasty; skin source site=breast; used layer=epidermis, dermis; skin preparation=dermatomed 330um; storage temperature (°C)=unknown; storage duration (days)=unknown; neat=1; donor/skin surface temperature (°C)=unknown; donor pH=unknown; donor type=unknown; acceptor temperature (°C)=32; acceptor pH=7.3; acceptor type=Cell culture medium; cell type=Flow through cell"
393,Water,O,O,-6.42900000,-6.12423617,0.30476383,0.30476383,True,Cadaver,abdomen,"epidermis, dermis",dermatomed 420um,-24,unknown,0,31,unknown,Water,31,unknown,Sodium azide,Flow through cell,"Rigg, 1990",10.1111/1523-1747.ep12874561,https://doi.org/10.1111/1523-1747.ep12874561,-0.82470000,18.01056468,"skin source type=Cadaver; skin source site=abdomen; used layer=epidermis, dermis; skin preparation=dermatomed 420um; storage temperature (°C)=-24; storage duration (days)=unknown; neat=0; donor/skin surface temperature (°C)=31; donor pH=unknown; donor type=Water; acceptor temperature (°C)=31; acceptor pH=unknown; acceptor type=Sodium azide; cell type=Flow through cell"
394,5-Fluorouracil,Fc1c[nH]c(=O)[nH]c1=O,O=c1[nH]cc(F)c(=O)[nH]1,-8.01500000,-8.27467177,-0.25967177,0.25967177,True,Cadaver,abdomen,"epidermis, dermis",dermatomed 420um,-24,unknown,0,31,unknown,NaCl solution,31,unknown,Sodium azide,Flow through cell,"Rigg, 1990",10.1111/1523-1747.ep12874561,https://doi.org/10.1111/1523-1747.ep12874561,-0.79770000,130.01785556,"skin source type=Cadaver; skin source site=abdomen; used layer=epidermis, dermis; skin preparation=dermatomed 420um; storage temperature (°C)=-24; storage duration (days)=unknown; neat=0; donor/skin surface temperature (°C)=31; donor pH=unknown; donor type=NaCl solution; acceptor temperature (°C)=31; acceptor pH=unknown; acceptor type=Sodium azide; cell type=Flow through cell"
396,Hydrocortisone,OCC(=O)[C@@]1(O)CC[C@@H]2[C@]1(C)C[C@H](O)[C@H]1[C@H]2CCC2=CC(=O)CC[C@]12C,C[C@]12CCC(=O)C=C1CC[C@@H]1[C@@H]2[C@@H](O)C[C@@]2(C)[C@H]1CC[C@]2(O)C(=O)CO,-7.35700000,-7.34491210,0.01208790,0.01208790,True,Cadaver,abdomen,"epidermis, dermis",unknown,-30,unknown,0,37,1,unknown,37,unknown,"NaCl, Sodium azide",Flow through cell,"Sznitowska, 2001",10.1016/s0168-3659(01)00443-6,https://doi.org/10.1016/s0168-3659(01)00443-6,1.78160000,362.20932406,"skin source type=Cadaver; skin source site=abdomen; used layer=epidermis, dermis; skin preparation=unknown; storage temperature (°C)=-30; storage duration (days)=unknown; neat=0; donor/skin surface temperature (°C)=37; donor pH=1; donor type=unknown; acceptor temperature (°C)=37; acceptor pH=unknown; acceptor type=NaCl, Sodium azide; cell type=Flow through cell"
397,Hydrocortisone,OCC(=O)[C@@]1(O)CC[C@@H]2[C@]1(C)C[C@H](O)[C@H]1[C@H]2CCC2=CC(=O)CC[C@]12C,C[C@]12CCC(=O)C=C1CC[C@@H]1[C@@H]2[C@@H](O)C[C@@]2(C)[C@H]1CC[C@]2(O)C(=O)CO,-7.35700000,-7.34491210,0.01208790,0.01208790,True,Cadaver,abdomen,"epidermis, dermis",unknown,-30,unknown,0,37,2,"Ethanol, Britton-Robinson buffer",37,unknown,"NaCl, Sodium azide",Flow through cell,"Sznitowska, 2001",10.1016/s0168-3659(01)00443-6,https://doi.org/10.1016/s0168-3659(01)00443-6,1.78160000,362.20932406,"skin source type=Cadaver; skin source site=abdomen; used layer=epidermis, dermis; skin preparation=unknown; storage temperature (°C)=-30; storage duration (days)=unknown; neat=0; donor/skin surface temperature (°C)=37; donor pH=2; donor type=Ethanol, Britton-Robinson buffer; acceptor temperature (°C)=37; acceptor pH=unknown; acceptor type=NaCl, Sodium azide; cell type=Flow through cell"
398,Hydrocortisone,OCC(=O)[C@@]1(O)CC[C@@H]2[C@]1(C)C[C@H](O)[C@H]1[C@H]2CCC2=CC(=O)CC[C@]12C,C[C@]12CCC(=O)C=C1CC[C@@H]1[C@@H]2[C@@H](O)C[C@@]2(C)[C@H]1CC[C@]2(O)C(=O)CO,-7.43100000,-7.34491210,0.08608790,0.08608790,True,Cadaver,abdomen,"epidermis, dermis",unknown,-30,unknown,0,37,3.5,"Ethanol, Britton-Robinson buffer",37,unknown,"NaCl, Sodium azide",Flow through cell,"Sznitowska, 2001",10.1016/s0168-3659(01)00443-6,https://doi.org/10.1016/s0168-3659(01)00443-6,1.78160000,362.20932406,"skin source type=Cadaver; skin source site=abdomen; used layer=epidermis, dermis; skin preparation=unknown; storage temperature (°C)=-30; storage duration (days)=unknown; neat=0; donor/skin surface temperature (°C)=37; donor pH=3.5; donor type=Ethanol, Britton-Robinson buffer; acceptor temperature (°C)=37; acceptor pH=unknown; acceptor type=NaCl, Sodium azide; cell type=Flow through cell"
399,Hydrocortisone,OCC(=O)[C@@]1(O)CC[C@@H]2[C@]1(C)C[C@H](O)[C@H]1[C@H]2CCC2=CC(=O)CC[C@]12C,C[C@]12CCC(=O)C=C1CC[C@@H]1[C@@H]2[C@@H](O)C[C@@]2(C)[C@H]1CC[C@]2(O)C(=O)CO,-7.68100000,-7.34491210,0.33608790,0.33608790,True,Cadaver,abdomen,"epidermis, dermis",unknown,-30,unknown,0,37,6,"Ethanol, Britton-Robinson buffer",37,unknown,"NaCl, Sodium azide",Flow through cell,"Sznitowska, 2001",10.1016/s0168-3659(01)00443-6,https://doi.org/10.1016/s0168-3659(01)00443-6,1.78160000,362.20932406,"skin source type=Cadaver; skin source site=abdomen; used layer=epidermis, dermis; skin preparation=unknown; storage temperature (°C)=-30; storage duration (days)=unknown; neat=0; donor/skin surface temperature (°C)=37; donor pH=6; donor type=Ethanol, Britton-Robinson buffer; acceptor temperature (°C)=37; acceptor pH=unknown; acceptor type=NaCl, Sodium azide; cell type=Flow through cell"
400,Hydrocortisone,OCC(=O)[C@@]1(O)CC[C@@H]2[C@]1(C)C[C@H](O)[C@H]1[C@H]2CCC2=CC(=O)CC[C@]12C,C[C@]12CCC(=O)C=C1CC[C@@H]1[C@@H]2[C@@H](O)C[C@@]2(C)[C@H]1CC[C@]2(O)C(=O)CO,-7.57700000,-7.34491210,0.23208790,0.23208790,True,Cadaver,abdomen,"epidermis, dermis",unknown,-30,unknown,0,37,10,"Ethanol, Britton-Robinson buffer",37,unknown,"NaCl, Sodium azide",Flow through cell,"Sznitowska, 2001",10.1016/s0168-3659(01)00443-6,https://doi.org/10.1016/s0168-3659(01)00443-6,1.78160000,362.20932406,"skin source type=Cadaver; skin source site=abdomen; used layer=epidermis, dermis; skin preparation=unknown; storage temperature (°C)=-30; storage duration (days)=unknown; neat=0; donor/skin surface temperature (°C)=37; donor pH=10; donor type=Ethanol, Britton-Robinson buffer; acceptor temperature (°C)=37; acceptor pH=unknown; acceptor type=NaCl, Sodium azide; cell type=Flow through cell"
401,Testosterone,O=C1CC[C@]2(C(=C1)CC[C@@H]1[C@@H]2CC[C@]2([C@H]1CC[C@@H]2O)C)C,C[C@]12CC[C@H]3[C@@H](CCC4=CC(=O)CC[C@@]43C)[C@@H]1CC[C@@H]2O,-5.48900000,-5.80969517,-0.32069517,0.32069517,True,Cadaver,abdomen,"epidermis, dermis",unknown,-30,unknown,0,37,2,PBS,37,unknown,"NaCl, sodium azide, acetone",Flow through cell,"Sznitowska, 2001",10.1016/s0168-3659(01)00443-6,https://doi.org/10.1016/s0168-3659(01)00443-6,3.87920000,288.20893014,"skin source type=Cadaver; skin source site=abdomen; used layer=epidermis, dermis; skin preparation=unknown; storage temperature (°C)=-30; storage duration (days)=unknown; neat=0; donor/skin surface temperature (°C)=37; donor pH=2; donor type=PBS; acceptor temperature (°C)=37; acceptor pH=unknown; acceptor type=NaCl, sodium azide, acetone; cell type=Flow through cell"
402,Testosterone,O=C1CC[C@]2(C(=C1)CC[C@@H]1[C@@H]2CC[C@]2([C@H]1CC[C@@H]2O)C)C,C[C@]12CC[C@H]3[C@@H](CCC4=CC(=O)CC[C@@]43C)[C@@H]1CC[C@@H]2O,-5.47600000,-5.80969517,-0.33369517,0.33369517,True,Cadaver,abdomen,"epidermis, dermis",unknown,-30,unknown,0,37,6,PBS,37,unknown,"NaCl, sodium azide, acetone",Flow through cell,"Sznitowska, 2001",10.1016/s0168-3659(01)00443-6,https://doi.org/10.1016/s0168-3659(01)00443-6,3.87920000,288.20893014,"skin source type=Cadaver; skin source site=abdomen; used layer=epidermis, dermis; skin preparation=unknown; storage temperature (°C)=-30; storage duration (days)=unknown; neat=0; donor/skin surface temperature (°C)=37; donor pH=6; donor type=PBS; acceptor temperature (°C)=37; acceptor pH=unknown; acceptor type=NaCl, sodium azide, acetone; cell type=Flow through cell"
403,Testosterone,O=C1CC[C@]2(C(=C1)CC[C@@H]1[C@@H]2CC[C@]2([C@H]1CC[C@@H]2O)C)C,C[C@]12CC[C@H]3[C@@H](CCC4=CC(=O)CC[C@@]43C)[C@@H]1CC[C@@H]2O,-5.48900000,-5.80969517,-0.32069517,0.32069517,True,Cadaver,abdomen,"epidermis, dermis",unknown,-30,unknown,0,37,11,PBS,37,unknown,"NaCl, sodium azide, acetone",Flow through cell,"Sznitowska, 2001",10.1016/s0168-3659(01)00443-6,https://doi.org/10.1016/s0168-3659(01)00443-6,3.87920000,288.20893014,"skin source type=Cadaver; skin source site=abdomen; used layer=epidermis, dermis; skin preparation=unknown; storage temperature (°C)=-30; storage duration (days)=unknown; neat=0; donor/skin surface temperature (°C)=37; donor pH=11; donor type=PBS; acceptor temperature (°C)=37; acceptor pH=unknown; acceptor type=NaCl, sodium azide, acetone; cell type=Flow through cell"
404,Testosterone,O=C1CC[C@]2(C(=C1)CC[C@@H]1[C@@H]2CC[C@]2([C@H]1CC[C@@H]2O)C)C,C[C@]12CC[C@H]3[C@@H](CCC4=CC(=O)CC[C@@]43C)[C@@H]1CC[C@@H]2O,-5.47600000,-5.80969517,-0.33369517,0.33369517,True,Cadaver,abdomen,"epidermis, dermis",unknown,-30,unknown,0,37,1,"HCl/NaOH, KCl",37,unknown,"NaCl, sodium azide, acetone",Flow through cell,"Sznitowska, 2001",10.1016/s0168-3659(01)00443-6,https://doi.org/10.1016/s0168-3659(01)00443-6,3.87920000,288.20893014,"skin source type=Cadaver; skin source site=abdomen; used layer=epidermis, dermis; skin preparation=unknown; storage temperature (°C)=-30; storage duration (days)=unknown; neat=0; donor/skin surface temperature (°C)=37; donor pH=1; donor type=HCl/NaOH, KCl; acceptor temperature (°C)=37; acceptor pH=unknown; acceptor type=NaCl, sodium azide, acetone; cell type=Flow through cell"
405,Testosterone,O=C1CC[C@]2(C(=C1)CC[C@@H]1[C@@H]2CC[C@]2([C@H]1CC[C@@H]2O)C)C,C[C@]12CC[C@H]3[C@@H](CCC4=CC(=O)CC[C@@]43C)[C@@H]1CC[C@@H]2O,-5.59600000,-5.80969517,-0.21369517,0.21369517,True,Cadaver,abdomen,"epidermis, dermis",unknown,-30,unknown,0,37,2,"HCl/NaOH, KCl",37,unknown,"NaCl, sodium azide, acetone",Flow through cell,"Sznitowska, 2001",10.1016/s0168-3659(01)00443-6,https://doi.org/10.1016/s0168-3659(01)00443-6,3.87920000,288.20893014,"skin source type=Cadaver; skin source site=abdomen; used layer=epidermis, dermis; skin preparation=unknown; storage temperature (°C)=-30; storage duration (days)=unknown; neat=0; donor/skin surface temperature (°C)=37; donor pH=2; donor type=HCl/NaOH, KCl; acceptor temperature (°C)=37; acceptor pH=unknown; acceptor type=NaCl, sodium azide, acetone; cell type=Flow through cell"
406,Testosterone,O=C1CC[C@]2(C(=C1)CC[C@@H]1[C@@H]2CC[C@]2([C@H]1CC[C@@H]2O)C)C,C[C@]12CC[C@H]3[C@@H](CCC4=CC(=O)CC[C@@]43C)[C@@H]1CC[C@@H]2O,-4.94500000,-5.80969517,-0.86469517,0.86469517,False,Cadaver,abdomen,"epidermis, dermis",unknown,-30,unknown,0,37,12,"HCl/NaOH, KCl",37,unknown,"NaCl, sodium azide, acetone",Flow through cell,"Sznitowska, 2001",10.1016/s0168-3659(01)00443-6,https://doi.org/10.1016/s0168-3659(01)00443-6,3.87920000,288.20893014,"skin source type=Cadaver; skin source site=abdomen; used layer=epidermis, dermis; skin preparation=unknown; storage temperature (°C)=-30; storage duration (days)=unknown; neat=0; donor/skin surface temperature (°C)=37; donor pH=12; donor type=HCl/NaOH, KCl; acceptor temperature (°C)=37; acceptor pH=unknown; acceptor type=NaCl, sodium azide, acetone; cell type=Flow through cell"
407,Boric acid,OB(O)O,OB(O)O,-7.19900000,-7.22136663,-0.02236663,0.02236663,True,Cadaver,thigh,"epidermis, dermis",dermatomed 500um,1,5,0,32,unknown,Water,unknown,unknown,PBS,Flow through cell,"Wester, 1998",10.1006/toxs.1998.2490,https://doi.org/10.1006/toxs.1998.2490,-2.05180000,62.01752436,"skin source type=Cadaver; skin source site=thigh; used layer=epidermis, dermis; skin preparation=dermatomed 500um; storage temperature (°C)=1; storage duration (days)=5; neat=0; donor/skin surface temperature (°C)=32; donor pH=unknown; donor type=Water; acceptor temperature (°C)=unknown; acceptor pH=unknown; acceptor type=PBS; cell type=Flow through cell"
408,Borax,[O-]B1OB2OB(OB(O1)O2)[O-].[Na+].[Na+],[Na+].[Na+].[O-]B1OB2OB([O-])OB(O1)O2,-7.32600000,-6.79743137,0.52856863,0.52856863,True,Cadaver,thigh,"epidermis, dermis",dermatomed 500um,1,5,0,32,unknown,Water,unknown,unknown,PBS,Flow through cell,"Wester, 1998",10.1006/toxs.1998.2490,https://doi.org/10.1006/toxs.1998.2490,-10.23520000,201.98116250,"skin source type=Cadaver; skin source site=thigh; used layer=epidermis, dermis; skin preparation=dermatomed 500um; storage temperature (°C)=1; storage duration (days)=5; neat=0; donor/skin surface temperature (°C)=32; donor pH=unknown; donor type=Water; acceptor temperature (°C)=unknown; acceptor pH=unknown; acceptor type=PBS; cell type=Flow through cell"
409,Disodium octaborate tetrahydrate,[O-]B([O-])[O-].[O-]B([O-])[O-].[O-]B([O-])[O-].[O-]B([O-])[O-].[O-]B([O-])[O-].[O-]B([O-])[O-].[O-]B([O-])[O-].[O-]B([O-])[O-].O.O.O.O.[Na+].[Na+],O.O.O.O.[Na+].[Na+].[O-]B([O-])[O-].[O-]B([O-])[O-].[O-]B([O-])[O-].[O-]B([O-])[O-].[O-]B([O-])[O-].[O-]B([O-])[O-].[O-]B([O-])[O-].[O-]B([O-])[O-],-7.65300000,-7.22438885,0.42861115,0.42861115,True,Cadaver,thigh,"epidermis, dermis",dermatomed 500um,1,5,0,32,unknown,Water,unknown,unknown,PBS,Flow through cell,"Wester, 1998",10.1006/toxs.1998.2490,https://doi.org/10.1006/toxs.1998.2490,-40.87320000,589.98626013,"skin source type=Cadaver; skin source site=thigh; used layer=epidermis, dermis; skin preparation=dermatomed 500um; storage temperature (°C)=1; storage duration (days)=5; neat=0; donor/skin surface temperature (°C)=32; donor pH=unknown; donor type=Water; acceptor temperature (°C)=unknown; acceptor pH=unknown; acceptor type=PBS; cell type=Flow through cell"
413,Water,O,O,-5.24000000,-6.12423617,-0.88423617,0.88423617,False,Surgery,scalp,"epidermis, dermis","dermatomed 420um, hydrated 10d",-20,210,0,31,unknown,unknown,31,unknown,Sodium azide,unknown,"Bond, 1988",10.1111/1523-1747.ep12460958,https://doi.org/10.1111/1523-1747.ep12460958,-0.82470000,18.01056468,"skin source type=Surgery; skin source site=scalp; used layer=epidermis, dermis; skin preparation=dermatomed 420um, hydrated 10d; storage temperature (°C)=-20; storage duration (days)=210; neat=0; donor/skin surface temperature (°C)=31; donor pH=unknown; donor type=unknown; acceptor temperature (°C)=31; acceptor pH=unknown; acceptor type=Sodium azide; cell type=unknown"
414,1-Hexanol,CCCCCCO,CCCCCCO,-4.88800000,-5.34584214,-0.45784214,0.45784214,True,Surgery,scalp,"epidermis, dermis","dermatomed 420um, hydrated 0.25d",-20,210,0,31,unknown,unknown,31,unknown,Sodium azide,unknown,"Bond, 1988",10.1111/1523-1747.ep12460958,https://doi.org/10.1111/1523-1747.ep12460958,1.55900000,102.10446507,"skin source type=Surgery; skin source site=scalp; used layer=epidermis, dermis; skin preparation=dermatomed 420um, hydrated 0.25d; storage temperature (°C)=-20; storage duration (days)=210; neat=0; donor/skin surface temperature (°C)=31; donor pH=unknown; donor type=unknown; acceptor temperature (°C)=31; acceptor pH=unknown; acceptor type=Sodium azide; cell type=unknown"
415,Water,O,O,-6.42600000,-6.12423617,0.30176383,0.30176383,True,Cadaver,abdomen,"epidermis, dermis","dermatomed 420um, hydrated 1.75d",-20,210,0,31,unknown,unknown,31,unknown,Sodium azide,unknown,"Bond, 1988",10.1111/1523-1747.ep12460958,https://doi.org/10.1111/1523-1747.ep12460958,-0.82470000,18.01056468,"skin source type=Cadaver; skin source site=abdomen; used layer=epidermis, dermis; skin preparation=dermatomed 420um, hydrated 1.75d; storage temperature (°C)=-20; storage duration (days)=210; neat=0; donor/skin surface temperature (°C)=31; donor pH=unknown; donor type=unknown; acceptor temperature (°C)=31; acceptor pH=unknown; acceptor type=Sodium azide; cell type=unknown"
416,Ethanol,CCO,CCO,-6.35200000,-6.49022097,-0.13822097,0.13822097,True,Abdominoplasty,abdomen,"epidermis, dermis",fat removed,unknown,unknown,0,35,7.4,PBS,35,7.4,PBS with bovine serum albumin,Franz cell,"Cross, 2003",10.1046/j.1523-1747.2003.12131.x,https://doi.org/10.1046/j.1523-1747.2003.12131.x,-0.00140000,46.04186481,"skin source type=Abdominoplasty; skin source site=abdomen; used layer=epidermis, dermis; skin preparation=fat removed; storage temperature (°C)=unknown; storage duration (days)=unknown; neat=0; donor/skin surface temperature (°C)=35; donor pH=7.4; donor type=PBS; acceptor temperature (°C)=35; acceptor pH=7.4; acceptor type=PBS with bovine serum albumin; cell type=Franz cell"
417,1-Butanol,CCCCO,CCCCO,-5.81600000,-5.97606842,-0.16006842,0.16006842,True,Abdominoplasty,abdomen,"epidermis, dermis",fat removed,unknown,unknown,0,35,7.4,PBS,35,7.4,PBS with bovine serum albumin,Franz cell,"Cross, 2003",10.1046/j.1523-1747.2003.12131.x,https://doi.org/10.1046/j.1523-1747.2003.12131.x,0.77880000,74.07316494,"skin source type=Abdominoplasty; skin source site=abdomen; used layer=epidermis, dermis; skin preparation=fat removed; storage temperature (°C)=unknown; storage duration (days)=unknown; neat=0; donor/skin surface temperature (°C)=35; donor pH=7.4; donor type=PBS; acceptor temperature (°C)=35; acceptor pH=7.4; acceptor type=PBS with bovine serum albumin; cell type=Franz cell"
418,1-Decanol,CCCCCCCCCCO,CCCCCCCCCCO,-6.41000000,-5.06158902,1.34841098,1.34841098,False,Abdominoplasty,abdomen,"epidermis, dermis",fat removed,unknown,unknown,0,35,7.4,PBS,35,7.4,PBS with bovine serum albumin,Franz cell,"Cross, 2003",10.1046/j.1523-1747.2003.12131.x,https://doi.org/10.1046/j.1523-1747.2003.12131.x,3.11940000,158.16706532,"skin source type=Abdominoplasty; skin source site=abdomen; used layer=epidermis, dermis; skin preparation=fat removed; storage temperature (°C)=unknown; storage duration (days)=unknown; neat=0; donor/skin surface temperature (°C)=35; donor pH=7.4; donor type=PBS; acceptor temperature (°C)=35; acceptor pH=7.4; acceptor type=PBS with bovine serum albumin; cell type=Franz cell"
419,1-Hexanol,CCCCCCO,CCCCCCO,-5.77800000,-5.34239068,0.43560932,0.43560932,True,Abdominoplasty,abdomen,"epidermis, dermis",fat removed,unknown,unknown,0,35,7.4,PBS,35,7.4,PBS with bovine serum albumin,Franz cell,"Cross, 2003",10.1046/j.1523-1747.2003.12131.x,https://doi.org/10.1046/j.1523-1747.2003.12131.x,1.55900000,102.10446507,"skin source type=Abdominoplasty; skin source site=abdomen; used layer=epidermis, dermis; skin preparation=fat removed; storage temperature (°C)=unknown; storage duration (days)=unknown; neat=0; donor/skin surface temperature (°C)=35; donor pH=7.4; donor type=PBS; acceptor temperature (°C)=35; acceptor pH=7.4; acceptor type=PBS with bovine serum albumin; cell type=Franz cell"
420,1-Octanol,CCCCCCCCO,CCCCCCCCO,-5.64200000,-4.78834575,0.85365425,0.85365425,False,Abdominoplasty,abdomen,"epidermis, dermis",fat removed,unknown,unknown,0,35,7.4,PBS,35,7.4,PBS with bovine serum albumin,Franz cell,"Cross, 2003",10.1046/j.1523-1747.2003.12131.x,https://doi.org/10.1046/j.1523-1747.2003.12131.x,2.33920000,130.13576520,"skin source type=Abdominoplasty; skin source site=abdomen; used layer=epidermis, dermis; skin preparation=fat removed; storage temperature (°C)=unknown; storage duration (days)=unknown; neat=0; donor/skin surface temperature (°C)=35; donor pH=7.4; donor type=PBS; acceptor temperature (°C)=35; acceptor pH=7.4; acceptor type=PBS with bovine serum albumin; cell type=Franz cell"
421,Ethanol,CCO,CCO,-5.21400000,-6.49022097,-1.27622097,1.27622097,False,Abdominoplasty,abdomen,dermis,heat separation,unknown,unknown,0,35,7.4,PBS,35,7.4,PBS with bovine serum albumin,Franz cell,"Cross, 2003",10.1046/j.1523-1747.2003.12131.x,https://doi.org/10.1046/j.1523-1747.2003.12131.x,-0.00140000,46.04186481,skin source type=Abdominoplasty; skin source site=abdomen; used layer=dermis; skin preparation=heat separation; storage temperature (°C)=unknown; storage duration (days)=unknown; neat=0; donor/skin surface temperature (°C)=35; donor pH=7.4; donor type=PBS; acceptor temperature (°C)=35; acceptor pH=7.4; acceptor type=PBS with bovine serum albumin; cell type=Franz cell
422,1-Butanol,CCCCO,CCCCO,-5.19300000,-5.97606842,-0.78306842,0.78306842,False,Abdominoplasty,abdomen,dermis,heat separation,unknown,unknown,0,35,7.4,PBS,35,7.4,PBS with bovine serum albumin,Franz cell,"Cross, 2003",10.1046/j.1523-1747.2003.12131.x,https://doi.org/10.1046/j.1523-1747.2003.12131.x,0.77880000,74.07316494,skin source type=Abdominoplasty; skin source site=abdomen; used layer=dermis; skin preparation=heat separation; storage temperature (°C)=unknown; storage duration (days)=unknown; neat=0; donor/skin surface temperature (°C)=35; donor pH=7.4; donor type=PBS; acceptor temperature (°C)=35; acceptor pH=7.4; acceptor type=PBS with bovine serum albumin; cell type=Franz cell
423,1-Decanol,CCCCCCCCCCO,CCCCCCCCCCO,-5.83200000,-5.06158902,0.77041098,0.77041098,False,Abdominoplasty,abdomen,dermis,heat separation,unknown,unknown,0,35,7.4,PBS,35,7.4,PBS with bovine serum albumin,Franz cell,"Cross, 2003",10.1046/j.1523-1747.2003.12131.x,https://doi.org/10.1046/j.1523-1747.2003.12131.x,3.11940000,158.16706532,skin source type=Abdominoplasty; skin source site=abdomen; used layer=dermis; skin preparation=heat separation; storage temperature (°C)=unknown; storage duration (days)=unknown; neat=0; donor/skin surface temperature (°C)=35; donor pH=7.4; donor type=PBS; acceptor temperature (°C)=35; acceptor pH=7.4; acceptor type=PBS with bovine serum albumin; cell type=Franz cell
424,1-Hexanol,CCCCCCO,CCCCCCO,-5.63700000,-5.34239068,0.29460932,0.29460932,True,Abdominoplasty,abdomen,dermis,heat separation,unknown,unknown,0,35,7.4,PBS,35,7.4,PBS with bovine serum albumin,Franz cell,"Cross, 2003",10.1046/j.1523-1747.2003.12131.x,https://doi.org/10.1046/j.1523-1747.2003.12131.x,1.55900000,102.10446507,skin source type=Abdominoplasty; skin source site=abdomen; used layer=dermis; skin preparation=heat separation; storage temperature (°C)=unknown; storage duration (days)=unknown; neat=0; donor/skin surface temperature (°C)=35; donor pH=7.4; donor type=PBS; acceptor temperature (°C)=35; acceptor pH=7.4; acceptor type=PBS with bovine serum albumin; cell type=Franz cell
425,1-Octanol,CCCCCCCCO,CCCCCCCCO,-5.76400000,-4.78834575,0.97565425,0.97565425,False,Abdominoplasty,abdomen,dermis,heat separation,unknown,unknown,0,35,7.4,PBS,35,7.4,PBS with bovine serum albumin,Franz cell,"Cross, 2003",10.1046/j.1523-1747.2003.12131.x,https://doi.org/10.1046/j.1523-1747.2003.12131.x,2.33920000,130.13576520,skin source type=Abdominoplasty; skin source site=abdomen; used layer=dermis; skin preparation=heat separation; storage temperature (°C)=unknown; storage duration (days)=unknown; neat=0; donor/skin surface temperature (°C)=35; donor pH=7.4; donor type=PBS; acceptor temperature (°C)=35; acceptor pH=7.4; acceptor type=PBS with bovine serum albumin; cell type=Franz cell
426,2-Amino-4-Nitrophenol,[O-][N+](=O)c1ccc(c(c1)N)O,Nc1cc([N+](=O)[O-])ccc1O,-6.73700000,-6.69091160,0.04608840,0.04608840,True,Cadaver,abdomen,epidermis,heat separation,4,28,0,32,unknown,Water,32,unknown,NaCl solution,Glass diffusion cell,"Bronaugh, 1984",10.1111/1523-1747.ep12263302,https://doi.org/10.1111/1523-1747.ep12263302,0.88260000,154.03784205,skin source type=Cadaver; skin source site=abdomen; used layer=epidermis; skin preparation=heat separation; storage temperature (°C)=4; storage duration (days)=28; neat=0; donor/skin surface temperature (°C)=32; donor pH=unknown; donor type=Water; acceptor temperature (°C)=32; acceptor pH=unknown; acceptor type=NaCl solution; cell type=Glass diffusion cell
427,4-Amino-2-Nitrophenol,Nc1ccc(c(c1)[N+](=O)[O-])O,Nc1ccc(O)c([N+](=O)[O-])c1,-6.10900000,-7.23604440,-1.12704440,1.12704440,False,Cadaver,abdomen,epidermis,heat separation,4,28,0,32,unknown,Water,32,unknown,NaCl solution,Glass diffusion cell,"Bronaugh, 1984",10.1111/1523-1747.ep12263302,https://doi.org/10.1111/1523-1747.ep12263302,0.88260000,154.03784205,skin source type=Cadaver; skin source site=abdomen; used layer=epidermis; skin preparation=heat separation; storage temperature (°C)=4; storage duration (days)=28; neat=0; donor/skin surface temperature (°C)=32; donor pH=unknown; donor type=Water; acceptor temperature (°C)=32; acceptor pH=unknown; acceptor type=NaCl solution; cell type=Glass diffusion cell
428,1-Butanol,CCCCO,CCCCO,-4.70300000,-5.97248886,-1.26948886,1.26948886,False,Abdominoplasty,abdomen,epidermis without stratum corneum,tape-stripped,-20,unknown,0,unknown,unknown,unknown,37,unknown,unknown,Glass diffusion cell,"Chantasart, 2010",10.1007/s11095-010-0181-z,https://doi.org/10.1007/s11095-010-0181-z,0.77880000,74.07316494,skin source type=Abdominoplasty; skin source site=abdomen; used layer=epidermis without stratum corneum; skin preparation=tape-stripped; storage temperature (°C)=-20; storage duration (days)=unknown; neat=0; donor/skin surface temperature (°C)=unknown; donor pH=unknown; donor type=unknown; acceptor temperature (°C)=37; acceptor pH=unknown; acceptor type=unknown; cell type=Glass diffusion cell
429,1-Octanol,CCCCCCCCO,CCCCCCCCO,-4.83300000,-4.79457938,0.03842062,0.03842062,True,Abdominoplasty,abdomen,epidermis without stratum corneum,tape-stripped,-20,unknown,0,unknown,unknown,unknown,37,unknown,unknown,Glass diffusion cell,"Chantasart, 2010",10.1007/s11095-010-0181-z,https://doi.org/10.1007/s11095-010-0181-z,2.33920000,130.13576520,skin source type=Abdominoplasty; skin source site=abdomen; used layer=epidermis without stratum corneum; skin preparation=tape-stripped; storage temperature (°C)=-20; storage duration (days)=unknown; neat=0; donor/skin surface temperature (°C)=unknown; donor pH=unknown; donor type=unknown; acceptor temperature (°C)=37; acceptor pH=unknown; acceptor type=unknown; cell type=Glass diffusion cell
430,1-Octyl-2-Pyrrolidone,CCCCCCCCN1CCCC1=O,CCCCCCCCN1CCCC1=O,-4.81000000,-5.40574154,-0.59574154,0.59574154,True,Abdominoplasty,abdomen,epidermis without stratum corneum,tape-stripped,-20,unknown,0,unknown,unknown,unknown,37,unknown,unknown,Glass diffusion cell,"Chantasart, 2010",10.1007/s11095-010-0181-z,https://doi.org/10.1007/s11095-010-0181-z,2.96930000,197.17796436,skin source type=Abdominoplasty; skin source site=abdomen; used layer=epidermis without stratum corneum; skin preparation=tape-stripped; storage temperature (°C)=-20; storage duration (days)=unknown; neat=0; donor/skin surface temperature (°C)=unknown; donor pH=unknown; donor type=unknown; acceptor temperature (°C)=37; acceptor pH=unknown; acceptor type=unknown; cell type=Glass diffusion cell
432,Amphetamine,CC(Cc1ccccc1)N,CC(N)Cc1ccccc1,-4.59200000,-4.98612741,-0.39412741,0.39412741,True,Cadaver,thigh,dermis,"heat separation, hydrated",4,unknown,0,unknown,unknown,unknown,unknown,7,Ringer solution,Glass diffusion cell,"Galey, 1976",10.1111/1523-1747.ep12598596,https://doi.org/10.1111/1523-1747.ep12598596,1.57630000,135.10479942,"skin source type=Cadaver; skin source site=thigh; used layer=dermis; skin preparation=heat separation, hydrated; storage temperature (°C)=4; storage duration (days)=unknown; neat=0; donor/skin surface temperature (°C)=unknown; donor pH=unknown; donor type=unknown; acceptor temperature (°C)=unknown; acceptor pH=7; acceptor type=Ringer solution; cell type=Glass diffusion cell"
433,Estradiol,Oc1ccc2c(c1)CC[C@@H]1[C@@H]2CC[C@]2([C@H]1CC[C@@H]2O)C,C[C@]12CC[C@@H]3c4ccc(O)cc4CC[C@H]3[C@@H]1CC[C@@H]2O,-4.81500000,-6.13682104,-1.32182104,1.32182104,False,Cadaver,thigh,dermis,"heat separation, hydrated",4,unknown,0,unknown,unknown,unknown,unknown,7,Ringer solution,Glass diffusion cell,"Galey, 1976",10.1111/1523-1747.ep12598596,https://doi.org/10.1111/1523-1747.ep12598596,3.60920000,272.17763001,"skin source type=Cadaver; skin source site=thigh; used layer=dermis; skin preparation=heat separation, hydrated; storage temperature (°C)=4; storage duration (days)=unknown; neat=0; donor/skin surface temperature (°C)=unknown; donor pH=unknown; donor type=unknown; acceptor temperature (°C)=unknown; acceptor pH=7; acceptor type=Ringer solution; cell type=Glass diffusion cell"
435,Flufenamic acid,OC(=O)c1ccccc1Nc1cccc(c1)C(F)(F)F,O=C(O)c1ccccc1Nc1cccc(C(F)(F)F)c1,-6.20100000,-6.14900596,0.05199404,0.05199404,True,Abdominoplasty,abdomen,stratum corneum,trypsinisation,-26,180,0,32,7.4,Sorensen buffer,32,7.4,PBS,Franz cell,"Henning, 2008",10.1159/000112958,https://doi.org/10.1159/000112958,4.14720000,281.06636322,skin source type=Abdominoplasty; skin source site=abdomen; used layer=stratum corneum; skin preparation=trypsinisation; storage temperature (°C)=-26; storage duration (days)=180; neat=0; donor/skin surface temperature (°C)=32; donor pH=7.4; donor type=Sorensen buffer; acceptor temperature (°C)=32; acceptor pH=7.4; acceptor type=PBS; cell type=Franz cell
436,Flufenamic acid,OC(=O)c1ccccc1Nc1cccc(c1)C(F)(F)F,O=C(O)c1ccccc1Nc1cccc(C(F)(F)F)c1,-6.09400000,-6.14900596,-0.05500596,0.05500596,True,Abdominoplasty,abdomen,dermis,heat separation,-26,180,0,32,7.4,Sorensen buffer,32,7.4,PBS,Franz cell,"Henning, 2008",10.1159/000112958,https://doi.org/10.1159/000112958,4.14720000,281.06636322,skin source type=Abdominoplasty; skin source site=abdomen; used layer=dermis; skin preparation=heat separation; storage temperature (°C)=-26; storage duration (days)=180; neat=0; donor/skin surface temperature (°C)=32; donor pH=7.4; donor type=Sorensen buffer; acceptor temperature (°C)=32; acceptor pH=7.4; acceptor type=PBS; cell type=Franz cell
437,Flufenamic acid,OC(=O)c1ccccc1Nc1cccc(c1)C(F)(F)F,O=C(O)c1ccccc1Nc1cccc(C(F)(F)F)c1,-6.11100000,-6.14900596,-0.03800596,0.03800596,True,Abdominoplasty,abdomen,"epidermis, dermis",dermatomed 500um,-26,180,0,32,7.4,Sorensen buffer,32,7.4,PBS,Franz cell,"Henning, 2008",10.1159/000112958,https://doi.org/10.1159/000112958,4.14720000,281.06636322,"skin source type=Abdominoplasty; skin source site=abdomen; used layer=epidermis, dermis; skin preparation=dermatomed 500um; storage temperature (°C)=-26; storage duration (days)=180; neat=0; donor/skin surface temperature (°C)=32; donor pH=7.4; donor type=Sorensen buffer; acceptor temperature (°C)=32; acceptor pH=7.4; acceptor type=PBS; cell type=Franz cell"
439,Butyl p-aminobenzoate,CCCCOC(=O)c1ccc(cc1)N,CCCCOC(=O)c1ccc(N)cc1,-4.41000000,-5.00240509,-0.59240509,0.59240509,True,Cadaver,thigh,"epidermis, dermis without stratum corneum","dermatomed, tape-stripped",4,unknown,0,25,unknown,unknown,25,unknown,unknown,Flow through cell,"Roy, 1993",10.1002/jps.2600821217,https://doi.org/10.1002/jps.2600821217,2.22570000,193.11027872,"skin source type=Cadaver; skin source site=thigh; used layer=epidermis, dermis without stratum corneum; skin preparation=dermatomed, tape-stripped; storage temperature (°C)=4; storage duration (days)=unknown; neat=0; donor/skin surface temperature (°C)=25; donor pH=unknown; donor type=unknown; acceptor temperature (°C)=25; acceptor pH=unknown; acceptor type=unknown; cell type=Flow through cell"
441,1-Pentanol,CCCCCO,CCCCCO,-2.77800000,-5.75408847,-2.97608847,2.97608847,False,Cadaver,abdomen,dermis,heat separation,4,unknown,0,25,unknown,unknown,unknown,unknown,Water,Pyrex cell,"Scheuplein, 1971",10.1152/physrev.1971.51.4.702,https://doi.org/10.1152/physrev.1971.51.4.702,1.16890000,88.08881500,skin source type=Cadaver; skin source site=abdomen; used layer=dermis; skin preparation=heat separation; storage temperature (°C)=4; storage duration (days)=unknown; neat=0; donor/skin surface temperature (°C)=25; donor pH=unknown; donor type=unknown; acceptor temperature (°C)=unknown; acceptor pH=unknown; acceptor type=Water; cell type=Pyrex cell
442,1-Butanol,CCCCO,CCCCO,-6.55600000,-5.98849686,0.56750314,0.56750314,True,Cadaver,abdomen,dermis,heat separation,4,unknown,1,25,unknown,unknown,unknown,unknown,Water,Pyrex cell,"Scheuplein, 1973",10.1111/1523-1747.ep12723090,https://doi.org/10.1111/1523-1747.ep12723090,0.77880000,74.07316494,skin source type=Cadaver; skin source site=abdomen; used layer=dermis; skin preparation=heat separation; storage temperature (°C)=4; storage duration (days)=unknown; neat=1; donor/skin surface temperature (°C)=25; donor pH=unknown; donor type=unknown; acceptor temperature (°C)=unknown; acceptor pH=unknown; acceptor type=Water; cell type=Pyrex cell
443,1-Butanol,CCCCO,CCCCO,-5.07900000,-5.98849686,-0.90949686,0.90949686,False,Cadaver,abdomen,dermis,heat separation,4,unknown,0,25,unknown,unknown,unknown,unknown,Water,Pyrex cell,"Scheuplein, 1973",10.1111/1523-1747.ep12723090,https://doi.org/10.1111/1523-1747.ep12723090,0.77880000,74.07316494,skin source type=Cadaver; skin source site=abdomen; used layer=dermis; skin preparation=heat separation; storage temperature (°C)=4; storage duration (days)=unknown; neat=0; donor/skin surface temperature (°C)=25; donor pH=unknown; donor type=unknown; acceptor temperature (°C)=unknown; acceptor pH=unknown; acceptor type=Water; cell type=Pyrex cell
444,Ethanol,CCO,CCO,-5.71100000,-6.54635716,-0.83535716,0.83535716,False,Cadaver,abdomen,dermis,heat separation,4,unknown,1,25,unknown,unknown,unknown,unknown,Water,Pyrex cell,"Scheuplein, 1973",10.1111/1523-1747.ep12723090,https://doi.org/10.1111/1523-1747.ep12723090,-0.00140000,46.04186481,skin source type=Cadaver; skin source site=abdomen; used layer=dermis; skin preparation=heat separation; storage temperature (°C)=4; storage duration (days)=unknown; neat=1; donor/skin surface temperature (°C)=25; donor pH=unknown; donor type=unknown; acceptor temperature (°C)=unknown; acceptor pH=unknown; acceptor type=Water; cell type=Pyrex cell
445,Ethanol,CCO,CCO,-5.01200000,-6.54635716,-1.53435716,1.53435716,False,Cadaver,abdomen,dermis,heat separation,4,unknown,0,25,unknown,unknown,unknown,unknown,Water,Pyrex cell,"Scheuplein, 1973",10.1111/1523-1747.ep12723090,https://doi.org/10.1111/1523-1747.ep12723090,-0.00140000,46.04186481,skin source type=Cadaver; skin source site=abdomen; used layer=dermis; skin preparation=heat separation; storage temperature (°C)=4; storage duration (days)=unknown; neat=0; donor/skin surface temperature (°C)=25; donor pH=unknown; donor type=unknown; acceptor temperature (°C)=unknown; acceptor pH=unknown; acceptor type=Water; cell type=Pyrex cell
446,1-Heptanol,CCCCCCCO,CCCCCCCO,-5.15800000,-4.98629365,0.17170635,0.17170635,True,Cadaver,abdomen,dermis,heat separation,4,unknown,0,25,unknown,unknown,unknown,unknown,Water,Pyrex cell,"Scheuplein, 1973",10.1111/1523-1747.ep12723090,https://doi.org/10.1111/1523-1747.ep12723090,1.94910000,116.12011513,skin source type=Cadaver; skin source site=abdomen; used layer=dermis; skin preparation=heat separation; storage temperature (°C)=4; storage duration (days)=unknown; neat=0; donor/skin surface temperature (°C)=25; donor pH=unknown; donor type=unknown; acceptor temperature (°C)=unknown; acceptor pH=unknown; acceptor type=Water; cell type=Pyrex cell
447,1-Heptanol,CCCCCCCO,CCCCCCCO,-7.71100000,-4.98629365,2.72470635,2.72470635,False,Cadaver,abdomen,dermis,heat separation,4,unknown,1,25,unknown,unknown,unknown,unknown,Water,Pyrex cell,"Scheuplein, 1973",10.1111/1523-1747.ep12723090,https://doi.org/10.1111/1523-1747.ep12723090,1.94910000,116.12011513,skin source type=Cadaver; skin source site=abdomen; used layer=dermis; skin preparation=heat separation; storage temperature (°C)=4; storage duration (days)=unknown; neat=1; donor/skin surface temperature (°C)=25; donor pH=unknown; donor type=unknown; acceptor temperature (°C)=unknown; acceptor pH=unknown; acceptor type=Water; cell type=Pyrex cell
448,1-Hexanol,CCCCCCO,CCCCCCO,-5.25500000,-5.27018096,-0.01518096,0.01518096,True,Cadaver,abdomen,dermis,heat separation,4,unknown,0,25,unknown,unknown,unknown,unknown,Water,Pyrex cell,"Scheuplein, 1973",10.1111/1523-1747.ep12723090,https://doi.org/10.1111/1523-1747.ep12723090,1.55900000,102.10446507,skin source type=Cadaver; skin source site=abdomen; used layer=dermis; skin preparation=heat separation; storage temperature (°C)=4; storage duration (days)=unknown; neat=0; donor/skin surface temperature (°C)=25; donor pH=unknown; donor type=unknown; acceptor temperature (°C)=unknown; acceptor pH=unknown; acceptor type=Water; cell type=Pyrex cell
449,1-Hexanol,CCCCCCO,CCCCCCO,-7.01200000,-5.27018096,1.74181904,1.74181904,False,Cadaver,abdomen,dermis,heat separation,4,unknown,1,25,unknown,unknown,unknown,unknown,Water,Pyrex cell,"Scheuplein, 1973",10.1111/1523-1747.ep12723090,https://doi.org/10.1111/1523-1747.ep12723090,1.55900000,102.10446507,skin source type=Cadaver; skin source site=abdomen; used layer=dermis; skin preparation=heat separation; storage temperature (°C)=4; storage duration (days)=unknown; neat=1; donor/skin surface temperature (°C)=25; donor pH=unknown; donor type=unknown; acceptor temperature (°C)=unknown; acceptor pH=unknown; acceptor type=Water; cell type=Pyrex cell
450,Methanol,CO,CO,-5.19500000,-6.67327972,-1.47827972,1.47827972,False,Cadaver,abdomen,dermis,heat separation,4,unknown,1,25,unknown,unknown,unknown,unknown,Water,Pyrex cell,"Scheuplein, 1973",10.1111/1523-1747.ep12723090,https://doi.org/10.1111/1523-1747.ep12723090,-0.39150000,32.02621475,skin source type=Cadaver; skin source site=abdomen; used layer=dermis; skin preparation=heat separation; storage temperature (°C)=4; storage duration (days)=unknown; neat=1; donor/skin surface temperature (°C)=25; donor pH=unknown; donor type=unknown; acceptor temperature (°C)=unknown; acceptor pH=unknown; acceptor type=Water; cell type=Pyrex cell
451,Methanol,CO,CO,-4.83200000,-6.67327972,-1.84127972,1.84127972,False,Cadaver,abdomen,dermis,heat separation,4,unknown,0,25,unknown,unknown,unknown,unknown,Water,Pyrex cell,"Scheuplein, 1973",10.1111/1523-1747.ep12723090,https://doi.org/10.1111/1523-1747.ep12723090,-0.39150000,32.02621475,skin source type=Cadaver; skin source site=abdomen; used layer=dermis; skin preparation=heat separation; storage temperature (°C)=4; storage duration (days)=unknown; neat=0; donor/skin surface temperature (°C)=25; donor pH=unknown; donor type=unknown; acceptor temperature (°C)=unknown; acceptor pH=unknown; acceptor type=Water; cell type=Pyrex cell
452,1-Octanol,CCCCCCCCO,CCCCCCCCO,-5.14100000,-4.73831328,0.40268672,0.40268672,True,Cadaver,abdomen,dermis,heat separation,4,unknown,0,25,unknown,unknown,unknown,unknown,Water,Pyrex cell,"Scheuplein, 1973",10.1111/1523-1747.ep12723090,https://doi.org/10.1111/1523-1747.ep12723090,2.33920000,130.13576520,skin source type=Cadaver; skin source site=abdomen; used layer=dermis; skin preparation=heat separation; storage temperature (°C)=4; storage duration (days)=unknown; neat=0; donor/skin surface temperature (°C)=25; donor pH=unknown; donor type=unknown; acceptor temperature (°C)=unknown; acceptor pH=unknown; acceptor type=Water; cell type=Pyrex cell
453,1-Octanol,CCCCCCCCO,CCCCCCCCO,-8.25500000,-4.73831328,3.51668672,3.51668672,False,Cadaver,abdomen,dermis,heat separation,4,unknown,1,25,unknown,unknown,unknown,unknown,Water,Pyrex cell,"Scheuplein, 1973",10.1111/1523-1747.ep12723090,https://doi.org/10.1111/1523-1747.ep12723090,2.33920000,130.13576520,skin source type=Cadaver; skin source site=abdomen; used layer=dermis; skin preparation=heat separation; storage temperature (°C)=4; storage duration (days)=unknown; neat=1; donor/skin surface temperature (°C)=25; donor pH=unknown; donor type=unknown; acceptor temperature (°C)=unknown; acceptor pH=unknown; acceptor type=Water; cell type=Pyrex cell
454,1-Pentanol,CCCCCO,CCCCCO,-5.17600000,-5.75408847,-0.57808847,0.57808847,True,Cadaver,abdomen,dermis,heat separation,4,unknown,0,25,unknown,unknown,unknown,unknown,Water,Pyrex cell,"Scheuplein, 1973",10.1111/1523-1747.ep12723090,https://doi.org/10.1111/1523-1747.ep12723090,1.16890000,88.08881500,skin source type=Cadaver; skin source site=abdomen; used layer=dermis; skin preparation=heat separation; storage temperature (°C)=4; storage duration (days)=unknown; neat=0; donor/skin surface temperature (°C)=25; donor pH=unknown; donor type=unknown; acceptor temperature (°C)=unknown; acceptor pH=unknown; acceptor type=Water; cell type=Pyrex cell
455,1-Pentanol,CCCCCO,CCCCCO,-6.65300000,-5.75408847,0.89891153,0.89891153,False,Cadaver,abdomen,dermis,heat separation,4,unknown,1,25,unknown,unknown,unknown,unknown,Water,Pyrex cell,"Scheuplein, 1973",10.1111/1523-1747.ep12723090,https://doi.org/10.1111/1523-1747.ep12723090,1.16890000,88.08881500,skin source type=Cadaver; skin source site=abdomen; used layer=dermis; skin preparation=heat separation; storage temperature (°C)=4; storage duration (days)=unknown; neat=1; donor/skin surface temperature (°C)=25; donor pH=unknown; donor type=unknown; acceptor temperature (°C)=unknown; acceptor pH=unknown; acceptor type=Water; cell type=Pyrex cell
456,1-Propanol,CCCO,CCCO,-5.06500000,-6.40916063,-1.34416063,1.34416063,False,Cadaver,abdomen,dermis,heat separation,4,unknown,0,25,unknown,unknown,unknown,unknown,Water,Pyrex cell,"Scheuplein, 1973",10.1111/1523-1747.ep12723090,https://doi.org/10.1111/1523-1747.ep12723090,0.38870000,60.05751488,skin source type=Cadaver; skin source site=abdomen; used layer=dermis; skin preparation=heat separation; storage temperature (°C)=4; storage duration (days)=unknown; neat=0; donor/skin surface temperature (°C)=25; donor pH=unknown; donor type=unknown; acceptor temperature (°C)=unknown; acceptor pH=unknown; acceptor type=Water; cell type=Pyrex cell
457,1-Propanol,CCCO,CCCO,-6.30100000,-6.40916063,-0.10816063,0.10816063,True,Cadaver,abdomen,dermis,heat separation,4,unknown,1,25,unknown,unknown,unknown,unknown,Water,Pyrex cell,"Scheuplein, 1973",10.1111/1523-1747.ep12723090,https://doi.org/10.1111/1523-1747.ep12723090,0.38870000,60.05751488,skin source type=Cadaver; skin source site=abdomen; used layer=dermis; skin preparation=heat separation; storage temperature (°C)=4; storage duration (days)=unknown; neat=1; donor/skin surface temperature (°C)=25; donor pH=unknown; donor type=unknown; acceptor temperature (°C)=unknown; acceptor pH=unknown; acceptor type=Water; cell type=Pyrex cell
458,Fentanyl,CCC(=O)N(c1ccccc1)C1CCN(CC1)CCc1ccccc1,CCC(=O)N(c1ccccc1)C1CCN(CCc2ccccc2)CC1,-7.07900000,-5.51023571,1.56876429,1.56876429,False,Cadaver,thigh,"epidermis, dermis",dermatomed,-20,unknown,0,37,2.88,Citrate-phosphate buffer,37,7.4,unknown,unknown,"Roy, 1990",10.1023/A:1015912932416,https://doi.org/10.1023/A:1015912932416,4.13670000,336.22016352,"skin source type=Cadaver; skin source site=thigh; used layer=epidermis, dermis; skin preparation=dermatomed; storage temperature (°C)=-20; storage duration (days)=unknown; neat=0; donor/skin surface temperature (°C)=37; donor pH=2.88; donor type=Citrate-phosphate buffer; acceptor temperature (°C)=37; acceptor pH=7.4; acceptor type=unknown; cell type=unknown"
459,Fentanyl,CCC(=O)N(c1ccccc1)C1CCN(CC1)CCc1ccccc1,CCC(=O)N(c1ccccc1)C1CCN(CCc2ccccc2)CC1,-6.44200000,-5.51023571,0.93176429,0.93176429,False,Cadaver,thigh,"epidermis, dermis",dermatomed,-20,unknown,0,37,5.08,Citrate-phosphate buffer,37,7.4,unknown,unknown,"Roy, 1990",10.1023/A:1015912932416,https://doi.org/10.1023/A:1015912932416,4.13670000,336.22016352,"skin source type=Cadaver; skin source site=thigh; used layer=epidermis, dermis; skin preparation=dermatomed; storage temperature (°C)=-20; storage duration (days)=unknown; neat=0; donor/skin surface temperature (°C)=37; donor pH=5.08; donor type=Citrate-phosphate buffer; acceptor temperature (°C)=37; acceptor pH=7.4; acceptor type=unknown; cell type=unknown"
460,Fentanyl,CCC(=O)N(c1ccccc1)C1CCN(CC1)CCc1ccccc1,CCC(=O)N(c1ccccc1)C1CCN(CCc2ccccc2)CC1,-5.84900000,-5.51023571,0.33876429,0.33876429,True,Cadaver,thigh,"epidermis, dermis",dermatomed,-20,unknown,0,37,6.02,Citrate-phosphate buffer,37,7.4,unknown,unknown,"Roy, 1990",10.1023/A:1015912932416,https://doi.org/10.1023/A:1015912932416,4.13670000,336.22016352,"skin source type=Cadaver; skin source site=thigh; used layer=epidermis, dermis; skin preparation=dermatomed; storage temperature (°C)=-20; storage duration (days)=unknown; neat=0; donor/skin surface temperature (°C)=37; donor pH=6.02; donor type=Citrate-phosphate buffer; acceptor temperature (°C)=37; acceptor pH=7.4; acceptor type=unknown; cell type=unknown"
461,Fentanyl,CCC(=O)N(c1ccccc1)C1CCN(CC1)CCc1ccccc1,CCC(=O)N(c1ccccc1)C1CCN(CCc2ccccc2)CC1,-5.70500000,-5.51023571,0.19476429,0.19476429,True,Cadaver,thigh,"epidermis, dermis",dermatomed,-20,unknown,0,37,6.95,Citrate-phosphate buffer,37,7.4,unknown,unknown,"Roy, 1990",10.1023/A:1015912932416,https://doi.org/10.1023/A:1015912932416,4.13670000,336.22016352,"skin source type=Cadaver; skin source site=thigh; used layer=epidermis, dermis; skin preparation=dermatomed; storage temperature (°C)=-20; storage duration (days)=unknown; neat=0; donor/skin surface temperature (°C)=37; donor pH=6.95; donor type=Citrate-phosphate buffer; acceptor temperature (°C)=37; acceptor pH=7.4; acceptor type=unknown; cell type=unknown"
462,Fentanyl,CCC(=O)N(c1ccccc1)C1CCN(CC1)CCc1ccccc1,CCC(=O)N(c1ccccc1)C1CCN(CCc2ccccc2)CC1,-5.45200000,-5.51023571,-0.05823571,0.05823571,True,Cadaver,thigh,"epidermis, dermis",dermatomed,-20,unknown,0,37,7.43,Potassium phosphate buffer,37,7.4,unknown,unknown,"Roy, 1990",10.1023/A:1015912932416,https://doi.org/10.1023/A:1015912932416,4.13670000,336.22016352,"skin source type=Cadaver; skin source site=thigh; used layer=epidermis, dermis; skin preparation=dermatomed; storage temperature (°C)=-20; storage duration (days)=unknown; neat=0; donor/skin surface temperature (°C)=37; donor pH=7.43; donor type=Potassium phosphate buffer; acceptor temperature (°C)=37; acceptor pH=7.4; acceptor type=unknown; cell type=unknown"
463,Fentanyl,CCC(=O)N(c1ccccc1)C1CCN(CC1)CCc1ccccc1,CCC(=O)N(c1ccccc1)C1CCN(CCc2ccccc2)CC1,-5.20600000,-5.51023571,-0.30423571,0.30423571,True,Cadaver,thigh,"epidermis, dermis",dermatomed,-20,unknown,0,37,7.95,Potassium phosphate buffer,37,7.4,unknown,unknown,"Roy, 1990",10.1023/A:1015912932416,https://doi.org/10.1023/A:1015912932416,4.13670000,336.22016352,"skin source type=Cadaver; skin source site=thigh; used layer=epidermis, dermis; skin preparation=dermatomed; storage temperature (°C)=-20; storage duration (days)=unknown; neat=0; donor/skin surface temperature (°C)=37; donor pH=7.95; donor type=Potassium phosphate buffer; acceptor temperature (°C)=37; acceptor pH=7.4; acceptor type=unknown; cell type=unknown"
464,Fentanyl,CCC(=O)N(c1ccccc1)C1CCN(CC1)CCc1ccccc1,CCC(=O)N(c1ccccc1)C1CCN(CCc2ccccc2)CC1,-5.11500000,-5.51023571,-0.39523571,0.39523571,True,Cadaver,thigh,"epidermis, dermis",dermatomed,-20,unknown,0,37,8.52,Potassium phosphate buffer,37,7.4,unknown,unknown,"Roy, 1990",10.1023/A:1015912932416,https://doi.org/10.1023/A:1015912932416,4.13670000,336.22016352,"skin source type=Cadaver; skin source site=thigh; used layer=epidermis, dermis; skin preparation=dermatomed; storage temperature (°C)=-20; storage duration (days)=unknown; neat=0; donor/skin surface temperature (°C)=37; donor pH=8.52; donor type=Potassium phosphate buffer; acceptor temperature (°C)=37; acceptor pH=7.4; acceptor type=unknown; cell type=unknown"
465,Fentanyl,CCC(=O)N(c1ccccc1)C1CCN(CC1)CCc1ccccc1,CCC(=O)N(c1ccccc1)C1CCN(CCc2ccccc2)CC1,-5.01300000,-5.51023571,-0.49723571,0.49723571,True,Cadaver,thigh,"epidermis, dermis",dermatomed,-20,unknown,0,37,9.04,Potassium phosphate buffer,37,7.4,unknown,unknown,"Roy, 1990",10.1023/A:1015912932416,https://doi.org/10.1023/A:1015912932416,4.13670000,336.22016352,"skin source type=Cadaver; skin source site=thigh; used layer=epidermis, dermis; skin preparation=dermatomed; storage temperature (°C)=-20; storage duration (days)=unknown; neat=0; donor/skin surface temperature (°C)=37; donor pH=9.04; donor type=Potassium phosphate buffer; acceptor temperature (°C)=37; acceptor pH=7.4; acceptor type=unknown; cell type=unknown"
466,Fentanyl,CCC(=O)N(c1ccccc1)C1CCN(CC1)CCc1ccccc1,CCC(=O)N(c1ccccc1)C1CCN(CCc2ccccc2)CC1,-5.03900000,-5.51023571,-0.47123571,0.47123571,True,Cadaver,thigh,"epidermis, dermis",dermatomed,-20,unknown,0,37,9.37,Potassium phosphate buffer,37,7.4,unknown,unknown,"Roy, 1990",10.1023/A:1015912932416,https://doi.org/10.1023/A:1015912932416,4.13670000,336.22016352,"skin source type=Cadaver; skin source site=thigh; used layer=epidermis, dermis; skin preparation=dermatomed; storage temperature (°C)=-20; storage duration (days)=unknown; neat=0; donor/skin surface temperature (°C)=37; donor pH=9.37; donor type=Potassium phosphate buffer; acceptor temperature (°C)=37; acceptor pH=7.4; acceptor type=unknown; cell type=unknown"
467,Sufentanil,COCC1(CCN(CC1)CCc1cccs1)N(c1ccccc1)C(=O)CC,CCC(=O)N(c1ccccc1)C1(COC)CCN(CCc2cccs2)CC1,-6.89400000,-5.39696371,1.49703629,1.49703629,False,Cadaver,thigh,"epidermis, dermis",dermatomed,-20,unknown,0,37,2.88,Citrate-phosphate buffer,37,7.4,unknown,unknown,"Roy, 1990",10.1023/A:1015912932416,https://doi.org/10.1023/A:1015912932416,4.21480000,386.20279920,"skin source type=Cadaver; skin source site=thigh; used layer=epidermis, dermis; skin preparation=dermatomed; storage temperature (°C)=-20; storage duration (days)=unknown; neat=0; donor/skin surface temperature (°C)=37; donor pH=2.88; donor type=Citrate-phosphate buffer; acceptor temperature (°C)=37; acceptor pH=7.4; acceptor type=unknown; cell type=unknown"
468,Sufentanil,COCC1(CCN(CC1)CCc1cccs1)N(c1ccccc1)C(=O)CC,CCC(=O)N(c1ccccc1)C1(COC)CCN(CCc2cccs2)CC1,-6.15800000,-5.39696371,0.76103629,0.76103629,False,Cadaver,thigh,"epidermis, dermis",dermatomed,-20,unknown,0,37,5.08,Citrate-phosphate buffer,37,7.4,unknown,unknown,"Roy, 1990",10.1023/A:1015912932416,https://doi.org/10.1023/A:1015912932416,4.21480000,386.20279920,"skin source type=Cadaver; skin source site=thigh; used layer=epidermis, dermis; skin preparation=dermatomed; storage temperature (°C)=-20; storage duration (days)=unknown; neat=0; donor/skin surface temperature (°C)=37; donor pH=5.08; donor type=Citrate-phosphate buffer; acceptor temperature (°C)=37; acceptor pH=7.4; acceptor type=unknown; cell type=unknown"
469,Sufentanil,COCC1(CCN(CC1)CCc1cccs1)N(c1ccccc1)C(=O)CC,CCC(=O)N(c1ccccc1)C1(COC)CCN(CCc2cccs2)CC1,-5.76400000,-5.39696371,0.36703629,0.36703629,True,Cadaver,thigh,"epidermis, dermis",dermatomed,-20,unknown,0,37,6.02,Citrate-phosphate buffer,37,7.4,unknown,unknown,"Roy, 1990",10.1023/A:1015912932416,https://doi.org/10.1023/A:1015912932416,4.21480000,386.20279920,"skin source type=Cadaver; skin source site=thigh; used layer=epidermis, dermis; skin preparation=dermatomed; storage temperature (°C)=-20; storage duration (days)=unknown; neat=0; donor/skin surface temperature (°C)=37; donor pH=6.02; donor type=Citrate-phosphate buffer; acceptor temperature (°C)=37; acceptor pH=7.4; acceptor type=unknown; cell type=unknown"
470,Sufentanil,COCC1(CCN(CC1)CCc1cccs1)N(c1ccccc1)C(=O)CC,CCC(=O)N(c1ccccc1)C1(COC)CCN(CCc2cccs2)CC1,-5.55200000,-5.39696371,0.15503629,0.15503629,True,Cadaver,thigh,"epidermis, dermis",dermatomed,-20,unknown,0,37,6.95,Citrate-phosphate buffer,37,7.4,unknown,unknown,"Roy, 1990",10.1023/A:1015912932416,https://doi.org/10.1023/A:1015912932416,4.21480000,386.20279920,"skin source type=Cadaver; skin source site=thigh; used layer=epidermis, dermis; skin preparation=dermatomed; storage temperature (°C)=-20; storage duration (days)=unknown; neat=0; donor/skin surface temperature (°C)=37; donor pH=6.95; donor type=Citrate-phosphate buffer; acceptor temperature (°C)=37; acceptor pH=7.4; acceptor type=unknown; cell type=unknown"
471,Sufentanil,COCC1(CCN(CC1)CCc1cccs1)N(c1ccccc1)C(=O)CC,CCC(=O)N(c1ccccc1)C1(COC)CCN(CCc2cccs2)CC1,-5.36000000,-5.39696371,-0.03696371,0.03696371,True,Cadaver,thigh,"epidermis, dermis",dermatomed,-20,unknown,0,37,7.43,Potassium phosphate buffer,37,7.4,unknown,unknown,"Roy, 1990",10.1023/A:1015912932416,https://doi.org/10.1023/A:1015912932416,4.21480000,386.20279920,"skin source type=Cadaver; skin source site=thigh; used layer=epidermis, dermis; skin preparation=dermatomed; storage temperature (°C)=-20; storage duration (days)=unknown; neat=0; donor/skin surface temperature (°C)=37; donor pH=7.43; donor type=Potassium phosphate buffer; acceptor temperature (°C)=37; acceptor pH=7.4; acceptor type=unknown; cell type=unknown"
472,Sufentanil,COCC1(CCN(CC1)CCc1cccs1)N(c1ccccc1)C(=O)CC,CCC(=O)N(c1ccccc1)C1(COC)CCN(CCc2cccs2)CC1,-5.19300000,-5.39696371,-0.20396371,0.20396371,True,Cadaver,thigh,"epidermis, dermis",dermatomed,-20,unknown,0,37,7.95,Potassium phosphate buffer,37,7.4,unknown,unknown,"Roy, 1990",10.1023/A:1015912932416,https://doi.org/10.1023/A:1015912932416,4.21480000,386.20279920,"skin source type=Cadaver; skin source site=thigh; used layer=epidermis, dermis; skin preparation=dermatomed; storage temperature (°C)=-20; storage duration (days)=unknown; neat=0; donor/skin surface temperature (°C)=37; donor pH=7.95; donor type=Potassium phosphate buffer; acceptor temperature (°C)=37; acceptor pH=7.4; acceptor type=unknown; cell type=unknown"
473,Sufentanil,COCC1(CCN(CC1)CCc1cccs1)N(c1ccccc1)C(=O)CC,CCC(=O)N(c1ccccc1)C1(COC)CCN(CCc2cccs2)CC1,-5.08200000,-5.39696371,-0.31496371,0.31496371,True,Cadaver,thigh,"epidermis, dermis",dermatomed,-20,unknown,0,37,8.52,Potassium phosphate buffer,37,7.4,unknown,unknown,"Roy, 1990",10.1023/A:1015912932416,https://doi.org/10.1023/A:1015912932416,4.21480000,386.20279920,"skin source type=Cadaver; skin source site=thigh; used layer=epidermis, dermis; skin preparation=dermatomed; storage temperature (°C)=-20; storage duration (days)=unknown; neat=0; donor/skin surface temperature (°C)=37; donor pH=8.52; donor type=Potassium phosphate buffer; acceptor temperature (°C)=37; acceptor pH=7.4; acceptor type=unknown; cell type=unknown"
474,Sufentanil,COCC1(CCN(CC1)CCc1cccs1)N(c1ccccc1)C(=O)CC,CCC(=O)N(c1ccccc1)C1(COC)CCN(CCc2cccs2)CC1,-5.01800000,-5.39696371,-0.37896371,0.37896371,True,Cadaver,thigh,"epidermis, dermis",dermatomed,-20,unknown,0,37,9.04,Potassium phosphate buffer,37,7.4,unknown,unknown,"Roy, 1990",10.1023/A:1015912932416,https://doi.org/10.1023/A:1015912932416,4.21480000,386.20279920,"skin source type=Cadaver; skin source site=thigh; used layer=epidermis, dermis; skin preparation=dermatomed; storage temperature (°C)=-20; storage duration (days)=unknown; neat=0; donor/skin surface temperature (°C)=37; donor pH=9.04; donor type=Potassium phosphate buffer; acceptor temperature (°C)=37; acceptor pH=7.4; acceptor type=unknown; cell type=unknown"
475,Sufentanil,COCC1(CCN(CC1)CCc1cccs1)N(c1ccccc1)C(=O)CC,CCC(=O)N(c1ccccc1)C1(COC)CCN(CCc2cccs2)CC1,-5.02900000,-5.39696371,-0.36796371,0.36796371,True,Cadaver,thigh,"epidermis, dermis",dermatomed,-20,unknown,0,37,9.37,Potassium phosphate buffer,37,7.4,unknown,unknown,"Roy, 1990",10.1023/A:1015912932416,https://doi.org/10.1023/A:1015912932416,4.21480000,386.20279920,"skin source type=Cadaver; skin source site=thigh; used layer=epidermis, dermis; skin preparation=dermatomed; storage temperature (°C)=-20; storage duration (days)=unknown; neat=0; donor/skin surface temperature (°C)=37; donor pH=9.37; donor type=Potassium phosphate buffer; acceptor temperature (°C)=37; acceptor pH=7.4; acceptor type=unknown; cell type=unknown"
476,Caffeine,Cn1cnc2c1c(=O)n(C)c(=O)n2C,Cn1c(=O)c2c(ncn2C)n(C)c1=O,-7.14500000,-6.92365842,0.22134158,0.22134158,True,unknown,leg,epidermis,heat separation,unknown,unknown,0,32,unknown,unknown,37,7.4,PBS,Franz cell,"Dias, 1999",10.1016/S0378-5173(99)00067-8,https://doi.org/10.1016/S0378-5173(99)00067-8,-1.02930000,194.08037556,skin source type=unknown; skin source site=leg; used layer=epidermis; skin preparation=heat separation; storage temperature (°C)=unknown; storage duration (days)=unknown; neat=0; donor/skin surface temperature (°C)=32; donor pH=unknown; donor type=unknown; acceptor temperature (°C)=37; acceptor pH=7.4; acceptor type=PBS; cell type=Franz cell
477,Salicylic acid,OC(=O)c1ccccc1O,O=C(O)c1ccccc1O,-6.21600000,-5.82096715,0.39503285,0.39503285,True,Cadaver,abdomen,"epidermis, dermis",dermatomed 600um,-80,60,0,32,unknown,Propylene glycol/Water (9:1),unknown,unknown,PBS with ethanol,Franz cell,"Schmook, 2001",10.1016/S0378-5173(00)00665-7,https://doi.org/10.1016/S0378-5173(00)00665-7,1.09040000,138.03169405,"skin source type=Cadaver; skin source site=abdomen; used layer=epidermis, dermis; skin preparation=dermatomed 600um; storage temperature (°C)=-80; storage duration (days)=60; neat=0; donor/skin surface temperature (°C)=32; donor pH=unknown; donor type=Propylene glycol/Water (9:1); acceptor temperature (°C)=unknown; acceptor pH=unknown; acceptor type=PBS with ethanol; cell type=Franz cell"
478,Hydrocortisone,OCC(=O)[C@@]1(O)CC[C@@H]2[C@]1(C)C[C@H](O)[C@H]1[C@H]2CCC2=CC(=O)CC[C@]12C,C[C@]12CCC(=O)C=C1CC[C@@H]1[C@@H]2[C@@H](O)C[C@@]2(C)[C@H]1CC[C@]2(O)C(=O)CO,-9.19500000,-7.35074328,1.84425672,1.84425672,False,Cadaver,abdomen,"epidermis, dermis",dermatomed 600um,-80,60,0,32,unknown,Propylene glycol,unknown,unknown,PBS with ethanol,Franz cell,"Schmook, 2001",10.1016/S0378-5173(00)00665-7,https://doi.org/10.1016/S0378-5173(00)00665-7,1.78160000,362.20932406,"skin source type=Cadaver; skin source site=abdomen; used layer=epidermis, dermis; skin preparation=dermatomed 600um; storage temperature (°C)=-80; storage duration (days)=60; neat=0; donor/skin surface temperature (°C)=32; donor pH=unknown; donor type=Propylene glycol; acceptor temperature (°C)=unknown; acceptor pH=unknown; acceptor type=PBS with ethanol; cell type=Franz cell"
482,Estradiol,Oc1ccc2c(c1)CC[C@@H]1[C@@H]2CC[C@]2([C@H]1CC[C@@H]2O)C,C[C@]12CC[C@@H]3c4ccc(O)cc4CC[C@H]3[C@@H]1CC[C@@H]2O,-6.55600000,-6.13682104,0.41917896,0.41917896,True,Abdominoplasty,abdomen,"epidermis, dermis",dermatomed 500um,4,14,0,32,unknown,"Ethanol/PBS (3:1, v/v)",32,unknown,unknown,unknown,"Pershing, 1993",10.1023/A:1018974131236,https://doi.org/10.1023/A:1018974131236,3.60920000,272.17763001,"skin source type=Abdominoplasty; skin source site=abdomen; used layer=epidermis, dermis; skin preparation=dermatomed 500um; storage temperature (°C)=4; storage duration (days)=14; neat=0; donor/skin surface temperature (°C)=32; donor pH=unknown; donor type=Ethanol/PBS (3:1, v/v); acceptor temperature (°C)=32; acceptor pH=unknown; acceptor type=unknown; cell type=unknown"
483,Estradiol,Oc1ccc2c(c1)CC[C@@H]1[C@@H]2CC[C@]2([C@H]1CC[C@@H]2O)C,C[C@]12CC[C@@H]3c4ccc(O)cc4CC[C@H]3[C@@H]1CC[C@@H]2O,-5.55600000,-6.13682104,-0.58082104,0.58082104,True,Abdominoplasty,abdomen,"epidermis, dermis",dermatomed 500um,4,14,0,32,unknown,"Ethanol/PBS (3:1, v/v), 5% Oleic acid in Ethanol",32,unknown,unknown,unknown,"Pershing, 1993",10.1023/A:1018974131236,https://doi.org/10.1023/A:1018974131236,3.60920000,272.17763001,"skin source type=Abdominoplasty; skin source site=abdomen; used layer=epidermis, dermis; skin preparation=dermatomed 500um; storage temperature (°C)=4; storage duration (days)=14; neat=0; donor/skin surface temperature (°C)=32; donor pH=unknown; donor type=Ethanol/PBS (3:1, v/v), 5% Oleic acid in Ethanol; acceptor temperature (°C)=32; acceptor pH=unknown; acceptor type=unknown; cell type=unknown"
484,Lindane,ClC1C(Cl)C(Cl)C(C(C1Cl)Cl)Cl,ClC1C(Cl)C(Cl)C(Cl)C(Cl)C1Cl,-8.78400000,-6.13692316,2.64707684,2.64707684,False,Abdominoplasty or mammaplasty,"abdomen, breast","epidermis, dermis",dermatomed 230um,-70,unknown,0,32,unknown,Acetate solution,unknown,unknown,Ethanol 50%,Static diffusion cell,"Dick, 1997",10.1177/096032719701601104,https://doi.org/10.1177/096032719701601104,3.64440000,287.86006627,"skin source type=Abdominoplasty or mammaplasty; skin source site=abdomen, breast; used layer=epidermis, dermis; skin preparation=dermatomed 230um; storage temperature (°C)=-70; storage duration (days)=unknown; neat=0; donor/skin surface temperature (°C)=32; donor pH=unknown; donor type=Acetate solution; acceptor temperature (°C)=unknown; acceptor pH=unknown; acceptor type=Ethanol 50%; cell type=Static diffusion cell"
485,Lindane,ClC1C(Cl)C(Cl)C(C(C1Cl)Cl)Cl,ClC1C(Cl)C(Cl)C(Cl)C(Cl)C1Cl,-6.69100000,-6.13692316,0.55407684,0.55407684,True,Abdominoplasty or mammaplasty,"abdomen, breast","epidermis, dermis",dermatomed 230um,-70,unknown,0,32,unknown,White spirit,unknown,unknown,Ethanol 50%,Static diffusion cell,"Dick, 1997",10.1177/096032719701601104,https://doi.org/10.1177/096032719701601104,3.64440000,287.86006627,"skin source type=Abdominoplasty or mammaplasty; skin source site=abdomen, breast; used layer=epidermis, dermis; skin preparation=dermatomed 230um; storage temperature (°C)=-70; storage duration (days)=unknown; neat=0; donor/skin surface temperature (°C)=32; donor pH=unknown; donor type=White spirit; acceptor temperature (°C)=unknown; acceptor pH=unknown; acceptor type=Ethanol 50%; cell type=Static diffusion cell"
486,Lindane,ClC1C(Cl)C(Cl)C(C(C1Cl)Cl)Cl,ClC1C(Cl)C(Cl)C(Cl)C(Cl)C1Cl,-7.10900000,-6.13692316,0.97207684,0.97207684,False,Abdominoplasty or mammaplasty,"abdomen, breast","epidermis, dermis",dermatomed 230um,-70,unknown,0,32,unknown,"White spirit, pentachlorophenyl laurate, other ingredients",unknown,unknown,Ethanol 50%,Static diffusion cell,"Dick, 1997",10.1177/096032719701601104,https://doi.org/10.1177/096032719701601104,3.64440000,287.86006627,"skin source type=Abdominoplasty or mammaplasty; skin source site=abdomen, breast; used layer=epidermis, dermis; skin preparation=dermatomed 230um; storage temperature (°C)=-70; storage duration (days)=unknown; neat=0; donor/skin surface temperature (°C)=32; donor pH=unknown; donor type=White spirit, pentachlorophenyl laurate, other ingredients; acceptor temperature (°C)=unknown; acceptor pH=unknown; acceptor type=Ethanol 50%; cell type=Static diffusion cell"
487,Lindane,ClC1C(Cl)C(Cl)C(C(C1Cl)Cl)Cl,ClC1C(Cl)C(Cl)C(Cl)C(Cl)C1Cl,-7.88700000,-6.13692316,1.75007684,1.75007684,False,Abdominoplasty or mammaplasty,"abdomen, breast","epidermis, dermis",dermatomed 230um,-70,unknown,0,32,unknown,"Spray dilution. Water, pentachlorophenyl laurate, surfactants",unknown,unknown,Ethanol 50%,Static diffusion cell,"Dick, 1997",10.1177/096032719701601104,https://doi.org/10.1177/096032719701601104,3.64440000,287.86006627,"skin source type=Abdominoplasty or mammaplasty; skin source site=abdomen, breast; used layer=epidermis, dermis; skin preparation=dermatomed 230um; storage temperature (°C)=-70; storage duration (days)=unknown; neat=0; donor/skin surface temperature (°C)=32; donor pH=unknown; donor type=Spray dilution. Water, pentachlorophenyl laurate, surfactants; acceptor temperature (°C)=unknown; acceptor pH=unknown; acceptor type=Ethanol 50%; cell type=Static diffusion cell"
488,2-Methoxyethanol,COCCO,COCCO,-6.09500000,-6.40675730,-0.31175730,0.31175730,True,Cadaver,abdomen,epidermis,heat separation,unknown,unknown,1,30,unknown,unknown,30,unknown,Water,Glass diffusion cell,"Dugard, 1984",10.1289/ehp.8457193,https://doi.org/10.1289/ehp.8457193,-0.37490000,76.05242950,skin source type=Cadaver; skin source site=abdomen; used layer=epidermis; skin preparation=heat separation; storage temperature (°C)=unknown; storage duration (days)=unknown; neat=1; donor/skin surface temperature (°C)=30; donor pH=unknown; donor type=unknown; acceptor temperature (°C)=30; acceptor pH=unknown; acceptor type=Water; cell type=Glass diffusion cell
489,2-Ethoxyethanol,OCCOCC,CCOCCO,-6.63100000,-6.64891502,-0.01791502,0.01791502,True,Cadaver,abdomen,epidermis,heat separation,unknown,unknown,1,30,unknown,unknown,30,unknown,Water,Glass diffusion cell,"Dugard, 1984",10.1289/ehp.8457193,https://doi.org/10.1289/ehp.8457193,0.01520000,90.06807956,skin source type=Cadaver; skin source site=abdomen; used layer=epidermis; skin preparation=heat separation; storage temperature (°C)=unknown; storage duration (days)=unknown; neat=1; donor/skin surface temperature (°C)=30; donor pH=unknown; donor type=unknown; acceptor temperature (°C)=30; acceptor pH=unknown; acceptor type=Water; cell type=Glass diffusion cell
490,2-Ethoxyethyl acetate,CCOCCOC(=O)C,CCOCCOC(C)=O,-6.64900000,-6.17813852,0.47086148,0.47086148,True,Cadaver,abdomen,epidermis,heat separation,unknown,unknown,1,30,unknown,unknown,30,unknown,Water,Glass diffusion cell,"Dugard, 1984",10.1289/ehp.8457193,https://doi.org/10.1289/ehp.8457193,0.58600000,132.07864424,skin source type=Cadaver; skin source site=abdomen; used layer=epidermis; skin preparation=heat separation; storage temperature (°C)=unknown; storage duration (days)=unknown; neat=1; donor/skin surface temperature (°C)=30; donor pH=unknown; donor type=unknown; acceptor temperature (°C)=30; acceptor pH=unknown; acceptor type=Water; cell type=Glass diffusion cell
491,2-Butoxyethanol,CCCCOCCO,CCCCOCCO,-7.22600000,-5.81347378,1.41252622,1.41252622,False,Cadaver,abdomen,epidermis,heat separation,unknown,unknown,1,30,unknown,unknown,30,unknown,Water,Glass diffusion cell,"Dugard, 1984",10.1289/ehp.8457193,https://doi.org/10.1289/ehp.8457193,0.79540000,118.09937969,skin source type=Cadaver; skin source site=abdomen; used layer=epidermis; skin preparation=heat separation; storage temperature (°C)=unknown; storage duration (days)=unknown; neat=1; donor/skin surface temperature (°C)=30; donor pH=unknown; donor type=unknown; acceptor temperature (°C)=30; acceptor pH=unknown; acceptor type=Water; cell type=Glass diffusion cell
492,1-Methoxy-2-Propanol,COCC(O)C,COCC(C)O,-6.45900000,-6.82087408,-0.36187408,0.36187408,True,Cadaver,abdomen,epidermis,heat separation,unknown,unknown,1,30,unknown,unknown,30,unknown,Water,Glass diffusion cell,"Dugard, 1984",10.1289/ehp.8457193,https://doi.org/10.1289/ehp.8457193,0.01360000,90.06807956,skin source type=Cadaver; skin source site=abdomen; used layer=epidermis; skin preparation=heat separation; storage temperature (°C)=unknown; storage duration (days)=unknown; neat=1; donor/skin surface temperature (°C)=30; donor pH=unknown; donor type=unknown; acceptor temperature (°C)=30; acceptor pH=unknown; acceptor type=Water; cell type=Glass diffusion cell
496,Water,O,O,-6.75100000,-6.12372863,0.62727137,0.62727137,False,Cadaver,abdomen,unknown,unknown,7,4,0,30,unknown,unknown,30,unknown,unknown,unknown,"Scott, 1990",10.1111/1523-1747.ep12475447,https://doi.org/10.1111/1523-1747.ep12475447,-0.82470000,18.01056468,skin source type=Cadaver; skin source site=abdomen; used layer=unknown; skin preparation=unknown; storage temperature (°C)=7; storage duration (days)=4; neat=0; donor/skin surface temperature (°C)=30; donor pH=unknown; donor type=unknown; acceptor temperature (°C)=30; acceptor pH=unknown; acceptor type=unknown; cell type=unknown
497,Ethanol,CCO,CCO,-7.05500000,-6.55738090,0.49761910,0.49761910,True,Cadaver,abdomen,unknown,unknown,7,4,0,30,unknown,unknown,30,unknown,unknown,unknown,"Scott, 1990",10.1111/1523-1747.ep12475447,https://doi.org/10.1111/1523-1747.ep12475447,-0.00140000,46.04186481,skin source type=Cadaver; skin source site=abdomen; used layer=unknown; skin preparation=unknown; storage temperature (°C)=7; storage duration (days)=4; neat=0; donor/skin surface temperature (°C)=30; donor pH=unknown; donor type=unknown; acceptor temperature (°C)=30; acceptor pH=unknown; acceptor type=unknown; cell type=unknown
498,Mannitol,OC[C@H]([C@H]([C@@H]([C@@H](CO)O)O)O)O,OC[C@@H](O)[C@@H](O)[C@H](O)[C@H](O)CO,-7.77100000,-7.98779468,-0.21679468,0.21679468,True,Cadaver,abdomen,unknown,unknown,7,4,0,30,unknown,unknown,30,unknown,unknown,unknown,"Scott, 1990",10.1111/1523-1747.ep12475447,https://doi.org/10.1111/1523-1747.ep12475447,-3.58540000,182.07903817,skin source type=Cadaver; skin source site=abdomen; used layer=unknown; skin preparation=unknown; storage temperature (°C)=7; storage duration (days)=4; neat=0; donor/skin surface temperature (°C)=30; donor pH=unknown; donor type=unknown; acceptor temperature (°C)=30; acceptor pH=unknown; acceptor type=unknown; cell type=unknown
500,Hydroquinone,Oc1ccc(cc1)O,Oc1ccc(O)cc1,-8.58600000,-6.63391156,1.95208844,1.95208844,False,unknown,abdomen,stratum corneum,heat separation,-70,unknown,0,unknown,unknown,unknown,30,7.1,"Dulbecco PBS with penicillin, streptomycin and amphotericin",Franz cell,"Barber, 1995",10.1016/0378-4274(95)03393-Y,https://doi.org/10.1016/0378-4274(95)03393-Y,1.09780000,110.03677943,"skin source type=unknown; skin source site=abdomen; used layer=stratum corneum; skin preparation=heat separation; storage temperature (°C)=-70; storage duration (days)=unknown; neat=0; donor/skin surface temperature (°C)=unknown; donor pH=unknown; donor type=unknown; acceptor temperature (°C)=30; acceptor pH=7.1; acceptor type=Dulbecco PBS with penicillin, streptomycin and amphotericin; cell type=Franz cell"
501,Water,O,O,-9.58800000,-6.12423617,3.46376383,3.46376383,False,unknown,abdomen,stratum corneum,heat separation,-70,unknown,0,unknown,unknown,unknown,30,7.1,"Dulbecco PBS with penicillin, streptomycin and amphotericin",Franz cell,"Barber, 1995",10.1016/0378-4274(95)03393-Y,https://doi.org/10.1016/0378-4274(95)03393-Y,-0.82470000,18.01056468,"skin source type=unknown; skin source site=abdomen; used layer=stratum corneum; skin preparation=heat separation; storage temperature (°C)=-70; storage duration (days)=unknown; neat=0; donor/skin surface temperature (°C)=unknown; donor pH=unknown; donor type=unknown; acceptor temperature (°C)=30; acceptor pH=7.1; acceptor type=Dulbecco PBS with penicillin, streptomycin and amphotericin; cell type=Franz cell"
504,Methanol,CO,CO,-6.35200000,-6.68430346,-0.33230346,0.33230346,True,Cadaver,abdomen,stratum corneum,"heat separation, hydrated",unknown,unknown,0,30,unknown,unknown,unknown,unknown,unknown,Glass diffusion cell,"Southwell, 1984",10.1016/0378-5173(84)90145-5,https://doi.org/10.1016/0378-5173(84)90145-5,-0.39150000,32.02621475,"skin source type=Cadaver; skin source site=abdomen; used layer=stratum corneum; skin preparation=heat separation, hydrated; storage temperature (°C)=unknown; storage duration (days)=unknown; neat=0; donor/skin surface temperature (°C)=30; donor pH=unknown; donor type=unknown; acceptor temperature (°C)=unknown; acceptor pH=unknown; acceptor type=unknown; cell type=Glass diffusion cell"
505,1-Octanol,CCCCCCCCO,CCCCCCCCO,-4.77100000,-4.75425248,0.01674752,0.01674752,True,Cadaver,abdomen,stratum corneum,"heat separation, hydrated",unknown,unknown,0,30,unknown,unknown,unknown,unknown,unknown,Glass diffusion cell,"Southwell, 1984",10.1016/0378-5173(84)90145-5,https://doi.org/10.1016/0378-5173(84)90145-5,2.33920000,130.13576520,"skin source type=Cadaver; skin source site=abdomen; used layer=stratum corneum; skin preparation=heat separation, hydrated; storage temperature (°C)=unknown; storage duration (days)=unknown; neat=0; donor/skin surface temperature (°C)=30; donor pH=unknown; donor type=unknown; acceptor temperature (°C)=unknown; acceptor pH=unknown; acceptor type=unknown; cell type=Glass diffusion cell"
506,Caffeine,Cn1cnc2c1c(=O)n(C)c(=O)n2C,Cn1c(=O)c2c(ncn2C)n(C)c1=O,-6.35200000,-6.95744539,-0.60544539,0.60544539,False,Cadaver,abdomen,stratum corneum,"heat separation, hydrated",unknown,unknown,0,30,unknown,unknown,unknown,unknown,unknown,Glass diffusion cell,"Southwell, 1984",10.1016/0378-5173(84)90145-5,https://doi.org/10.1016/0378-5173(84)90145-5,-1.02930000,194.08037556,"skin source type=Cadaver; skin source site=abdomen; used layer=stratum corneum; skin preparation=heat separation, hydrated; storage temperature (°C)=unknown; storage duration (days)=unknown; neat=0; donor/skin surface temperature (°C)=30; donor pH=unknown; donor type=unknown; acceptor temperature (°C)=unknown; acceptor pH=unknown; acceptor type=unknown; cell type=Glass diffusion cell"
507,Methotrexate,OC(=O)CC[C@@H](C(=O)O)NC(=O)c1ccc(cc1)N(Cc1cnc2c(n1)c(N)nc(n2)N)C,CN(Cc1cnc2nc(N)nc(N)c2n1)c1ccc(C(=O)N[C@@H](CCC(=O)O)C(=O)O)cc1,-7.00700000,-6.95158058,0.05541942,0.05541942,True,Cadaver,abdomen,"epidermis, dermis",unknown,unknown,unknown,0,unknown,4.12,Propylene glycol/water (50%),37,unknown,NaCl solution,unknown,"Vaidyanathan, 1985",10.1016/0378-5173(85)90106-1,https://doi.org/10.1016/0378-5173(85)90106-1,0.26840000,454.17131580,"skin source type=Cadaver; skin source site=abdomen; used layer=epidermis, dermis; skin preparation=unknown; storage temperature (°C)=unknown; storage duration (days)=unknown; neat=0; donor/skin surface temperature (°C)=unknown; donor pH=4.12; donor type=Propylene glycol/water (50%); acceptor temperature (°C)=37; acceptor pH=unknown; acceptor type=NaCl solution; cell type=unknown"
508,Methotrexate,OC(=O)CC[C@@H](C(=O)O)NC(=O)c1ccc(cc1)N(Cc1cnc2c(n1)c(N)nc(n2)N)C,CN(Cc1cnc2nc(N)nc(N)c2n1)c1ccc(C(=O)N[C@@H](CCC(=O)O)C(=O)O)cc1,-7.50300000,-6.95158058,0.55141942,0.55141942,True,Cadaver,abdomen,"epidermis, dermis",unknown,unknown,unknown,0,unknown,1.98,Propylene glycol/water (50%),37,unknown,NaCl solution,unknown,"Vaidyanathan, 1985",10.1016/0378-5173(85)90106-1,https://doi.org/10.1016/0378-5173(85)90106-1,0.26840000,454.17131580,"skin source type=Cadaver; skin source site=abdomen; used layer=epidermis, dermis; skin preparation=unknown; storage temperature (°C)=unknown; storage duration (days)=unknown; neat=0; donor/skin surface temperature (°C)=unknown; donor pH=1.98; donor type=Propylene glycol/water (50%); acceptor temperature (°C)=37; acceptor pH=unknown; acceptor type=NaCl solution; cell type=unknown"
509,Methotrexate,OC(=O)CC[C@@H](C(=O)O)NC(=O)c1ccc(cc1)N(Cc1cnc2c(n1)c(N)nc(n2)N)C,CN(Cc1cnc2nc(N)nc(N)c2n1)c1ccc(C(=O)N[C@@H](CCC(=O)O)C(=O)O)cc1,-7.20900000,-6.95158058,0.25741942,0.25741942,True,Cadaver,abdomen,"epidermis, dermis",unknown,unknown,unknown,0,unknown,2.98,Propylene glycol/water (50%),37,unknown,NaCl solution,unknown,"Vaidyanathan, 1985",10.1016/0378-5173(85)90106-1,https://doi.org/10.1016/0378-5173(85)90106-1,0.26840000,454.17131580,"skin source type=Cadaver; skin source site=abdomen; used layer=epidermis, dermis; skin preparation=unknown; storage temperature (°C)=unknown; storage duration (days)=unknown; neat=0; donor/skin surface temperature (°C)=unknown; donor pH=2.98; donor type=Propylene glycol/water (50%); acceptor temperature (°C)=37; acceptor pH=unknown; acceptor type=NaCl solution; cell type=unknown"
510,Methotrexate,OC(=O)CC[C@@H](C(=O)O)NC(=O)c1ccc(cc1)N(Cc1cnc2c(n1)c(N)nc(n2)N)C,CN(Cc1cnc2nc(N)nc(N)c2n1)c1ccc(C(=O)N[C@@H](CCC(=O)O)C(=O)O)cc1,-6.61300000,-6.95158058,-0.33858058,0.33858058,True,Cadaver,abdomen,"epidermis, dermis",unknown,unknown,unknown,0,unknown,3.87,Propylene glycol/water (50%),37,unknown,NaCl solution,unknown,"Vaidyanathan, 1985",10.1016/0378-5173(85)90106-1,https://doi.org/10.1016/0378-5173(85)90106-1,0.26840000,454.17131580,"skin source type=Cadaver; skin source site=abdomen; used layer=epidermis, dermis; skin preparation=unknown; storage temperature (°C)=unknown; storage duration (days)=unknown; neat=0; donor/skin surface temperature (°C)=unknown; donor pH=3.87; donor type=Propylene glycol/water (50%); acceptor temperature (°C)=37; acceptor pH=unknown; acceptor type=NaCl solution; cell type=unknown"
511,Methotrexate,OC(=O)CC[C@@H](C(=O)O)NC(=O)c1ccc(cc1)N(Cc1cnc2c(n1)c(N)nc(n2)N)C,CN(Cc1cnc2nc(N)nc(N)c2n1)c1ccc(C(=O)N[C@@H](CCC(=O)O)C(=O)O)cc1,-6.80700000,-6.95158058,-0.14458058,0.14458058,True,Cadaver,abdomen,"epidermis, dermis",unknown,unknown,unknown,0,unknown,4.12,Propylene glycol/water (50%),37,unknown,NaCl solution,unknown,"Vaidyanathan, 1985",10.1016/0378-5173(85)90106-1,https://doi.org/10.1016/0378-5173(85)90106-1,0.26840000,454.17131580,"skin source type=Cadaver; skin source site=abdomen; used layer=epidermis, dermis; skin preparation=unknown; storage temperature (°C)=unknown; storage duration (days)=unknown; neat=0; donor/skin surface temperature (°C)=unknown; donor pH=4.12; donor type=Propylene glycol/water (50%); acceptor temperature (°C)=37; acceptor pH=unknown; acceptor type=NaCl solution; cell type=unknown"
512,Methotrexate,OC(=O)CC[C@@H](C(=O)O)NC(=O)c1ccc(cc1)N(Cc1cnc2c(n1)c(N)nc(n2)N)C,CN(Cc1cnc2nc(N)nc(N)c2n1)c1ccc(C(=O)N[C@@H](CCC(=O)O)C(=O)O)cc1,-6.50300000,-6.95158058,-0.44858058,0.44858058,True,Cadaver,abdomen,"epidermis, dermis",unknown,unknown,unknown,0,unknown,5.29,Propylene glycol/water (50%),37,unknown,NaCl solution,unknown,"Vaidyanathan, 1985",10.1016/0378-5173(85)90106-1,https://doi.org/10.1016/0378-5173(85)90106-1,0.26840000,454.17131580,"skin source type=Cadaver; skin source site=abdomen; used layer=epidermis, dermis; skin preparation=unknown; storage temperature (°C)=unknown; storage duration (days)=unknown; neat=0; donor/skin surface temperature (°C)=unknown; donor pH=5.29; donor type=Propylene glycol/water (50%); acceptor temperature (°C)=37; acceptor pH=unknown; acceptor type=NaCl solution; cell type=unknown"
513,Methotrexate,OC(=O)CC[C@@H](C(=O)O)NC(=O)c1ccc(cc1)N(Cc1cnc2c(n1)c(N)nc(n2)N)C,CN(Cc1cnc2nc(N)nc(N)c2n1)c1ccc(C(=O)N[C@@H](CCC(=O)O)C(=O)O)cc1,-6.84000000,-6.95158058,-0.11158058,0.11158058,True,Cadaver,abdomen,"epidermis, dermis",unknown,unknown,unknown,0,unknown,6.34,Propylene glycol/water (50%),37,unknown,NaCl solution,unknown,"Vaidyanathan, 1985",10.1016/0378-5173(85)90106-1,https://doi.org/10.1016/0378-5173(85)90106-1,0.26840000,454.17131580,"skin source type=Cadaver; skin source site=abdomen; used layer=epidermis, dermis; skin preparation=unknown; storage temperature (°C)=unknown; storage duration (days)=unknown; neat=0; donor/skin surface temperature (°C)=unknown; donor pH=6.34; donor type=Propylene glycol/water (50%); acceptor temperature (°C)=37; acceptor pH=unknown; acceptor type=NaCl solution; cell type=unknown"
514,2-Phenylphenol,Oc1ccccc1c1ccccc1,Oc1ccccc1-c1ccccc1,-6.35500000,-4.81856175,1.53643825,1.53643825,False,Abdominoplasty,abdomen,"epidermis, dermis",unknown,-20,unknown,0,unknown,unknown,Ethanol 60%,32,unknown,"Dulbecco’s MEM, Hepes, Ham F-12+glutamax-I, BSA,L-glutamine, hydrocortisone, EGF, gentamycin",Static diffusion cell,"Cnubben, 2002",10.1006/rtph.2001.1530,https://doi.org/10.1006/rtph.2001.1530,3.05920000,170.07316494,"skin source type=Abdominoplasty; skin source site=abdomen; used layer=epidermis, dermis; skin preparation=unknown; storage temperature (°C)=-20; storage duration (days)=unknown; neat=0; donor/skin surface temperature (°C)=unknown; donor pH=unknown; donor type=Ethanol 60%; acceptor temperature (°C)=32; acceptor pH=unknown; acceptor type=Dulbecco’s MEM, Hepes, Ham F-12+glutamax-I, BSA,L-glutamine, hydrocortisone, EGF, gentamycin; cell type=Static diffusion cell"
515,2-Phenylphenol,Oc1ccccc1c1ccccc1,Oc1ccccc1-c1ccccc1,-5.29400000,-4.81856175,0.47543825,0.47543825,True,Abdominoplasty,abdomen,epidermis,prepared with NaBr solution,-20,unknown,0,unknown,unknown,Ethanol 60%,32,unknown,"0.9% NaCl, 0.01% sodium azide, 3% BSA",Static diffusion cell,"Cnubben, 2002",10.1006/rtph.2001.1530,https://doi.org/10.1006/rtph.2001.1530,3.05920000,170.07316494,"skin source type=Abdominoplasty; skin source site=abdomen; used layer=epidermis; skin preparation=prepared with NaBr solution; storage temperature (°C)=-20; storage duration (days)=unknown; neat=0; donor/skin surface temperature (°C)=unknown; donor pH=unknown; donor type=Ethanol 60%; acceptor temperature (°C)=32; acceptor pH=unknown; acceptor type=0.9% NaCl, 0.01% sodium azide, 3% BSA; cell type=Static diffusion cell"
519,Bis(2-ethylhexyl)phthalate,CCCCC(COC(=O)c1ccccc1C(=O)OCC(CCCC)CC)CC,CCCCC(CC)COC(=O)c1ccccc1C(=O)OCC(CC)CCCC,-8.80000000,-7.31801745,1.48198255,1.48198255,False,Cadaver,abdomen,"epidermis, dermis",heat separation,-4,unknown,1,30,unknown,unknown,30,unknown,Ethanol 50%,Glass diffusion cell,"Scott, 1987",10.1289/ehp.8774223,https://doi.org/10.1289/ehp.8774223,6.43300000,390.27700970,"skin source type=Cadaver; skin source site=abdomen; used layer=epidermis, dermis; skin preparation=heat separation; storage temperature (°C)=-4; storage duration (days)=unknown; neat=1; donor/skin surface temperature (°C)=30; donor pH=unknown; donor type=unknown; acceptor temperature (°C)=30; acceptor pH=unknown; acceptor type=Ethanol 50%; cell type=Glass diffusion cell"
533,Caffeine,Cn1cnc2c1c(=O)n(C)c(=O)n2C,Cn1c(=O)c2c(ncn2C)n(C)c1=O,-6.54100000,-6.92365842,-0.38265842,0.38265842,True,Mammaplasty,breast,"epidermis, dermis","dermatomed 330um, hydrated",unknown,unknown,0,32,unknown,Ethanol/water (1:1 v/v),37,7.4,"Saline, HCl",unknown,"Wilkinson, 2006",10.1007/s00420-005-0056-5,https://doi.org/10.1007/s00420-005-0056-5,-1.02930000,194.08037556,"skin source type=Mammaplasty; skin source site=breast; used layer=epidermis, dermis; skin preparation=dermatomed 330um, hydrated; storage temperature (°C)=unknown; storage duration (days)=unknown; neat=0; donor/skin surface temperature (°C)=32; donor pH=unknown; donor type=Ethanol/water (1:1 v/v); acceptor temperature (°C)=37; acceptor pH=7.4; acceptor type=Saline, HCl; cell type=unknown"
534,Caffeine,Cn1cnc2c1c(=O)n(C)c(=O)n2C,Cn1c(=O)c2c(ncn2C)n(C)c1=O,-6.91500000,-6.92365842,-0.00865842,0.00865842,True,Mammaplasty,breast,"epidermis, dermis",unknown,unknown,unknown,0,32,unknown,Ethanol/water (1:1 v/v),37,7.4,"Saline, HCl",unknown,"Wilkinson, 2006",10.1007/s00420-005-0056-5,https://doi.org/10.1007/s00420-005-0056-5,-1.02930000,194.08037556,"skin source type=Mammaplasty; skin source site=breast; used layer=epidermis, dermis; skin preparation=unknown; storage temperature (°C)=unknown; storage duration (days)=unknown; neat=0; donor/skin surface temperature (°C)=32; donor pH=unknown; donor type=Ethanol/water (1:1 v/v); acceptor temperature (°C)=37; acceptor pH=7.4; acceptor type=Saline, HCl; cell type=unknown"
535,Testosterone,O=C1CC[C@]2(C(=C1)CC[C@@H]1[C@@H]2CC[C@]2([C@H]1CC[C@@H]2O)C)C,C[C@]12CC[C@H]3[C@@H](CCC4=CC(=O)CC[C@@]43C)[C@@H]1CC[C@@H]2O,-6.89800000,-5.81502394,1.08297606,1.08297606,False,Mammaplasty,breast,"epidermis, dermis","dermatomed 330um, hydrated",unknown,unknown,0,32,unknown,Ethanol/water (1:1 v/v),37,7.4,"Saline, 5% (w/v) bovine serum albumin, HCl",unknown,"Wilkinson, 2006",10.1007/s00420-005-0056-5,https://doi.org/10.1007/s00420-005-0056-5,3.87920000,288.20893014,"skin source type=Mammaplasty; skin source site=breast; used layer=epidermis, dermis; skin preparation=dermatomed 330um, hydrated; storage temperature (°C)=unknown; storage duration (days)=unknown; neat=0; donor/skin surface temperature (°C)=32; donor pH=unknown; donor type=Ethanol/water (1:1 v/v); acceptor temperature (°C)=37; acceptor pH=7.4; acceptor type=Saline, 5% (w/v) bovine serum albumin, HCl; cell type=unknown"
536,Testosterone,O=C1CC[C@]2(C(=C1)CC[C@@H]1[C@@H]2CC[C@]2([C@H]1CC[C@@H]2O)C)C,C[C@]12CC[C@H]3[C@@H](CCC4=CC(=O)CC[C@@]43C)[C@@H]1CC[C@@H]2O,-7.90300000,-5.81502394,2.08797606,2.08797606,False,Mammaplasty,breast,"epidermis, dermis",unknown,unknown,unknown,0,32,unknown,Ethanol/water (1:1 v/v),37,7.4,"Saline, 5% (w/v) bovine serum albumin, HCl",unknown,"Wilkinson, 2006",10.1007/s00420-005-0056-5,https://doi.org/10.1007/s00420-005-0056-5,3.87920000,288.20893014,"skin source type=Mammaplasty; skin source site=breast; used layer=epidermis, dermis; skin preparation=unknown; storage temperature (°C)=unknown; storage duration (days)=unknown; neat=0; donor/skin surface temperature (°C)=32; donor pH=unknown; donor type=Ethanol/water (1:1 v/v); acceptor temperature (°C)=37; acceptor pH=7.4; acceptor type=Saline, 5% (w/v) bovine serum albumin, HCl; cell type=unknown"
537,Butoxyethanol,CCCCOC(O)C,CCCCOC(C)O,-5.98200000,-5.78737537,0.19462463,0.19462463,True,Mammaplasty,breast,"epidermis, dermis","dermatomed 330um, hydrated",unknown,unknown,0,32,unknown,Water,37,7.4,"Saline, HCl",unknown,"Wilkinson, 2006",10.1007/s00420-005-0056-5,https://doi.org/10.1007/s00420-005-0056-5,1.14140000,118.09937969,"skin source type=Mammaplasty; skin source site=breast; used layer=epidermis, dermis; skin preparation=dermatomed 330um, hydrated; storage temperature (°C)=unknown; storage duration (days)=unknown; neat=0; donor/skin surface temperature (°C)=32; donor pH=unknown; donor type=Water; acceptor temperature (°C)=37; acceptor pH=7.4; acceptor type=Saline, HCl; cell type=unknown"
538,Butoxyethanol,CCCCOC(O)C,CCCCOC(C)O,-6.36400000,-5.78737537,0.57662463,0.57662463,True,Mammaplasty,breast,"epidermis, dermis",unknown,unknown,unknown,0,32,unknown,Water,37,7.4,"Saline, HCl",unknown,"Wilkinson, 2006",10.1007/s00420-005-0056-5,https://doi.org/10.1007/s00420-005-0056-5,1.14140000,118.09937969,"skin source type=Mammaplasty; skin source site=breast; used layer=epidermis, dermis; skin preparation=unknown; storage temperature (°C)=unknown; storage duration (days)=unknown; neat=0; donor/skin surface temperature (°C)=32; donor pH=unknown; donor type=Water; acceptor temperature (°C)=37; acceptor pH=7.4; acceptor type=Saline, HCl; cell type=unknown"
539,Propoxur,CNC(=O)Oc1ccccc1OC(C)C,CNC(=O)Oc1ccccc1OC(C)C,-6.32400000,-5.52478592,0.79921408,0.79921408,False,Abdominoplasty,abdomen,"epidermis, dermis",unknown,unknown,unknown,0,32,unknown,60 % Ethanol in water,36,7.4,"0.9% NaCl, 0.01% sodium azide, 3% BSA",unknown,"Wilkinson, 2006",10.1007/s00420-005-0056-5,https://doi.org/10.1007/s00420-005-0056-5,2.19200000,209.10519334,"skin source type=Abdominoplasty; skin source site=abdomen; used layer=epidermis, dermis; skin preparation=unknown; storage temperature (°C)=unknown; storage duration (days)=unknown; neat=0; donor/skin surface temperature (°C)=32; donor pH=unknown; donor type=60 % Ethanol in water; acceptor temperature (°C)=36; acceptor pH=7.4; acceptor type=0.9% NaCl, 0.01% sodium azide, 3% BSA; cell type=unknown"
540,Propoxur,CNC(=O)Oc1ccccc1OC(C)C,CNC(=O)Oc1ccccc1OC(C)C,-5.87800000,-5.52478592,0.35321408,0.35321408,True,Abdominoplasty,abdomen,"epidermis, dermis",unknown,unknown,unknown,0,32,unknown,60 % Ethanol in water,36,7.4,"0.9% NaCl, 0.01% sodium azide, 3% BSA",unknown,"Wilkinson, 2006",10.1007/s00420-005-0056-5,https://doi.org/10.1007/s00420-005-0056-5,2.19200000,209.10519334,"skin source type=Abdominoplasty; skin source site=abdomen; used layer=epidermis, dermis; skin preparation=unknown; storage temperature (°C)=unknown; storage duration (days)=unknown; neat=0; donor/skin surface temperature (°C)=32; donor pH=unknown; donor type=60 % Ethanol in water; acceptor temperature (°C)=36; acceptor pH=7.4; acceptor type=0.9% NaCl, 0.01% sodium azide, 3% BSA; cell type=unknown"
541,Propoxur,CNC(=O)Oc1ccccc1OC(C)C,CNC(=O)Oc1ccccc1OC(C)C,-5.79700000,-5.52478592,0.27221408,0.27221408,True,Mammaplasty,breast,"epidermis, dermis",unknown,unknown,unknown,0,32,unknown,60 % Ethanol in water,36,7.4,"0.9% NaCl, 0.01% sodium azide, 3% BSA",unknown,"Wilkinson, 2006",10.1007/s00420-005-0056-5,https://doi.org/10.1007/s00420-005-0056-5,2.19200000,209.10519334,"skin source type=Mammaplasty; skin source site=breast; used layer=epidermis, dermis; skin preparation=unknown; storage temperature (°C)=unknown; storage duration (days)=unknown; neat=0; donor/skin surface temperature (°C)=32; donor pH=unknown; donor type=60 % Ethanol in water; acceptor temperature (°C)=36; acceptor pH=7.4; acceptor type=0.9% NaCl, 0.01% sodium azide, 3% BSA; cell type=unknown"
542,Propoxur,CNC(=O)Oc1ccccc1OC(C)C,CNC(=O)Oc1ccccc1OC(C)C,-5.91200000,-5.52478592,0.38721408,0.38721408,True,Mammaplasty,breast,"epidermis, dermis",unknown,unknown,unknown,0,32,unknown,10 % Ethanol in water,36,7.4,"0.9% NaCl, 0.01% sodium azide, 3% BSA",unknown,"Wilkinson, 2006",10.1007/s00420-005-0056-5,https://doi.org/10.1007/s00420-005-0056-5,2.19200000,209.10519334,"skin source type=Mammaplasty; skin source site=breast; used layer=epidermis, dermis; skin preparation=unknown; storage temperature (°C)=unknown; storage duration (days)=unknown; neat=0; donor/skin surface temperature (°C)=32; donor pH=unknown; donor type=10 % Ethanol in water; acceptor temperature (°C)=36; acceptor pH=7.4; acceptor type=0.9% NaCl, 0.01% sodium azide, 3% BSA; cell type=unknown"
544,2-Ethoxyethanol,OCCOCC,CCOCCO,-5.64700000,-6.63506730,-0.98806730,0.98806730,False,Mammaplasty,breast,"epidermis, dermis",dermatomed 330um,-70,unknown,0,unknown,7.4,unknown,32,7.4,"Eagle’s Minimal Essential Medium, sodium hydrogen carbonate, gentamicin, 2% (w/v) bovine serum albumin fraction V",Glass diffusion cell,"Wilkinson, 2002",10.1007/s00420-002-0367-8,https://doi.org/10.1007/s00420-002-0367-8,0.01520000,90.06807956,"skin source type=Mammaplasty; skin source site=breast; used layer=epidermis, dermis; skin preparation=dermatomed 330um; storage temperature (°C)=-70; storage duration (days)=unknown; neat=0; donor/skin surface temperature (°C)=unknown; donor pH=7.4; donor type=unknown; acceptor temperature (°C)=32; acceptor pH=7.4; acceptor type=Eagle’s Minimal Essential Medium, sodium hydrogen carbonate, gentamicin, 2% (w/v) bovine serum albumin fraction V; cell type=Glass diffusion cell"
545,2-Ethoxyethanol,OCCOCC,CCOCCO,-5.63000000,-6.63506730,-1.00506730,1.00506730,False,Mammaplasty,breast,"epidermis, dermis",dermatomed 330um,-70,unknown,0,unknown,7.4,unknown,32,7.4,"Eagle’s Minimal Essential Medium, sodium hydrogen carbonate, gentamicin, 2% PEG 20",Glass diffusion cell,"Wilkinson, 2002",10.1007/s00420-002-0367-8,https://doi.org/10.1007/s00420-002-0367-8,0.01520000,90.06807956,"skin source type=Mammaplasty; skin source site=breast; used layer=epidermis, dermis; skin preparation=dermatomed 330um; storage temperature (°C)=-70; storage duration (days)=unknown; neat=0; donor/skin surface temperature (°C)=unknown; donor pH=7.4; donor type=unknown; acceptor temperature (°C)=32; acceptor pH=7.4; acceptor type=Eagle’s Minimal Essential Medium, sodium hydrogen carbonate, gentamicin, 2% PEG 20; cell type=Glass diffusion cell"
546,2-Ethoxyethanol,OCCOCC,CCOCCO,-5.54500000,-6.63506730,-1.09006730,1.09006730,False,Mammaplasty,breast,"epidermis, dermis",dermatomed 330um,-70,unknown,0,unknown,7.4,unknown,32,7.4,unknown,Glass diffusion cell,"Wilkinson, 2002",10.1007/s00420-002-0367-8,https://doi.org/10.1007/s00420-002-0367-8,0.01520000,90.06807956,"skin source type=Mammaplasty; skin source site=breast; used layer=epidermis, dermis; skin preparation=dermatomed 330um; storage temperature (°C)=-70; storage duration (days)=unknown; neat=0; donor/skin surface temperature (°C)=unknown; donor pH=7.4; donor type=unknown; acceptor temperature (°C)=32; acceptor pH=7.4; acceptor type=unknown; cell type=Glass diffusion cell"
