Source_Row,COSMOS_ID,COSMOS_Name,SMILES,Canonical_SMILES,Model,Artifact_Path,Predicted_logKp_cm_per_s,Experimental_logKp_values_cm_per_s,Nearest_Experimental_logKp,Experimental_Mean_logKp,Error_vs_Nearest,Absolute_Error_vs_Nearest,Error_vs_Mean,Absolute_Error_vs_Mean
0,CMS-138,BENZENE,c1ccccc1,c1ccccc1,Benchmark Gradient Boosting,/Users/tanvir/Desktop/skin/skin-permeation-reproduction-project/models/reproduction/benchmark/Gradient_Boosting.joblib,-4.491126323576088,-4.511 | -4.352,-4.511,-4.4315,0.019873676423912023,0.019873676423912023,-0.059626323576088325,0.059626323576088325
1,CMS-1150,P-PHENYLENEDIAMINE,Nc1ccc(N)cc1,Nc1ccc(N)cc1,Benchmark Gradient Boosting,/Users/tanvir/Desktop/skin/skin-permeation-reproduction-project/models/reproduction/benchmark/Gradient_Boosting.joblib,-7.209510616128425,-7.176,-7.176,-7.176,-0.03351061612842443,0.03351061612842443,-0.03351061612842443,0.03351061612842443
3,CMS-922,MONOCHLOROACETIC ACID--PROHIBITED,O=C(O)CCl,O=C(O)CCl,Benchmark Gradient Boosting,/Users/tanvir/Desktop/skin/skin-permeation-reproduction-project/models/reproduction/benchmark/Gradient_Boosting.joblib,-6.226407811123417,-6.515,-6.515,-6.515,0.28859218887658233,0.28859218887658233,0.28859218887658233,0.28859218887658233
4,CMS-1784,1-NAPHTHOL,Oc1cccc2ccccc12,Oc1cccc2ccccc12,Benchmark Gradient Boosting,/Users/tanvir/Desktop/skin/skin-permeation-reproduction-project/models/reproduction/benchmark/Gradient_Boosting.joblib,-5.090234129147705,-5.141,-5.141,-5.141,0.050765870852295336,0.050765870852295336,0.050765870852295336,0.050765870852295336
5,CMS-1163,O-PHENYLPHENOL,Oc1ccccc1-c1ccccc1,Oc1ccccc1-c1ccccc1,Benchmark Gradient Boosting,/Users/tanvir/Desktop/skin/skin-permeation-reproduction-project/models/reproduction/benchmark/Gradient_Boosting.joblib,-4.782617965608885,-6.355 | -5.294,-5.294,-5.8245,0.5113820343911142,0.5113820343911142,1.0418820343911142,1.0418820343911142
6,CMS-1355,THEOPHYLLINE,Cn1c(=O)c2[nH]cnc2n(C)c1=O,Cn1c(=O)c2[nH]cnc2n(C)c1=O,Benchmark Gradient Boosting,/Users/tanvir/Desktop/skin/skin-permeation-reproduction-project/models/reproduction/benchmark/Gradient_Boosting.joblib,-6.927015183142286,-7.125,-7.125,-7.125,0.19798481685771385,0.19798481685771385,0.19798481685771385,0.19798481685771385
7,CMS-976,2-NITRO-P-PHENYLENEDIAMINE,Nc1ccc(N)c([N+](=O)[O-])c1,Nc1ccc(N)c([N+](=O)[O-])c1,Benchmark Gradient Boosting,/Users/tanvir/Desktop/skin/skin-permeation-reproduction-project/models/reproduction/benchmark/Gradient_Boosting.joblib,-6.188038577939867,-6.857,-6.857,-6.857,0.668961422060133,0.668961422060133,0.668961422060133,0.668961422060133
8,CMS-1949,DIETHYLTOLUAMIDE,CCN(CC)C(=O)c1cccc(C)c1,CCN(CC)C(=O)c1cccc(C)c1,Benchmark Gradient Boosting,/Users/tanvir/Desktop/skin/skin-permeation-reproduction-project/models/reproduction/benchmark/Gradient_Boosting.joblib,-5.2341341563338215,-8.352 | -7.699 | -7.561 | -7.535 | -7.477 | -7.474 | -7.392 | -7.158 | -6.954 | -6.792 | -6.78 | -6.446,-6.446,-7.301667,1.2118658436661782,1.2118658436661782,2.0675328436661786,2.0675328436661786
9,CMS-1305,SUCROSE,OC[C@H]1O[C@H](O[C@]2(CO)O[C@H](CO)[C@@H](O)[C@@H]2O)[C@H](O)[C@@H](O)[C@@H]1O,OC[C@H]1O[C@@](CO)(O[C@H]2O[C@H](CO)[C@@H](O)[C@H](O)[C@H]2O)[C@@H](O)[C@@H]1O,Benchmark Gradient Boosting,/Users/tanvir/Desktop/skin/skin-permeation-reproduction-project/models/reproduction/benchmark/Gradient_Boosting.joblib,-8.147976795884885,-8.84 | -8.583 | -8.075,-8.075,-8.5845,-0.0729767958848857,0.0729767958848857,0.43652320411511525,0.43652320411511525
10,CMS-240,CAFFEINE,Cn1c(=O)c2c(ncn2C)n(C)c1=O,Cn1c(=O)c2c(ncn2C)n(C)c1=O,Benchmark Gradient Boosting,/Users/tanvir/Desktop/skin/skin-permeation-reproduction-project/models/reproduction/benchmark/Gradient_Boosting.joblib,-7.202787065473954,-7.556 | -7.145 | -7.053 | -6.915 | -6.828 | -6.541 | -6.352,-7.145,-6.912857,-0.05778706547395451,0.05778706547395451,-0.2899300654739543,0.2899300654739543
11,CMS-620,DI(2-ETHYLHEXYL) PHTHALATE,CCCCC(CC)COC(=O)c1ccccc1C(=O)OCC(CC)CCCC,CCCCC(CC)COC(=O)c1ccccc1C(=O)OCC(CC)CCCC,Benchmark Gradient Boosting,/Users/tanvir/Desktop/skin/skin-permeation-reproduction-project/models/reproduction/benchmark/Gradient_Boosting.joblib,-6.372715812056022,-10.535 | -8.8 | -7.653,-7.653,-8.996,1.2802841879439777,1.2802841879439777,2.6232841879439786,2.6232841879439786
12,CMS-3625,"3,4-XYLENOL",Cc1ccc(O)cc1C,Cc1ccc(O)cc1C,Benchmark Gradient Boosting,/Users/tanvir/Desktop/skin/skin-permeation-reproduction-project/models/reproduction/benchmark/Gradient_Boosting.joblib,-4.969396342210021,-5,-5.0,-5.0,0.03060365778997909,0.03060365778997909,0.03060365778997909,0.03060365778997909
13,CMS-4841,PHENETHYL ALCOHOL,OCCc1ccccc1,OCCc1ccccc1,Benchmark Gradient Boosting,/Users/tanvir/Desktop/skin/skin-permeation-reproduction-project/models/reproduction/benchmark/Gradient_Boosting.joblib,-5.4554573711052665,-5.276,-5.276,-5.276,-0.17945737110526672,0.17945737110526672,-0.17945737110526672,0.17945737110526672
14,CMS-8324,"1,2,4-BENZENETRIOL",Oc1ccc(O)c(O)c1,Oc1ccc(O)c(O)c1,Benchmark Gradient Boosting,/Users/tanvir/Desktop/skin/skin-permeation-reproduction-project/models/reproduction/benchmark/Gradient_Boosting.joblib,-6.886534261885206,-7.456,-7.456,-7.456,0.5694657381147943,0.5694657381147943,0.5694657381147943,0.5694657381147943
15,CMS-3639,ETHYLENE GLYCOL MONOBUTYL ETHER,CCCCOCCO,CCCCOCCO,Benchmark Gradient Boosting,/Users/tanvir/Desktop/skin/skin-permeation-reproduction-project/models/reproduction/benchmark/Gradient_Boosting.joblib,-5.831650616727945,-7.226 | -5.34,-5.34,-6.283,-0.4916506167279451,0.4916506167279451,0.4513493832720554,0.4513493832720554
16,CMS-731,HYDROQUINONE,Oc1ccc(O)cc1,Oc1ccc(O)cc1,Benchmark Gradient Boosting,/Users/tanvir/Desktop/skin/skin-permeation-reproduction-project/models/reproduction/benchmark/Gradient_Boosting.joblib,-6.163633170135334,-8.586 | -6.506,-6.506,-7.546,0.34236682986466604,0.34236682986466604,1.382366829864666,1.382366829864666
17,CMS-3690,ETHYLENE GLYCOL MONOMETHYL ETHER,COCCO,COCCO,Benchmark Gradient Boosting,/Users/tanvir/Desktop/skin/skin-permeation-reproduction-project/models/reproduction/benchmark/Gradient_Boosting.joblib,-6.525921938781275,-6.095,-6.095,-6.095,-0.4309219387812755,0.4309219387812755,-0.4309219387812755,0.4309219387812755
18,CMS-3700,M-CRESOL,Cc1cccc(O)c1,Cc1cccc(O)c1,Benchmark Gradient Boosting,/Users/tanvir/Desktop/skin/skin-permeation-reproduction-project/models/reproduction/benchmark/Gradient_Boosting.joblib,-5.29448046397031,-5.373,-5.373,-5.373,0.07851953602968997,0.07851953602968997,0.07851953602968997,0.07851953602968997
19,CMS-1797,O-CRESOL,Cc1ccccc1O,Cc1ccccc1O,Benchmark Gradient Boosting,/Users/tanvir/Desktop/skin/skin-permeation-reproduction-project/models/reproduction/benchmark/Gradient_Boosting.joblib,-5.304864576205816,-5.36,-5.36,-5.36,0.05513542379418457,0.05513542379418457,0.05513542379418457,0.05513542379418457
20,CMS-1848,P-CRESOL,Cc1ccc(O)cc1,Cc1ccc(O)cc1,Benchmark Gradient Boosting,/Users/tanvir/Desktop/skin/skin-permeation-reproduction-project/models/reproduction/benchmark/Gradient_Boosting.joblib,-5.267588629843248,-5.313 | -4.477,-5.313,-4.895,0.04541137015675201,0.04541137015675201,-0.37258862984324814,0.37258862984324814
21,CMS-1937,P-ETHYLPHENOL,CCc1ccc(O)cc1,CCc1ccc(O)cc1,Benchmark Gradient Boosting,/Users/tanvir/Desktop/skin/skin-permeation-reproduction-project/models/reproduction/benchmark/Gradient_Boosting.joblib,-4.9745154219525,-5.014,-5.014,-5.014,0.039484578047500385,0.039484578047500385,0.039484578047500385,0.039484578047500385
23,CMS-1253,RESORCINOL,Oc1cccc(O)c1,Oc1cccc(O)c1,Benchmark Gradient Boosting,/Users/tanvir/Desktop/skin/skin-permeation-reproduction-project/models/reproduction/benchmark/Gradient_Boosting.joblib,-5.956141871754874,-7.176 | -6.626,-6.626,-6.901,0.6698581282451261,0.6698581282451261,0.9448581282451256,0.9448581282451256
24,CMS-1936,ETHYLENE GLYCOL MONOPHENYL ETHER,OCCOc1ccccc1,OCCOc1ccccc1,Benchmark Gradient Boosting,/Users/tanvir/Desktop/skin/skin-permeation-reproduction-project/models/reproduction/benchmark/Gradient_Boosting.joblib,-6.130343602732965,-6.43,-6.43,-6.43,0.29965639726703497,0.29965639726703497,0.29965639726703497,0.29965639726703497
25,CMS-1750,BUTYL ALCOHOL,CCCCO,CCCCO,Benchmark Gradient Boosting,/Users/tanvir/Desktop/skin/skin-permeation-reproduction-project/models/reproduction/benchmark/Gradient_Boosting.joblib,-6.1224281247371675,-7.778 | -6.556 | -6.214 | -6.158 | -6.079 | -5.816 | -5.659 | -5.481 | -5.193 | -5.079 | -4.703,-6.158,-5.9405,0.0355718752628329,0.0355718752628329,-0.18192812473716735,0.18192812473716735
26,CMS-1898,HEXYL ALCOHOL,CCCCCCO,CCCCCCO,Benchmark Gradient Boosting,/Users/tanvir/Desktop/skin/skin-permeation-reproduction-project/models/reproduction/benchmark/Gradient_Boosting.joblib,-5.192438166616048,-7.84 | -7.012 | -5.778 | -5.637 | -5.442 | -5.284 | -5.255 | -5.114 | -5.051 | -4.888 | -4.859 | -2.442,-5.255,-5.388,0.06256183338395171,0.06256183338395171,0.19556183338395172,0.19556183338395172
27,CMS-110,ASPIRIN,CC(=O)Oc1ccccc1C(=O)O,CC(=O)Oc1ccccc1C(=O)O,Benchmark Gradient Boosting,/Users/tanvir/Desktop/skin/skin-permeation-reproduction-project/models/reproduction/benchmark/Gradient_Boosting.joblib,-5.966833002248228,-5.696,-5.696,-5.696,-0.2708330022482279,0.2708330022482279,-0.2708330022482279,0.2708330022482279
29,CMS-4496,METHYL SALICYLATE,COC(=O)c1ccccc1O,COC(=O)c1ccccc1O,Benchmark Gradient Boosting,/Users/tanvir/Desktop/skin/skin-permeation-reproduction-project/models/reproduction/benchmark/Gradient_Boosting.joblib,-5.2943815834365715,-5,-5.0,-5.0,-0.2943815834365715,0.2943815834365715,-0.2943815834365715,0.2943815834365715
31,CMS-1136,PHENOL,Oc1ccccc1,Oc1ccccc1,Benchmark Gradient Boosting,/Users/tanvir/Desktop/skin/skin-permeation-reproduction-project/models/reproduction/benchmark/Gradient_Boosting.joblib,-5.582915982224714,-5.614 | -5.586,-5.586,-5.6,0.0030840177752864406,0.0030840177752864406,0.017084017775285787,0.017084017775285787
32,CMS-3806,ACETIC ACID,CC(=O)O,CC(=O)O,Benchmark Gradient Boosting,/Users/tanvir/Desktop/skin/skin-permeation-reproduction-project/models/reproduction/benchmark/Gradient_Boosting.joblib,-6.3967915838785325,-6.079,-6.079,-6.079,-0.3177915838785328,0.3177915838785328,-0.3177915838785328,0.3177915838785328
33,CMS-14254,ALPHA-BUTYL-OMEGA-HYDROXYPOLY(OXYETHYLENE) POLY(OXYPROPYLENE),CCCCO,CCCCO,Benchmark Gradient Boosting,/Users/tanvir/Desktop/skin/skin-permeation-reproduction-project/models/reproduction/benchmark/Gradient_Boosting.joblib,-6.1224281247371675,-7.778 | -6.556 | -6.214 | -6.158 | -6.079 | -5.816 | -5.659 | -5.481 | -5.193 | -5.079 | -4.703,-6.158,-5.9405,0.0355718752628329,0.0355718752628329,-0.18192812473716735,0.18192812473716735
34,CMS-4846,SALICYLIC ACID,O=C(O)c1ccccc1O,O=C(O)c1ccccc1O,Benchmark Gradient Boosting,/Users/tanvir/Desktop/skin/skin-permeation-reproduction-project/models/reproduction/benchmark/Gradient_Boosting.joblib,-6.4724289625746625,-7.556 | -6.588 | -6.216 | -5.76 | -5.416 | -5.136,-6.588,-6.112,0.11557103742533759,0.11557103742533759,-0.3604289625746624,0.3604289625746624
35,CMS-1379,TOLUENE,Cc1ccccc1,Cc1ccccc1,Benchmark Gradient Boosting,/Users/tanvir/Desktop/skin/skin-permeation-reproduction-project/models/reproduction/benchmark/Gradient_Boosting.joblib,-4.583563002710795,-3.637,-3.637,-3.637,-0.946563002710795,0.946563002710795,-0.946563002710795,0.946563002710795
36,CMS-1541,DIETHYLENE GLYCOL MONOBUTYL ETHER,CCCCOCCOCCO,CCCCOCCOCCO,Benchmark Gradient Boosting,/Users/tanvir/Desktop/skin/skin-permeation-reproduction-project/models/reproduction/benchmark/Gradient_Boosting.joblib,-5.761753491262711,-8.004 | -7.071,-7.071,-7.5375,1.3092465087372887,1.3092465087372887,1.7757465087372886,1.7757465087372886
37,CMS-216,BUTYL P-HYDROXYBENZOATE,CCCCOC(=O)c1ccc(O)cc1,CCCCOC(=O)c1ccc(O)cc1,Benchmark Gradient Boosting,/Users/tanvir/Desktop/skin/skin-permeation-reproduction-project/models/reproduction/benchmark/Gradient_Boosting.joblib,-4.924091776700084,-4.538,-4.538,-4.538,-0.3860917767000833,0.3860917767000833,-0.3860917767000833,0.3860917767000833
38,CMS-1908,DIETHYLENE GLYCOL MONOETHYL ETHER,CCOCCOCCO,CCOCCOCCO,Benchmark Gradient Boosting,/Users/tanvir/Desktop/skin/skin-permeation-reproduction-project/models/reproduction/benchmark/Gradient_Boosting.joblib,-6.196242366125103,-7.436,-7.436,-7.436,1.2397576338748966,1.2397576338748966,1.2397576338748966,1.2397576338748966
39,CMS-263,CATECHOL,Oc1ccccc1O,Oc1ccccc1O,Benchmark Gradient Boosting,/Users/tanvir/Desktop/skin/skin-permeation-reproduction-project/models/reproduction/benchmark/Gradient_Boosting.joblib,-6.072012301759301,-6.066,-6.066,-6.066,-0.006012301759301231,0.006012301759301231,-0.006012301759301231,0.006012301759301231
40,CMS-3637,ETHYLENE GLYCOL MONOETHYL ETHER,CCOCCO,CCOCCO,Benchmark Gradient Boosting,/Users/tanvir/Desktop/skin/skin-permeation-reproduction-project/models/reproduction/benchmark/Gradient_Boosting.joblib,-6.696991145333698,-7.785 | -7.687 | -7.158 | -6.631 | -5.647 | -5.63 | -5.545 | -5.544,-6.631,-6.531667,-0.06599114533369743,0.06599114533369743,-0.165324145333698,0.165324145333698
41,CMS-1740,DIETHYL ETHER,CCOCC,CCOCC,Benchmark Gradient Boosting,/Users/tanvir/Desktop/skin/skin-permeation-reproduction-project/models/reproduction/benchmark/Gradient_Boosting.joblib,-5.608489926928893,-5.352,-5.352,-5.352,-0.25648992692889294,0.25648992692889294,-0.25648992692889294,0.25648992692889294
42,CMS-1746,METHYL ALCOHOL,CO,CO,Benchmark Gradient Boosting,/Users/tanvir/Desktop/skin/skin-permeation-reproduction-project/models/reproduction/benchmark/Gradient_Boosting.joblib,-6.718210649532221,-6.857 | -6.556 | -6.352 | -5.539 | -5.195 | -4.832 | -3.857,-6.857,-5.598286,0.1387893504677793,0.1387893504677793,-1.119924649532221,1.119924649532221
43,CMS-4141,DIETHYLENE GLYCOL MONOMETHYL ETHER,COCCOCCO,COCCOCCO,Benchmark Gradient Boosting,/Users/tanvir/Desktop/skin/skin-permeation-reproduction-project/models/reproduction/benchmark/Gradient_Boosting.joblib,-6.475662143736321,-7.242,-7.242,-7.242,0.7663378562636787,0.7663378562636787,0.7663378562636787,0.7663378562636787
44,CMS-2411,PROPYL P-HYDROXYBENZOATE,CCCOC(=O)c1ccc(O)cc1,CCCOC(=O)c1ccc(O)cc1,Benchmark Gradient Boosting,/Users/tanvir/Desktop/skin/skin-permeation-reproduction-project/models/reproduction/benchmark/Gradient_Boosting.joblib,-5.117942726073981,-5.41,-5.41,-5.41,0.29205727392601943,0.29205727392601943,0.29205727392601943,0.29205727392601943
45,CMS-7285,THYMOL,Cc1ccc(C(C)C)c(O)c1,Cc1ccc(C(C)C)c(O)c1,Benchmark Gradient Boosting,/Users/tanvir/Desktop/skin/skin-permeation-reproduction-project/models/reproduction/benchmark/Gradient_Boosting.joblib,-4.75424666621846,-4.86 | -4.834 | -4.77,-4.77,-4.821333,0.015753333781539425,0.015753333781539425,0.06708633378153994,0.06708633378153994
46,CMS-147,BENZOIC ACID,O=C(O)c1ccccc1,O=C(O)c1ccccc1,Benchmark Gradient Boosting,/Users/tanvir/Desktop/skin/skin-permeation-reproduction-project/models/reproduction/benchmark/Gradient_Boosting.joblib,-5.605907911241163,-5.675 | -5.156,-5.675,-5.4155,0.0690920887588371,0.0690920887588371,-0.19040791124116296,0.19040791124116296
47,CMS-595,ETHYL ALCOHOL,CCO,CCO,Benchmark Gradient Boosting,/Users/tanvir/Desktop/skin/skin-permeation-reproduction-project/models/reproduction/benchmark/Gradient_Boosting.joblib,-6.522636873866549,-7.079 | -7.055 | -6.699 | -6.653 | -6.556 | -6.352 | -6.278 | -5.711 | -5.214 | -5.012 | -3.653,-6.556,-6.023818,0.03336312613345083,0.03336312613345083,-0.4988188738665489,0.4988188738665489
49,CMS-2413,METHYL P-HYDROXYBENZOATE,COC(=O)c1ccc(O)cc1,COC(=O)c1ccc(O)cc1,Benchmark Gradient Boosting,/Users/tanvir/Desktop/skin/skin-permeation-reproduction-project/models/reproduction/benchmark/Gradient_Boosting.joblib,-5.494207543909665,-5.634 | -5.632 | -5.596 | -5.23,-5.596,-5.523,0.10179245609033494,0.10179245609033494,0.02879245609033454,0.02879245609033454
50,CMS-3038,MANNITOL,OC[C@@H](O)[C@@H](O)[C@H](O)[C@H](O)CO,OC[C@@H](O)[C@@H](O)[C@H](O)[C@H](O)CO,Benchmark Gradient Boosting,/Users/tanvir/Desktop/skin/skin-permeation-reproduction-project/models/reproduction/benchmark/Gradient_Boosting.joblib,-8.019290591562786,-8.158 | -7.923 | -7.81 | -7.771,-7.923,-7.9155,-0.09629059156278608,0.09629059156278608,-0.10379059156278636,0.10379059156278636
51,CMS-3340,D-SORBITOL,OC[C@@H](O)[C@@H](O)[C@H](O)[C@H](O)CO,OC[C@@H](O)[C@@H](O)[C@H](O)[C@H](O)CO,Benchmark Gradient Boosting,/Users/tanvir/Desktop/skin/skin-permeation-reproduction-project/models/reproduction/benchmark/Gradient_Boosting.joblib,-8.019290591562786,-8.158 | -7.923 | -7.81 | -7.771,-7.923,-7.9155,-0.09629059156278608,0.09629059156278608,-0.10379059156278636,0.10379059156278636
52,CMS-1446,UREA,NC(N)=O,NC(N)=O,Benchmark Gradient Boosting,/Users/tanvir/Desktop/skin/skin-permeation-reproduction-project/models/reproduction/benchmark/Gradient_Boosting.joblib,-7.2495169668734825,-7.386 | -7.317,-7.317,-7.3515,0.06748303312651771,0.06748303312651771,0.10198303312651724,0.10198303312651724
0,CMS-138,BENZENE,c1ccccc1,c1ccccc1,Benchmark LGBM,/Users/tanvir/Desktop/skin/skin-permeation-reproduction-project/models/reproduction/benchmark/LGBM.joblib,-4.388294411142975,-4.511 | -4.352,-4.352,-4.4315,-0.0362944111429746,0.0362944111429746,0.04320558885702486,0.04320558885702486
1,CMS-1150,P-PHENYLENEDIAMINE,Nc1ccc(N)cc1,Nc1ccc(N)cc1,Benchmark LGBM,/Users/tanvir/Desktop/skin/skin-permeation-reproduction-project/models/reproduction/benchmark/LGBM.joblib,-7.153551300277307,-7.176,-7.176,-7.176,0.022448699722692922,0.022448699722692922,0.022448699722692922,0.022448699722692922
3,CMS-922,MONOCHLOROACETIC ACID--PROHIBITED,O=C(O)CCl,O=C(O)CCl,Benchmark LGBM,/Users/tanvir/Desktop/skin/skin-permeation-reproduction-project/models/reproduction/benchmark/LGBM.joblib,-6.0752535272145245,-6.515,-6.515,-6.515,0.4397464727854752,0.4397464727854752,0.4397464727854752,0.4397464727854752
4,CMS-1784,1-NAPHTHOL,Oc1cccc2ccccc12,Oc1cccc2ccccc12,Benchmark LGBM,/Users/tanvir/Desktop/skin/skin-permeation-reproduction-project/models/reproduction/benchmark/LGBM.joblib,-5.068863038744209,-5.141,-5.141,-5.141,0.07213696125579094,0.07213696125579094,0.07213696125579094,0.07213696125579094
5,CMS-1163,O-PHENYLPHENOL,Oc1ccccc1-c1ccccc1,Oc1ccccc1-c1ccccc1,Benchmark LGBM,/Users/tanvir/Desktop/skin/skin-permeation-reproduction-project/models/reproduction/benchmark/LGBM.joblib,-4.81856174895237,-6.355 | -5.294,-5.294,-5.8245,0.4754382510476294,0.4754382510476294,1.0059382510476294,1.0059382510476294
6,CMS-1355,THEOPHYLLINE,Cn1c(=O)c2[nH]cnc2n(C)c1=O,Cn1c(=O)c2[nH]cnc2n(C)c1=O,Benchmark LGBM,/Users/tanvir/Desktop/skin/skin-permeation-reproduction-project/models/reproduction/benchmark/LGBM.joblib,-7.402995908250675,-7.125,-7.125,-7.125,-0.2779959082506753,0.2779959082506753,-0.2779959082506753,0.2779959082506753
7,CMS-976,2-NITRO-P-PHENYLENEDIAMINE,Nc1ccc(N)c([N+](=O)[O-])c1,Nc1ccc(N)c([N+](=O)[O-])c1,Benchmark LGBM,/Users/tanvir/Desktop/skin/skin-permeation-reproduction-project/models/reproduction/benchmark/LGBM.joblib,-6.5841765524079285,-6.857,-6.857,-6.857,0.27282344759207167,0.27282344759207167,0.27282344759207167,0.27282344759207167
8,CMS-1949,DIETHYLTOLUAMIDE,CCN(CC)C(=O)c1cccc(C)c1,CCN(CC)C(=O)c1cccc(C)c1,Benchmark LGBM,/Users/tanvir/Desktop/skin/skin-permeation-reproduction-project/models/reproduction/benchmark/LGBM.joblib,-5.243835292371295,-8.352 | -7.699 | -7.561 | -7.535 | -7.477 | -7.474 | -7.392 | -7.158 | -6.954 | -6.792 | -6.78 | -6.446,-6.446,-7.301667,1.2021647076287048,1.2021647076287048,2.057831707628705,2.057831707628705
9,CMS-1305,SUCROSE,OC[C@H]1O[C@H](O[C@]2(CO)O[C@H](CO)[C@@H](O)[C@@H]2O)[C@H](O)[C@@H](O)[C@@H]1O,OC[C@H]1O[C@@](CO)(O[C@H]2O[C@H](CO)[C@@H](O)[C@H](O)[C@H]2O)[C@@H](O)[C@@H]1O,Benchmark LGBM,/Users/tanvir/Desktop/skin/skin-permeation-reproduction-project/models/reproduction/benchmark/LGBM.joblib,-7.995861694395712,-8.84 | -8.583 | -8.075,-8.075,-8.5845,0.07913830560428714,0.07913830560428714,0.5886383056042881,0.5886383056042881
10,CMS-240,CAFFEINE,Cn1c(=O)c2c(ncn2C)n(C)c1=O,Cn1c(=O)c2c(ncn2C)n(C)c1=O,Benchmark LGBM,/Users/tanvir/Desktop/skin/skin-permeation-reproduction-project/models/reproduction/benchmark/LGBM.joblib,-6.923658415215289,-7.556 | -7.145 | -7.053 | -6.915 | -6.828 | -6.541 | -6.352,-6.915,-6.912857,-0.008658415215289317,0.008658415215289317,-0.010801415215289545,0.010801415215289545
11,CMS-620,DI(2-ETHYLHEXYL) PHTHALATE,CCCCC(CC)COC(=O)c1ccccc1C(=O)OCC(CC)CCCC,CCCCC(CC)COC(=O)c1ccccc1C(=O)OCC(CC)CCCC,Benchmark LGBM,/Users/tanvir/Desktop/skin/skin-permeation-reproduction-project/models/reproduction/benchmark/LGBM.joblib,-7.371659797111237,-10.535 | -8.8 | -7.653,-7.653,-8.996,0.2813402028887628,0.2813402028887628,1.6243402028887637,1.6243402028887637
12,CMS-3625,"3,4-XYLENOL",Cc1ccc(O)cc1C,Cc1ccc(O)cc1C,Benchmark LGBM,/Users/tanvir/Desktop/skin/skin-permeation-reproduction-project/models/reproduction/benchmark/LGBM.joblib,-4.994502098970662,-5,-5.0,-5.0,0.005497901029338337,0.005497901029338337,0.005497901029338337,0.005497901029338337
13,CMS-4841,PHENETHYL ALCOHOL,OCCc1ccccc1,OCCc1ccccc1,Benchmark LGBM,/Users/tanvir/Desktop/skin/skin-permeation-reproduction-project/models/reproduction/benchmark/LGBM.joblib,-5.263477349399433,-5.276,-5.276,-5.276,0.012522650600566898,0.012522650600566898,0.012522650600566898,0.012522650600566898
14,CMS-8324,"1,2,4-BENZENETRIOL",Oc1ccc(O)c(O)c1,Oc1ccc(O)c(O)c1,Benchmark LGBM,/Users/tanvir/Desktop/skin/skin-permeation-reproduction-project/models/reproduction/benchmark/LGBM.joblib,-7.311913614594398,-7.456,-7.456,-7.456,0.14408638540560226,0.14408638540560226,0.14408638540560226,0.14408638540560226
15,CMS-3639,ETHYLENE GLYCOL MONOBUTYL ETHER,CCCCOCCO,CCCCOCCO,Benchmark LGBM,/Users/tanvir/Desktop/skin/skin-permeation-reproduction-project/models/reproduction/benchmark/LGBM.joblib,-5.795456758642647,-7.226 | -5.34,-5.34,-6.283,-0.45545675864264723,0.45545675864264723,0.4875432413573533,0.4875432413573533
16,CMS-731,HYDROQUINONE,Oc1ccc(O)cc1,Oc1ccc(O)cc1,Benchmark LGBM,/Users/tanvir/Desktop/skin/skin-permeation-reproduction-project/models/reproduction/benchmark/LGBM.joblib,-6.63391155722586,-8.586 | -6.506,-6.506,-7.546,-0.12791155722585934,0.12791155722585934,0.9120884427741407,0.9120884427741407
17,CMS-3690,ETHYLENE GLYCOL MONOMETHYL ETHER,COCCO,COCCO,Benchmark LGBM,/Users/tanvir/Desktop/skin/skin-permeation-reproduction-project/models/reproduction/benchmark/LGBM.joblib,-6.392909580839943,-6.095,-6.095,-6.095,-0.297909580839943,0.297909580839943,-0.297909580839943,0.297909580839943
18,CMS-3700,M-CRESOL,Cc1cccc(O)c1,Cc1cccc(O)c1,Benchmark LGBM,/Users/tanvir/Desktop/skin/skin-permeation-reproduction-project/models/reproduction/benchmark/LGBM.joblib,-5.3035191838065945,-5.373,-5.373,-5.373,0.06948081619340574,0.06948081619340574,0.06948081619340574,0.06948081619340574
19,CMS-1797,O-CRESOL,Cc1ccccc1O,Cc1ccccc1O,Benchmark LGBM,/Users/tanvir/Desktop/skin/skin-permeation-reproduction-project/models/reproduction/benchmark/LGBM.joblib,-5.307984787236586,-5.36,-5.36,-5.36,0.05201521276341392,0.05201521276341392,0.05201521276341392,0.05201521276341392
20,CMS-1848,P-CRESOL,Cc1ccc(O)cc1,Cc1ccc(O)cc1,Benchmark LGBM,/Users/tanvir/Desktop/skin/skin-permeation-reproduction-project/models/reproduction/benchmark/LGBM.joblib,-5.333219832871815,-5.313 | -4.477,-5.313,-4.895,-0.020219832871815058,0.020219832871815058,-0.4382198328718152,0.4382198328718152
21,CMS-1937,P-ETHYLPHENOL,CCc1ccc(O)cc1,CCc1ccc(O)cc1,Benchmark LGBM,/Users/tanvir/Desktop/skin/skin-permeation-reproduction-project/models/reproduction/benchmark/LGBM.joblib,-4.998224529967768,-5.014,-5.014,-5.014,0.01577547003223234,0.01577547003223234,0.01577547003223234,0.01577547003223234
23,CMS-1253,RESORCINOL,Oc1cccc(O)c1,Oc1cccc(O)c1,Benchmark LGBM,/Users/tanvir/Desktop/skin/skin-permeation-reproduction-project/models/reproduction/benchmark/LGBM.joblib,-6.354116133881975,-7.176 | -6.626,-6.626,-6.901,0.2718838661180252,0.2718838661180252,0.5468838661180246,0.5468838661180246
24,CMS-1936,ETHYLENE GLYCOL MONOPHENYL ETHER,OCCOc1ccccc1,OCCOc1ccccc1,Benchmark LGBM,/Users/tanvir/Desktop/skin/skin-permeation-reproduction-project/models/reproduction/benchmark/LGBM.joblib,-5.830619945662775,-6.43,-6.43,-6.43,0.5993800543372245,0.5993800543372245,0.5993800543372245,0.5993800543372245
25,CMS-1750,BUTYL ALCOHOL,CCCCO,CCCCO,Benchmark LGBM,/Users/tanvir/Desktop/skin/skin-permeation-reproduction-project/models/reproduction/benchmark/LGBM.joblib,-5.9724888574693,-7.778 | -6.556 | -6.214 | -6.158 | -6.079 | -5.816 | -5.659 | -5.481 | -5.193 | -5.079 | -4.703,-6.079,-5.9405,0.10651114253069949,0.10651114253069949,-0.031988857469300136,0.031988857469300136
26,CMS-1898,HEXYL ALCOHOL,CCCCCCO,CCCCCCO,Benchmark LGBM,/Users/tanvir/Desktop/skin/skin-permeation-reproduction-project/models/reproduction/benchmark/LGBM.joblib,-5.345842136617739,-7.84 | -7.012 | -5.778 | -5.637 | -5.442 | -5.284 | -5.255 | -5.114 | -5.051 | -4.888 | -4.859 | -2.442,-5.284,-5.388,-0.06184213661773885,0.06184213661773885,0.04215786338226124,0.04215786338226124
27,CMS-110,ASPIRIN,CC(=O)Oc1ccccc1C(=O)O,CC(=O)Oc1ccccc1C(=O)O,Benchmark LGBM,/Users/tanvir/Desktop/skin/skin-permeation-reproduction-project/models/reproduction/benchmark/LGBM.joblib,-5.790079304657518,-5.696,-5.696,-5.696,-0.09407930465751857,0.09407930465751857,-0.09407930465751857,0.09407930465751857
29,CMS-4496,METHYL SALICYLATE,COC(=O)c1ccccc1O,COC(=O)c1ccccc1O,Benchmark LGBM,/Users/tanvir/Desktop/skin/skin-permeation-reproduction-project/models/reproduction/benchmark/LGBM.joblib,-4.997439229365716,-5,-5.0,-5.0,0.0025607706342842818,0.0025607706342842818,0.0025607706342842818,0.0025607706342842818
31,CMS-1136,PHENOL,Oc1ccccc1,Oc1ccccc1,Benchmark LGBM,/Users/tanvir/Desktop/skin/skin-permeation-reproduction-project/models/reproduction/benchmark/LGBM.joblib,-6.074113709778865,-5.614 | -5.586,-5.614,-5.6,-0.4601137097788648,0.4601137097788648,-0.474113709778865,0.474113709778865
32,CMS-3806,ACETIC ACID,CC(=O)O,CC(=O)O,Benchmark LGBM,/Users/tanvir/Desktop/skin/skin-permeation-reproduction-project/models/reproduction/benchmark/LGBM.joblib,-6.359391489119578,-6.079,-6.079,-6.079,-0.28039148911957845,0.28039148911957845,-0.28039148911957845,0.28039148911957845
33,CMS-14254,ALPHA-BUTYL-OMEGA-HYDROXYPOLY(OXYETHYLENE) POLY(OXYPROPYLENE),CCCCO,CCCCO,Benchmark LGBM,/Users/tanvir/Desktop/skin/skin-permeation-reproduction-project/models/reproduction/benchmark/LGBM.joblib,-5.9724888574693,-7.778 | -6.556 | -6.214 | -6.158 | -6.079 | -5.816 | -5.659 | -5.481 | -5.193 | -5.079 | -4.703,-6.079,-5.9405,0.10651114253069949,0.10651114253069949,-0.031988857469300136,0.031988857469300136
34,CMS-4846,SALICYLIC ACID,O=C(O)c1ccccc1O,O=C(O)c1ccccc1O,Benchmark LGBM,/Users/tanvir/Desktop/skin/skin-permeation-reproduction-project/models/reproduction/benchmark/LGBM.joblib,-5.820967146007844,-7.556 | -6.588 | -6.216 | -5.76 | -5.416 | -5.136,-5.76,-6.112,-0.06096714600784381,0.06096714600784381,0.2910328539921565,0.2910328539921565
35,CMS-1379,TOLUENE,Cc1ccccc1,Cc1ccccc1,Benchmark LGBM,/Users/tanvir/Desktop/skin/skin-permeation-reproduction-project/models/reproduction/benchmark/LGBM.joblib,-4.049083615652564,-3.637,-3.637,-3.637,-0.412083615652564,0.412083615652564,-0.412083615652564,0.412083615652564
36,CMS-1541,DIETHYLENE GLYCOL MONOBUTYL ETHER,CCCCOCCOCCO,CCCCOCCOCCO,Benchmark LGBM,/Users/tanvir/Desktop/skin/skin-permeation-reproduction-project/models/reproduction/benchmark/LGBM.joblib,-5.768135892437767,-8.004 | -7.071,-7.071,-7.5375,1.3028641075622325,1.3028641075622325,1.7693641075622324,1.7693641075622324
37,CMS-216,BUTYL P-HYDROXYBENZOATE,CCCCOC(=O)c1ccc(O)cc1,CCCCOC(=O)c1ccc(O)cc1,Benchmark LGBM,/Users/tanvir/Desktop/skin/skin-permeation-reproduction-project/models/reproduction/benchmark/LGBM.joblib,-4.640752401243869,-4.538,-4.538,-4.538,-0.10275240124386897,0.10275240124386897,-0.10275240124386897,0.10275240124386897
38,CMS-1908,DIETHYLENE GLYCOL MONOETHYL ETHER,CCOCCOCCO,CCOCCOCCO,Benchmark LGBM,/Users/tanvir/Desktop/skin/skin-permeation-reproduction-project/models/reproduction/benchmark/LGBM.joblib,-6.327738610557613,-7.436,-7.436,-7.436,1.1082613894423865,1.1082613894423865,1.1082613894423865,1.1082613894423865
39,CMS-263,CATECHOL,Oc1ccccc1O,Oc1ccccc1O,Benchmark LGBM,/Users/tanvir/Desktop/skin/skin-permeation-reproduction-project/models/reproduction/benchmark/LGBM.joblib,-6.1358748780989565,-6.066,-6.066,-6.066,-0.06987487809895665,0.06987487809895665,-0.06987487809895665,0.06987487809895665
40,CMS-3637,ETHYLENE GLYCOL MONOETHYL ETHER,CCOCCO,CCOCCO,Benchmark LGBM,/Users/tanvir/Desktop/skin/skin-permeation-reproduction-project/models/reproduction/benchmark/LGBM.joblib,-6.635067299070351,-7.785 | -7.687 | -7.158 | -6.631 | -5.647 | -5.63 | -5.545 | -5.544,-6.631,-6.531667,-0.0040672990703507494,0.0040672990703507494,-0.10340029907035131,0.10340029907035131
41,CMS-1740,DIETHYL ETHER,CCOCC,CCOCC,Benchmark LGBM,/Users/tanvir/Desktop/skin/skin-permeation-reproduction-project/models/reproduction/benchmark/LGBM.joblib,-5.475890231301831,-5.352,-5.352,-5.352,-0.12389023130183041,0.12389023130183041,-0.12389023130183041,0.12389023130183041
42,CMS-1746,METHYL ALCOHOL,CO,CO,Benchmark LGBM,/Users/tanvir/Desktop/skin/skin-permeation-reproduction-project/models/reproduction/benchmark/LGBM.joblib,-6.643571140715082,-6.857 | -6.556 | -6.352 | -5.539 | -5.195 | -4.832 | -3.857,-6.556,-5.598286,-0.08757114071508187,0.08757114071508187,-1.045285140715082,1.045285140715082
43,CMS-4141,DIETHYLENE GLYCOL MONOMETHYL ETHER,COCCOCCO,COCCOCCO,Benchmark LGBM,/Users/tanvir/Desktop/skin/skin-permeation-reproduction-project/models/reproduction/benchmark/LGBM.joblib,-6.258078461691929,-7.242,-7.242,-7.242,0.9839215383080706,0.9839215383080706,0.9839215383080706,0.9839215383080706
44,CMS-2411,PROPYL P-HYDROXYBENZOATE,CCCOC(=O)c1ccc(O)cc1,CCCOC(=O)c1ccc(O)cc1,Benchmark LGBM,/Users/tanvir/Desktop/skin/skin-permeation-reproduction-project/models/reproduction/benchmark/LGBM.joblib,-5.078936132065718,-5.41,-5.41,-5.41,0.3310638679342821,0.3310638679342821,0.3310638679342821,0.3310638679342821
45,CMS-7285,THYMOL,Cc1ccc(C(C)C)c(O)c1,Cc1ccc(C(C)C)c(O)c1,Benchmark LGBM,/Users/tanvir/Desktop/skin/skin-permeation-reproduction-project/models/reproduction/benchmark/LGBM.joblib,-4.7419727054147005,-4.86 | -4.834 | -4.77,-4.77,-4.821333,0.028027294585299067,0.028027294585299067,0.07936029458529958,0.07936029458529958
46,CMS-147,BENZOIC ACID,O=C(O)c1ccccc1,O=C(O)c1ccccc1,Benchmark LGBM,/Users/tanvir/Desktop/skin/skin-permeation-reproduction-project/models/reproduction/benchmark/LGBM.joblib,-5.4045179779045665,-5.675 | -5.156,-5.156,-5.4155,-0.24851797790456676,0.24851797790456676,0.010982022095433308,0.010982022095433308
47,CMS-595,ETHYL ALCOHOL,CCO,CCO,Benchmark LGBM,/Users/tanvir/Desktop/skin/skin-permeation-reproduction-project/models/reproduction/benchmark/LGBM.joblib,-6.509554598168156,-7.079 | -7.055 | -6.699 | -6.653 | -6.556 | -6.352 | -6.278 | -5.711 | -5.214 | -5.012 | -3.653,-6.556,-6.023818,0.04644540183184365,0.04644540183184365,-0.48573659816815606,0.48573659816815606
49,CMS-2413,METHYL P-HYDROXYBENZOATE,COC(=O)c1ccc(O)cc1,COC(=O)c1ccc(O)cc1,Benchmark LGBM,/Users/tanvir/Desktop/skin/skin-permeation-reproduction-project/models/reproduction/benchmark/LGBM.joblib,-5.463149624114559,-5.634 | -5.632 | -5.596 | -5.23,-5.596,-5.523,0.13285037588544135,0.13285037588544135,0.059850375885440954,0.059850375885440954
50,CMS-3038,MANNITOL,OC[C@@H](O)[C@@H](O)[C@H](O)[C@H](O)CO,OC[C@@H](O)[C@@H](O)[C@H](O)[C@H](O)CO,Benchmark LGBM,/Users/tanvir/Desktop/skin/skin-permeation-reproduction-project/models/reproduction/benchmark/LGBM.joblib,-7.966536777918487,-8.158 | -7.923 | -7.81 | -7.771,-7.923,-7.9155,-0.043536777918486536,0.043536777918486536,-0.05103677791848682,0.05103677791848682
51,CMS-3340,D-SORBITOL,OC[C@@H](O)[C@@H](O)[C@H](O)[C@H](O)CO,OC[C@@H](O)[C@@H](O)[C@H](O)[C@H](O)CO,Benchmark LGBM,/Users/tanvir/Desktop/skin/skin-permeation-reproduction-project/models/reproduction/benchmark/LGBM.joblib,-7.966536777918487,-8.158 | -7.923 | -7.81 | -7.771,-7.923,-7.9155,-0.043536777918486536,0.043536777918486536,-0.05103677791848682,0.05103677791848682
52,CMS-1446,UREA,NC(N)=O,NC(N)=O,Benchmark LGBM,/Users/tanvir/Desktop/skin/skin-permeation-reproduction-project/models/reproduction/benchmark/LGBM.joblib,-7.322351497921354,-7.386 | -7.317,-7.317,-7.3515,-0.0053514979213540315,0.0053514979213540315,0.0291485020786455,0.0291485020786455
0,CMS-138,BENZENE,c1ccccc1,c1ccccc1,Benchmark XGBoost,/Users/tanvir/Desktop/skin/skin-permeation-reproduction-project/models/reproduction/benchmark/XGBoost.joblib,-4.299346923828125,-4.511 | -4.352,-4.352,-4.4315,0.05265307617187531,0.05265307617187531,0.13215307617187477,0.13215307617187477
1,CMS-1150,P-PHENYLENEDIAMINE,Nc1ccc(N)cc1,Nc1ccc(N)cc1,Benchmark XGBoost,/Users/tanvir/Desktop/skin/skin-permeation-reproduction-project/models/reproduction/benchmark/XGBoost.joblib,-7.159842491149902,-7.176,-7.176,-7.176,0.016157508850097813,0.016157508850097813,0.016157508850097813,0.016157508850097813
3,CMS-922,MONOCHLOROACETIC ACID--PROHIBITED,O=C(O)CCl,O=C(O)CCl,Benchmark XGBoost,/Users/tanvir/Desktop/skin/skin-permeation-reproduction-project/models/reproduction/benchmark/XGBoost.joblib,-6.173089981079102,-6.515,-6.515,-6.515,0.3419100189208981,0.3419100189208981,0.3419100189208981,0.3419100189208981
4,CMS-1784,1-NAPHTHOL,Oc1cccc2ccccc12,Oc1cccc2ccccc12,Benchmark XGBoost,/Users/tanvir/Desktop/skin/skin-permeation-reproduction-project/models/reproduction/benchmark/XGBoost.joblib,-5.039772987365723,-5.141,-5.141,-5.141,0.10122701263427736,0.10122701263427736,0.10122701263427736,0.10122701263427736
5,CMS-1163,O-PHENYLPHENOL,Oc1ccccc1-c1ccccc1,Oc1ccccc1-c1ccccc1,Benchmark XGBoost,/Users/tanvir/Desktop/skin/skin-permeation-reproduction-project/models/reproduction/benchmark/XGBoost.joblib,-4.807521343231201,-6.355 | -5.294,-5.294,-5.8245,0.4864786567687984,0.4864786567687984,1.0169786567687984,1.0169786567687984
6,CMS-1355,THEOPHYLLINE,Cn1c(=O)c2[nH]cnc2n(C)c1=O,Cn1c(=O)c2[nH]cnc2n(C)c1=O,Benchmark XGBoost,/Users/tanvir/Desktop/skin/skin-permeation-reproduction-project/models/reproduction/benchmark/XGBoost.joblib,-6.777530670166016,-7.125,-7.125,-7.125,0.3474693298339844,0.3474693298339844,0.3474693298339844,0.3474693298339844
7,CMS-976,2-NITRO-P-PHENYLENEDIAMINE,Nc1ccc(N)c([N+](=O)[O-])c1,Nc1ccc(N)c([N+](=O)[O-])c1,Benchmark XGBoost,/Users/tanvir/Desktop/skin/skin-permeation-reproduction-project/models/reproduction/benchmark/XGBoost.joblib,-6.2385711669921875,-6.857,-6.857,-6.857,0.6184288330078127,0.6184288330078127,0.6184288330078127,0.6184288330078127
8,CMS-1949,DIETHYLTOLUAMIDE,CCN(CC)C(=O)c1cccc(C)c1,CCN(CC)C(=O)c1cccc(C)c1,Benchmark XGBoost,/Users/tanvir/Desktop/skin/skin-permeation-reproduction-project/models/reproduction/benchmark/XGBoost.joblib,-5.113128662109375,-8.352 | -7.699 | -7.561 | -7.535 | -7.477 | -7.474 | -7.392 | -7.158 | -6.954 | -6.792 | -6.78 | -6.446,-6.446,-7.301667,1.3328713378906247,1.3328713378906247,2.188538337890625,2.188538337890625
9,CMS-1305,SUCROSE,OC[C@H]1O[C@H](O[C@]2(CO)O[C@H](CO)[C@@H](O)[C@@H]2O)[C@H](O)[C@@H](O)[C@@H]1O,OC[C@H]1O[C@@](CO)(O[C@H]2O[C@H](CO)[C@@H](O)[C@H](O)[C@H]2O)[C@@H](O)[C@@H]1O,Benchmark XGBoost,/Users/tanvir/Desktop/skin/skin-permeation-reproduction-project/models/reproduction/benchmark/XGBoost.joblib,-7.980992794036865,-8.84 | -8.583 | -8.075,-8.075,-8.5845,0.09400720596313406,0.09400720596313406,0.603507205963135,0.603507205963135
10,CMS-240,CAFFEINE,Cn1c(=O)c2c(ncn2C)n(C)c1=O,Cn1c(=O)c2c(ncn2C)n(C)c1=O,Benchmark XGBoost,/Users/tanvir/Desktop/skin/skin-permeation-reproduction-project/models/reproduction/benchmark/XGBoost.joblib,-6.813002109527588,-7.556 | -7.145 | -7.053 | -6.915 | -6.828 | -6.541 | -6.352,-6.828,-6.912857,0.0149978904724124,0.0149978904724124,0.09985489047241192,0.09985489047241192
11,CMS-620,DI(2-ETHYLHEXYL) PHTHALATE,CCCCC(CC)COC(=O)c1ccccc1C(=O)OCC(CC)CCCC,CCCCC(CC)COC(=O)c1ccccc1C(=O)OCC(CC)CCCC,Benchmark XGBoost,/Users/tanvir/Desktop/skin/skin-permeation-reproduction-project/models/reproduction/benchmark/XGBoost.joblib,-7.595445156097412,-10.535 | -8.8 | -7.653,-7.653,-8.996,0.05755484390258747,0.05755484390258747,1.4005548439025883,1.4005548439025883
12,CMS-3625,"3,4-XYLENOL",Cc1ccc(O)cc1C,Cc1ccc(O)cc1C,Benchmark XGBoost,/Users/tanvir/Desktop/skin/skin-permeation-reproduction-project/models/reproduction/benchmark/XGBoost.joblib,-5.021931171417236,-5,-5.0,-5.0,-0.021931171417236328,0.021931171417236328,-0.021931171417236328,0.021931171417236328
13,CMS-4841,PHENETHYL ALCOHOL,OCCc1ccccc1,OCCc1ccccc1,Benchmark XGBoost,/Users/tanvir/Desktop/skin/skin-permeation-reproduction-project/models/reproduction/benchmark/XGBoost.joblib,-5.242672443389893,-5.276,-5.276,-5.276,0.03332755661010722,0.03332755661010722,0.03332755661010722,0.03332755661010722
14,CMS-8324,"1,2,4-BENZENETRIOL",Oc1ccc(O)c(O)c1,Oc1ccc(O)c(O)c1,Benchmark XGBoost,/Users/tanvir/Desktop/skin/skin-permeation-reproduction-project/models/reproduction/benchmark/XGBoost.joblib,-7.365473747253418,-7.456,-7.456,-7.456,0.09052625274658244,0.09052625274658244,0.09052625274658244,0.09052625274658244
15,CMS-3639,ETHYLENE GLYCOL MONOBUTYL ETHER,CCCCOCCO,CCCCOCCO,Benchmark XGBoost,/Users/tanvir/Desktop/skin/skin-permeation-reproduction-project/models/reproduction/benchmark/XGBoost.joblib,-5.840106010437012,-7.226 | -5.34,-5.34,-6.283,-0.5001060104370119,0.5001060104370119,0.44289398956298864,0.44289398956298864
16,CMS-731,HYDROQUINONE,Oc1ccc(O)cc1,Oc1ccc(O)cc1,Benchmark XGBoost,/Users/tanvir/Desktop/skin/skin-permeation-reproduction-project/models/reproduction/benchmark/XGBoost.joblib,-6.497369289398193,-8.586 | -6.506,-6.506,-7.546,0.008630710601806868,0.008630710601806868,1.048630710601807,1.048630710601807
17,CMS-3690,ETHYLENE GLYCOL MONOMETHYL ETHER,COCCO,COCCO,Benchmark XGBoost,/Users/tanvir/Desktop/skin/skin-permeation-reproduction-project/models/reproduction/benchmark/XGBoost.joblib,-6.354663848876953,-6.095,-6.095,-6.095,-0.2596638488769534,0.2596638488769534,-0.2596638488769534,0.2596638488769534
18,CMS-3700,M-CRESOL,Cc1cccc(O)c1,Cc1cccc(O)c1,Benchmark XGBoost,/Users/tanvir/Desktop/skin/skin-permeation-reproduction-project/models/reproduction/benchmark/XGBoost.joblib,-5.231907844543457,-5.373,-5.373,-5.373,0.1410921554565432,0.1410921554565432,0.1410921554565432,0.1410921554565432
19,CMS-1797,O-CRESOL,Cc1ccccc1O,Cc1ccccc1O,Benchmark XGBoost,/Users/tanvir/Desktop/skin/skin-permeation-reproduction-project/models/reproduction/benchmark/XGBoost.joblib,-5.309389114379883,-5.36,-5.36,-5.36,0.05061088562011751,0.05061088562011751,0.05061088562011751,0.05061088562011751
20,CMS-1848,P-CRESOL,Cc1ccc(O)cc1,Cc1ccc(O)cc1,Benchmark XGBoost,/Users/tanvir/Desktop/skin/skin-permeation-reproduction-project/models/reproduction/benchmark/XGBoost.joblib,-5.272463321685791,-5.313 | -4.477,-5.313,-4.895,0.04053667831420871,0.04053667831420871,-0.37746332168579144,0.37746332168579144
21,CMS-1937,P-ETHYLPHENOL,CCc1ccc(O)cc1,CCc1ccc(O)cc1,Benchmark XGBoost,/Users/tanvir/Desktop/skin/skin-permeation-reproduction-project/models/reproduction/benchmark/XGBoost.joblib,-5.000795841217041,-5.014,-5.014,-5.014,0.013204158782959219,0.013204158782959219,0.013204158782959219,0.013204158782959219
23,CMS-1253,RESORCINOL,Oc1cccc(O)c1,Oc1cccc(O)c1,Benchmark XGBoost,/Users/tanvir/Desktop/skin/skin-permeation-reproduction-project/models/reproduction/benchmark/XGBoost.joblib,-6.247010231018066,-7.176 | -6.626,-6.626,-6.901,0.3789897689819339,0.3789897689819339,0.6539897689819334,0.6539897689819334
24,CMS-1936,ETHYLENE GLYCOL MONOPHENYL ETHER,OCCOc1ccccc1,OCCOc1ccccc1,Benchmark XGBoost,/Users/tanvir/Desktop/skin/skin-permeation-reproduction-project/models/reproduction/benchmark/XGBoost.joblib,-6.096555709838867,-6.43,-6.43,-6.43,0.33344429016113253,0.33344429016113253,0.33344429016113253,0.33344429016113253
25,CMS-1750,BUTYL ALCOHOL,CCCCO,CCCCO,Benchmark XGBoost,/Users/tanvir/Desktop/skin/skin-permeation-reproduction-project/models/reproduction/benchmark/XGBoost.joblib,-6.012551307678223,-7.778 | -6.556 | -6.214 | -6.158 | -6.079 | -5.816 | -5.659 | -5.481 | -5.193 | -5.079 | -4.703,-6.079,-5.9405,0.06644869232177708,0.06644869232177708,-0.07205130767822254,0.07205130767822254
26,CMS-1898,HEXYL ALCOHOL,CCCCCCO,CCCCCCO,Benchmark XGBoost,/Users/tanvir/Desktop/skin/skin-permeation-reproduction-project/models/reproduction/benchmark/XGBoost.joblib,-5.1900105476379395,-7.84 | -7.012 | -5.778 | -5.637 | -5.442 | -5.284 | -5.255 | -5.114 | -5.051 | -4.888 | -4.859 | -2.442,-5.255,-5.388,0.06498945236206044,0.06498945236206044,0.19798945236206045,0.19798945236206045
27,CMS-110,ASPIRIN,CC(=O)Oc1ccccc1C(=O)O,CC(=O)Oc1ccccc1C(=O)O,Benchmark XGBoost,/Users/tanvir/Desktop/skin/skin-permeation-reproduction-project/models/reproduction/benchmark/XGBoost.joblib,-5.66561222076416,-5.696,-5.696,-5.696,0.030387779235839574,0.030387779235839574,0.030387779235839574,0.030387779235839574
29,CMS-4496,METHYL SALICYLATE,COC(=O)c1ccccc1O,COC(=O)c1ccccc1O,Benchmark XGBoost,/Users/tanvir/Desktop/skin/skin-permeation-reproduction-project/models/reproduction/benchmark/XGBoost.joblib,-5.066617488861084,-5,-5.0,-5.0,-0.06661748886108398,0.06661748886108398,-0.06661748886108398,0.06661748886108398
31,CMS-1136,PHENOL,Oc1ccccc1,Oc1ccccc1,Benchmark XGBoost,/Users/tanvir/Desktop/skin/skin-permeation-reproduction-project/models/reproduction/benchmark/XGBoost.joblib,-6.100783348083496,-5.614 | -5.586,-5.614,-5.6,-0.4867833480834962,0.4867833480834962,-0.5007833480834964,0.5007833480834964
32,CMS-3806,ACETIC ACID,CC(=O)O,CC(=O)O,Benchmark XGBoost,/Users/tanvir/Desktop/skin/skin-permeation-reproduction-project/models/reproduction/benchmark/XGBoost.joblib,-6.299960136413574,-6.079,-6.079,-6.079,-0.22096013641357448,0.22096013641357448,-0.22096013641357448,0.22096013641357448
33,CMS-14254,ALPHA-BUTYL-OMEGA-HYDROXYPOLY(OXYETHYLENE) POLY(OXYPROPYLENE),CCCCO,CCCCO,Benchmark XGBoost,/Users/tanvir/Desktop/skin/skin-permeation-reproduction-project/models/reproduction/benchmark/XGBoost.joblib,-6.012551307678223,-7.778 | -6.556 | -6.214 | -6.158 | -6.079 | -5.816 | -5.659 | -5.481 | -5.193 | -5.079 | -4.703,-6.079,-5.9405,0.06644869232177708,0.06644869232177708,-0.07205130767822254,0.07205130767822254
34,CMS-4846,SALICYLIC ACID,O=C(O)c1ccccc1O,O=C(O)c1ccccc1O,Benchmark XGBoost,/Users/tanvir/Desktop/skin/skin-permeation-reproduction-project/models/reproduction/benchmark/XGBoost.joblib,-5.905002593994141,-7.556 | -6.588 | -6.216 | -5.76 | -5.416 | -5.136,-5.76,-6.112,-0.14500259399414084,0.14500259399414084,0.20699740600585947,0.20699740600585947
35,CMS-1379,TOLUENE,Cc1ccccc1,Cc1ccccc1,Benchmark XGBoost,/Users/tanvir/Desktop/skin/skin-permeation-reproduction-project/models/reproduction/benchmark/XGBoost.joblib,-3.8022665977478027,-3.637,-3.637,-3.637,-0.16526659774780272,0.16526659774780272,-0.16526659774780272,0.16526659774780272
36,CMS-1541,DIETHYLENE GLYCOL MONOBUTYL ETHER,CCCCOCCOCCO,CCCCOCCOCCO,Benchmark XGBoost,/Users/tanvir/Desktop/skin/skin-permeation-reproduction-project/models/reproduction/benchmark/XGBoost.joblib,-5.744438171386719,-8.004 | -7.071,-7.071,-7.5375,1.326561828613281,1.326561828613281,1.793061828613281,1.793061828613281
37,CMS-216,BUTYL P-HYDROXYBENZOATE,CCCCOC(=O)c1ccc(O)cc1,CCCCOC(=O)c1ccc(O)cc1,Benchmark XGBoost,/Users/tanvir/Desktop/skin/skin-permeation-reproduction-project/models/reproduction/benchmark/XGBoost.joblib,-4.7673020362854,-4.538,-4.538,-4.538,-0.22930203628540013,0.22930203628540013,-0.22930203628540013,0.22930203628540013
38,CMS-1908,DIETHYLENE GLYCOL MONOETHYL ETHER,CCOCCOCCO,CCOCCOCCO,Benchmark XGBoost,/Users/tanvir/Desktop/skin/skin-permeation-reproduction-project/models/reproduction/benchmark/XGBoost.joblib,-6.156396865844727,-7.436,-7.436,-7.436,1.2796031341552734,1.2796031341552734,1.2796031341552734,1.2796031341552734
39,CMS-263,CATECHOL,Oc1ccccc1O,Oc1ccccc1O,Benchmark XGBoost,/Users/tanvir/Desktop/skin/skin-permeation-reproduction-project/models/reproduction/benchmark/XGBoost.joblib,-6.21076774597168,-6.066,-6.066,-6.066,-0.14476774597167985,0.14476774597167985,-0.14476774597167985,0.14476774597167985
40,CMS-3637,ETHYLENE GLYCOL MONOETHYL ETHER,CCOCCO,CCOCCO,Benchmark XGBoost,/Users/tanvir/Desktop/skin/skin-permeation-reproduction-project/models/reproduction/benchmark/XGBoost.joblib,-6.332618713378906,-7.785 | -7.687 | -7.158 | -6.631 | -5.647 | -5.63 | -5.545 | -5.544,-6.631,-6.531667,0.298381286621094,0.298381286621094,0.19904828662109342,0.19904828662109342
41,CMS-1740,DIETHYL ETHER,CCOCC,CCOCC,Benchmark XGBoost,/Users/tanvir/Desktop/skin/skin-permeation-reproduction-project/models/reproduction/benchmark/XGBoost.joblib,-5.5889482498168945,-5.352,-5.352,-5.352,-0.23694824981689422,0.23694824981689422,-0.23694824981689422,0.23694824981689422
42,CMS-1746,METHYL ALCOHOL,CO,CO,Benchmark XGBoost,/Users/tanvir/Desktop/skin/skin-permeation-reproduction-project/models/reproduction/benchmark/XGBoost.joblib,-6.645468711853027,-6.857 | -6.556 | -6.352 | -5.539 | -5.195 | -4.832 | -3.857,-6.556,-5.598286,-0.0894687118530273,0.0894687118530273,-1.0471827118530275,1.0471827118530275
43,CMS-4141,DIETHYLENE GLYCOL MONOMETHYL ETHER,COCCOCCO,COCCOCCO,Benchmark XGBoost,/Users/tanvir/Desktop/skin/skin-permeation-reproduction-project/models/reproduction/benchmark/XGBoost.joblib,-6.125575065612793,-7.242,-7.242,-7.242,1.116424934387207,1.116424934387207,1.116424934387207,1.116424934387207
44,CMS-2411,PROPYL P-HYDROXYBENZOATE,CCCOC(=O)c1ccc(O)cc1,CCCOC(=O)c1ccc(O)cc1,Benchmark XGBoost,/Users/tanvir/Desktop/skin/skin-permeation-reproduction-project/models/reproduction/benchmark/XGBoost.joblib,-5.053125381469727,-5.41,-5.41,-5.41,0.3568746185302736,0.3568746185302736,0.3568746185302736,0.3568746185302736
45,CMS-7285,THYMOL,Cc1ccc(C(C)C)c(O)c1,Cc1ccc(C(C)C)c(O)c1,Benchmark XGBoost,/Users/tanvir/Desktop/skin/skin-permeation-reproduction-project/models/reproduction/benchmark/XGBoost.joblib,-4.75834321975708,-4.86 | -4.834 | -4.77,-4.77,-4.821333,0.011656780242919496,0.011656780242919496,0.06298978024292001,0.06298978024292001
46,CMS-147,BENZOIC ACID,O=C(O)c1ccccc1,O=C(O)c1ccccc1,Benchmark XGBoost,/Users/tanvir/Desktop/skin/skin-permeation-reproduction-project/models/reproduction/benchmark/XGBoost.joblib,-5.4289069175720215,-5.675 | -5.156,-5.675,-5.4155,0.24609308242797834,0.24609308242797834,-0.013406917572021726,0.013406917572021726
47,CMS-595,ETHYL ALCOHOL,CCO,CCO,Benchmark XGBoost,/Users/tanvir/Desktop/skin/skin-permeation-reproduction-project/models/reproduction/benchmark/XGBoost.joblib,-6.462621688842773,-7.079 | -7.055 | -6.699 | -6.653 | -6.556 | -6.352 | -6.278 | -5.711 | -5.214 | -5.012 | -3.653,-6.556,-6.023818,0.09337831115722661,0.09337831115722661,-0.4388036888427731,0.4388036888427731
49,CMS-2413,METHYL P-HYDROXYBENZOATE,COC(=O)c1ccc(O)cc1,COC(=O)c1ccc(O)cc1,Benchmark XGBoost,/Users/tanvir/Desktop/skin/skin-permeation-reproduction-project/models/reproduction/benchmark/XGBoost.joblib,-5.401751518249512,-5.634 | -5.632 | -5.596 | -5.23,-5.23,-5.523,-0.1717515182495113,0.1717515182495113,0.12124848175048797,0.12124848175048797
50,CMS-3038,MANNITOL,OC[C@@H](O)[C@@H](O)[C@H](O)[C@H](O)CO,OC[C@@H](O)[C@@H](O)[C@H](O)[C@H](O)CO,Benchmark XGBoost,/Users/tanvir/Desktop/skin/skin-permeation-reproduction-project/models/reproduction/benchmark/XGBoost.joblib,-7.934999465942383,-8.158 | -7.923 | -7.81 | -7.771,-7.923,-7.9155,-0.01199946594238277,0.01199946594238277,-0.019499465942383054,0.019499465942383054
51,CMS-3340,D-SORBITOL,OC[C@@H](O)[C@@H](O)[C@H](O)[C@H](O)CO,OC[C@@H](O)[C@@H](O)[C@H](O)[C@H](O)CO,Benchmark XGBoost,/Users/tanvir/Desktop/skin/skin-permeation-reproduction-project/models/reproduction/benchmark/XGBoost.joblib,-7.934999465942383,-8.158 | -7.923 | -7.81 | -7.771,-7.923,-7.9155,-0.01199946594238277,0.01199946594238277,-0.019499465942383054,0.019499465942383054
52,CMS-1446,UREA,NC(N)=O,NC(N)=O,Benchmark XGBoost,/Users/tanvir/Desktop/skin/skin-permeation-reproduction-project/models/reproduction/benchmark/XGBoost.joblib,-7.309489727020264,-7.386 | -7.317,-7.317,-7.3515,0.007510272979736499,0.007510272979736499,0.04201027297973603,0.04201027297973603
0,CMS-138,BENZENE,c1ccccc1,c1ccccc1,Benchmark SVR (RBF),/Users/tanvir/Desktop/skin/skin-permeation-reproduction-project/models/reproduction/benchmark/SVR_RBF.joblib,-4.396237580239655,-4.511 | -4.352,-4.352,-4.4315,-0.044237580239654406,0.044237580239654406,0.035262419760345054,0.035262419760345054
1,CMS-1150,P-PHENYLENEDIAMINE,Nc1ccc(N)cc1,Nc1ccc(N)cc1,Benchmark SVR (RBF),/Users/tanvir/Desktop/skin/skin-permeation-reproduction-project/models/reproduction/benchmark/SVR_RBF.joblib,-7.247065934935976,-7.176,-7.176,-7.176,-0.07106593493597568,0.07106593493597568,-0.07106593493597568,0.07106593493597568
3,CMS-922,MONOCHLOROACETIC ACID--PROHIBITED,O=C(O)CCl,O=C(O)CCl,Benchmark SVR (RBF),/Users/tanvir/Desktop/skin/skin-permeation-reproduction-project/models/reproduction/benchmark/SVR_RBF.joblib,-5.95117107211623,-6.515,-6.515,-6.515,0.5638289278837698,0.5638289278837698,0.5638289278837698,0.5638289278837698
4,CMS-1784,1-NAPHTHOL,Oc1cccc2ccccc12,Oc1cccc2ccccc12,Benchmark SVR (RBF),/Users/tanvir/Desktop/skin/skin-permeation-reproduction-project/models/reproduction/benchmark/SVR_RBF.joblib,-5.024516566810456,-5.141,-5.141,-5.141,0.11648343318954435,0.11648343318954435,0.11648343318954435,0.11648343318954435
5,CMS-1163,O-PHENYLPHENOL,Oc1ccccc1-c1ccccc1,Oc1ccccc1-c1ccccc1,Benchmark SVR (RBF),/Users/tanvir/Desktop/skin/skin-permeation-reproduction-project/models/reproduction/benchmark/SVR_RBF.joblib,-4.894721012437074,-6.355 | -5.294,-5.294,-5.8245,0.39927898756292546,0.39927898756292546,0.9297789875629254,0.9297789875629254
6,CMS-1355,THEOPHYLLINE,Cn1c(=O)c2[nH]cnc2n(C)c1=O,Cn1c(=O)c2[nH]cnc2n(C)c1=O,Benchmark SVR (RBF),/Users/tanvir/Desktop/skin/skin-permeation-reproduction-project/models/reproduction/benchmark/SVR_RBF.joblib,-7.3224620239476295,-7.125,-7.125,-7.125,-0.19746202394762946,0.19746202394762946,-0.19746202394762946,0.19746202394762946
7,CMS-976,2-NITRO-P-PHENYLENEDIAMINE,Nc1ccc(N)c([N+](=O)[O-])c1,Nc1ccc(N)c([N+](=O)[O-])c1,Benchmark SVR (RBF),/Users/tanvir/Desktop/skin/skin-permeation-reproduction-project/models/reproduction/benchmark/SVR_RBF.joblib,-5.882644716328439,-6.857,-6.857,-6.857,0.974355283671561,0.974355283671561,0.974355283671561,0.974355283671561
8,CMS-1949,DIETHYLTOLUAMIDE,CCN(CC)C(=O)c1cccc(C)c1,CCN(CC)C(=O)c1cccc(C)c1,Benchmark SVR (RBF),/Users/tanvir/Desktop/skin/skin-permeation-reproduction-project/models/reproduction/benchmark/SVR_RBF.joblib,-5.11217758544183,-8.352 | -7.699 | -7.561 | -7.535 | -7.477 | -7.474 | -7.392 | -7.158 | -6.954 | -6.792 | -6.78 | -6.446,-6.446,-7.301667,1.3338224145581696,1.3338224145581696,2.18948941455817,2.18948941455817
9,CMS-1305,SUCROSE,OC[C@H]1O[C@H](O[C@]2(CO)O[C@H](CO)[C@@H](O)[C@@H]2O)[C@H](O)[C@@H](O)[C@@H]1O,OC[C@H]1O[C@@](CO)(O[C@H]2O[C@H](CO)[C@@H](O)[C@H](O)[C@H]2O)[C@@H](O)[C@@H]1O,Benchmark SVR (RBF),/Users/tanvir/Desktop/skin/skin-permeation-reproduction-project/models/reproduction/benchmark/SVR_RBF.joblib,-7.97366663721164,-8.84 | -8.583 | -8.075,-8.075,-8.5845,0.1013333627883597,0.1013333627883597,0.6108333627883606,0.6108333627883606
10,CMS-240,CAFFEINE,Cn1c(=O)c2c(ncn2C)n(C)c1=O,Cn1c(=O)c2c(ncn2C)n(C)c1=O,Benchmark SVR (RBF),/Users/tanvir/Desktop/skin/skin-permeation-reproduction-project/models/reproduction/benchmark/SVR_RBF.joblib,-7.163628796087696,-7.556 | -7.145 | -7.053 | -6.915 | -6.828 | -6.541 | -6.352,-7.145,-6.912857,-0.018628796087696742,0.018628796087696742,-0.2507717960876965,0.2507717960876965
11,CMS-620,DI(2-ETHYLHEXYL) PHTHALATE,CCCCC(CC)COC(=O)c1ccccc1C(=O)OCC(CC)CCCC,CCCCC(CC)COC(=O)c1ccccc1C(=O)OCC(CC)CCCC,Benchmark SVR (RBF),/Users/tanvir/Desktop/skin/skin-permeation-reproduction-project/models/reproduction/benchmark/SVR_RBF.joblib,-7.578757153777875,-10.535 | -8.8 | -7.653,-7.653,-8.996,0.07424284622212429,0.07424284622212429,1.4172428462221252,1.4172428462221252
12,CMS-3625,"3,4-XYLENOL",Cc1ccc(O)cc1C,Cc1ccc(O)cc1C,Benchmark SVR (RBF),/Users/tanvir/Desktop/skin/skin-permeation-reproduction-project/models/reproduction/benchmark/SVR_RBF.joblib,-5.010622765937691,-5,-5.0,-5.0,-0.010622765937690737,0.010622765937690737,-0.010622765937690737,0.010622765937690737
13,CMS-4841,PHENETHYL ALCOHOL,OCCc1ccccc1,OCCc1ccccc1,Benchmark SVR (RBF),/Users/tanvir/Desktop/skin/skin-permeation-reproduction-project/models/reproduction/benchmark/SVR_RBF.joblib,-5.324388218827069,-5.276,-5.276,-5.276,-0.04838821882706945,0.04838821882706945,-0.04838821882706945,0.04838821882706945
14,CMS-8324,"1,2,4-BENZENETRIOL",Oc1ccc(O)c(O)c1,Oc1ccc(O)c(O)c1,Benchmark SVR (RBF),/Users/tanvir/Desktop/skin/skin-permeation-reproduction-project/models/reproduction/benchmark/SVR_RBF.joblib,-7.082339009534699,-7.456,-7.456,-7.456,0.373660990465301,0.373660990465301,0.373660990465301,0.373660990465301
15,CMS-3639,ETHYLENE GLYCOL MONOBUTYL ETHER,CCCCOCCO,CCCCOCCO,Benchmark SVR (RBF),/Users/tanvir/Desktop/skin/skin-permeation-reproduction-project/models/reproduction/benchmark/SVR_RBF.joblib,-5.8199337742578745,-7.226 | -5.34,-5.34,-6.283,-0.47993377425787465,0.47993377425787465,0.46306622574212586,0.46306622574212586
16,CMS-731,HYDROQUINONE,Oc1ccc(O)cc1,Oc1ccc(O)cc1,Benchmark SVR (RBF),/Users/tanvir/Desktop/skin/skin-permeation-reproduction-project/models/reproduction/benchmark/SVR_RBF.joblib,-6.44233667978923,-8.586 | -6.506,-6.506,-7.546,0.06366332021076992,0.06366332021076992,1.10366332021077,1.10366332021077
17,CMS-3690,ETHYLENE GLYCOL MONOMETHYL ETHER,COCCO,COCCO,Benchmark SVR (RBF),/Users/tanvir/Desktop/skin/skin-permeation-reproduction-project/models/reproduction/benchmark/SVR_RBF.joblib,-6.644893527892018,-6.095,-6.095,-6.095,-0.5498935278920181,0.5498935278920181,-0.5498935278920181,0.5498935278920181
18,CMS-3700,M-CRESOL,Cc1cccc(O)c1,Cc1cccc(O)c1,Benchmark SVR (RBF),/Users/tanvir/Desktop/skin/skin-permeation-reproduction-project/models/reproduction/benchmark/SVR_RBF.joblib,-5.350210956278309,-5.373,-5.373,-5.373,0.02278904372169155,0.02278904372169155,0.02278904372169155,0.02278904372169155
19,CMS-1797,O-CRESOL,Cc1ccccc1O,Cc1ccccc1O,Benchmark SVR (RBF),/Users/tanvir/Desktop/skin/skin-permeation-reproduction-project/models/reproduction/benchmark/SVR_RBF.joblib,-5.365142084264806,-5.36,-5.36,-5.36,-0.005142084264806002,0.005142084264806002,-0.005142084264806002,0.005142084264806002
20,CMS-1848,P-CRESOL,Cc1ccc(O)cc1,Cc1ccc(O)cc1,Benchmark SVR (RBF),/Users/tanvir/Desktop/skin/skin-permeation-reproduction-project/models/reproduction/benchmark/SVR_RBF.joblib,-5.297162854143247,-5.313 | -4.477,-5.313,-4.895,0.015837145856752777,0.015837145856752777,-0.4021628541432474,0.4021628541432474
21,CMS-1937,P-ETHYLPHENOL,CCc1ccc(O)cc1,CCc1ccc(O)cc1,Benchmark SVR (RBF),/Users/tanvir/Desktop/skin/skin-permeation-reproduction-project/models/reproduction/benchmark/SVR_RBF.joblib,-5.0239533271188135,-5.014,-5.014,-5.014,-0.009953327118813249,0.009953327118813249,-0.009953327118813249,0.009953327118813249
23,CMS-1253,RESORCINOL,Oc1cccc(O)c1,Oc1cccc(O)c1,Benchmark SVR (RBF),/Users/tanvir/Desktop/skin/skin-permeation-reproduction-project/models/reproduction/benchmark/SVR_RBF.joblib,-5.984804670015508,-7.176 | -6.626,-6.626,-6.901,0.6411953299844919,0.6411953299844919,0.9161953299844914,0.9161953299844914
24,CMS-1936,ETHYLENE GLYCOL MONOPHENYL ETHER,OCCOc1ccccc1,OCCOc1ccccc1,Benchmark SVR (RBF),/Users/tanvir/Desktop/skin/skin-permeation-reproduction-project/models/reproduction/benchmark/SVR_RBF.joblib,-5.652702022561217,-6.43,-6.43,-6.43,0.7772979774387831,0.7772979774387831,0.7772979774387831,0.7772979774387831
25,CMS-1750,BUTYL ALCOHOL,CCCCO,CCCCO,Benchmark SVR (RBF),/Users/tanvir/Desktop/skin/skin-permeation-reproduction-project/models/reproduction/benchmark/SVR_RBF.joblib,-5.955563552850425,-7.778 | -6.556 | -6.214 | -6.158 | -6.079 | -5.816 | -5.659 | -5.481 | -5.193 | -5.079 | -4.703,-6.079,-5.9405,0.12343644714957502,0.12343644714957502,-0.0150635528504246,0.0150635528504246
26,CMS-1898,HEXYL ALCOHOL,CCCCCCO,CCCCCCO,Benchmark SVR (RBF),/Users/tanvir/Desktop/skin/skin-permeation-reproduction-project/models/reproduction/benchmark/SVR_RBF.joblib,-5.231512961742753,-7.84 | -7.012 | -5.778 | -5.637 | -5.442 | -5.284 | -5.255 | -5.114 | -5.051 | -4.888 | -4.859 | -2.442,-5.255,-5.388,0.023487038257246518,0.023487038257246518,0.15648703825724652,0.15648703825724652
27,CMS-110,ASPIRIN,CC(=O)Oc1ccccc1C(=O)O,CC(=O)Oc1ccccc1C(=O)O,Benchmark SVR (RBF),/Users/tanvir/Desktop/skin/skin-permeation-reproduction-project/models/reproduction/benchmark/SVR_RBF.joblib,-5.840368867277287,-5.696,-5.696,-5.696,-0.14436886727728737,0.14436886727728737,-0.14436886727728737,0.14436886727728737
29,CMS-4496,METHYL SALICYLATE,COC(=O)c1ccccc1O,COC(=O)c1ccccc1O,Benchmark SVR (RBF),/Users/tanvir/Desktop/skin/skin-permeation-reproduction-project/models/reproduction/benchmark/SVR_RBF.joblib,-5.113621764262121,-5,-5.0,-5.0,-0.11362176426212134,0.11362176426212134,-0.11362176426212134,0.11362176426212134
31,CMS-1136,PHENOL,Oc1ccccc1,Oc1ccccc1,Benchmark SVR (RBF),/Users/tanvir/Desktop/skin/skin-permeation-reproduction-project/models/reproduction/benchmark/SVR_RBF.joblib,-5.616588851830626,-5.614 | -5.586,-5.614,-5.6,-0.002588851830625849,0.002588851830625849,-0.016588851830626083,0.016588851830626083
32,CMS-3806,ACETIC ACID,CC(=O)O,CC(=O)O,Benchmark SVR (RBF),/Users/tanvir/Desktop/skin/skin-permeation-reproduction-project/models/reproduction/benchmark/SVR_RBF.joblib,-6.483146996578874,-6.079,-6.079,-6.079,-0.40414699657887443,0.40414699657887443,-0.40414699657887443,0.40414699657887443
33,CMS-14254,ALPHA-BUTYL-OMEGA-HYDROXYPOLY(OXYETHYLENE) POLY(OXYPROPYLENE),CCCCO,CCCCO,Benchmark SVR (RBF),/Users/tanvir/Desktop/skin/skin-permeation-reproduction-project/models/reproduction/benchmark/SVR_RBF.joblib,-5.955563552850425,-7.778 | -6.556 | -6.214 | -6.158 | -6.079 | -5.816 | -5.659 | -5.481 | -5.193 | -5.079 | -4.703,-6.079,-5.9405,0.12343644714957502,0.12343644714957502,-0.0150635528504246,0.0150635528504246
34,CMS-4846,SALICYLIC ACID,O=C(O)c1ccccc1O,O=C(O)c1ccccc1O,Benchmark SVR (RBF),/Users/tanvir/Desktop/skin/skin-permeation-reproduction-project/models/reproduction/benchmark/SVR_RBF.joblib,-6.498590855221144,-7.556 | -6.588 | -6.216 | -5.76 | -5.416 | -5.136,-6.588,-6.112,0.08940914477885631,0.08940914477885631,-0.38659085522114367,0.38659085522114367
35,CMS-1379,TOLUENE,Cc1ccccc1,Cc1ccccc1,Benchmark SVR (RBF),/Users/tanvir/Desktop/skin/skin-permeation-reproduction-project/models/reproduction/benchmark/SVR_RBF.joblib,-3.730096993630687,-3.637,-3.637,-3.637,-0.09309699363068713,0.09309699363068713,-0.09309699363068713,0.09309699363068713
36,CMS-1541,DIETHYLENE GLYCOL MONOBUTYL ETHER,CCCCOCCOCCO,CCCCOCCOCCO,Benchmark SVR (RBF),/Users/tanvir/Desktop/skin/skin-permeation-reproduction-project/models/reproduction/benchmark/SVR_RBF.joblib,-5.776501510460882,-8.004 | -7.071,-7.071,-7.5375,1.2944984895391176,1.2944984895391176,1.7609984895391175,1.7609984895391175
37,CMS-216,BUTYL P-HYDROXYBENZOATE,CCCCOC(=O)c1ccc(O)cc1,CCCCOC(=O)c1ccc(O)cc1,Benchmark SVR (RBF),/Users/tanvir/Desktop/skin/skin-permeation-reproduction-project/models/reproduction/benchmark/SVR_RBF.joblib,-5.036999275936719,-4.538,-4.538,-4.538,-0.49899927593671833,0.49899927593671833,-0.49899927593671833,0.49899927593671833
38,CMS-1908,DIETHYLENE GLYCOL MONOETHYL ETHER,CCOCCOCCO,CCOCCOCCO,Benchmark SVR (RBF),/Users/tanvir/Desktop/skin/skin-permeation-reproduction-project/models/reproduction/benchmark/SVR_RBF.joblib,-6.129564504417461,-7.436,-7.436,-7.436,1.306435495582539,1.306435495582539,1.306435495582539,1.306435495582539
39,CMS-263,CATECHOL,Oc1ccccc1O,Oc1ccccc1O,Benchmark SVR (RBF),/Users/tanvir/Desktop/skin/skin-permeation-reproduction-project/models/reproduction/benchmark/SVR_RBF.joblib,-6.098999018900523,-6.066,-6.066,-6.066,-0.03299901890052315,0.03299901890052315,-0.03299901890052315,0.03299901890052315
40,CMS-3637,ETHYLENE GLYCOL MONOETHYL ETHER,CCOCCO,CCOCCO,Benchmark SVR (RBF),/Users/tanvir/Desktop/skin/skin-permeation-reproduction-project/models/reproduction/benchmark/SVR_RBF.joblib,-6.454443921911997,-7.785 | -7.687 | -7.158 | -6.631 | -5.647 | -5.63 | -5.545 | -5.544,-6.631,-6.531667,0.17655607808800333,0.17655607808800333,0.07722307808800277,0.07722307808800277
41,CMS-1740,DIETHYL ETHER,CCOCC,CCOCC,Benchmark SVR (RBF),/Users/tanvir/Desktop/skin/skin-permeation-reproduction-project/models/reproduction/benchmark/SVR_RBF.joblib,-5.403017919585253,-5.352,-5.352,-5.352,-0.05101791958525226,0.05101791958525226,-0.05101791958525226,0.05101791958525226
42,CMS-1746,METHYL ALCOHOL,CO,CO,Benchmark SVR (RBF),/Users/tanvir/Desktop/skin/skin-permeation-reproduction-project/models/reproduction/benchmark/SVR_RBF.joblib,-6.812039133494908,-6.857 | -6.556 | -6.352 | -5.539 | -5.195 | -4.832 | -3.857,-6.857,-5.598286,0.044960866505092234,0.044960866505092234,-1.213753133494908,1.213753133494908
43,CMS-4141,DIETHYLENE GLYCOL MONOMETHYL ETHER,COCCOCCO,COCCOCCO,Benchmark SVR (RBF),/Users/tanvir/Desktop/skin/skin-permeation-reproduction-project/models/reproduction/benchmark/SVR_RBF.joblib,-6.393814456555244,-7.242,-7.242,-7.242,0.8481855434447558,0.8481855434447558,0.8481855434447558,0.8481855434447558
44,CMS-2411,PROPYL P-HYDROXYBENZOATE,CCCOC(=O)c1ccc(O)cc1,CCCOC(=O)c1ccc(O)cc1,Benchmark SVR (RBF),/Users/tanvir/Desktop/skin/skin-permeation-reproduction-project/models/reproduction/benchmark/SVR_RBF.joblib,-5.190400888715724,-5.41,-5.41,-5.41,0.21959911128427656,0.21959911128427656,0.21959911128427656,0.21959911128427656
45,CMS-7285,THYMOL,Cc1ccc(C(C)C)c(O)c1,Cc1ccc(C(C)C)c(O)c1,Benchmark SVR (RBF),/Users/tanvir/Desktop/skin/skin-permeation-reproduction-project/models/reproduction/benchmark/SVR_RBF.joblib,-4.795060434137467,-4.86 | -4.834 | -4.77,-4.77,-4.821333,-0.02506043413746717,0.02506043413746717,0.026272565862533348,0.026272565862533348
46,CMS-147,BENZOIC ACID,O=C(O)c1ccccc1,O=C(O)c1ccccc1,Benchmark SVR (RBF),/Users/tanvir/Desktop/skin/skin-permeation-reproduction-project/models/reproduction/benchmark/SVR_RBF.joblib,-5.760917882220101,-5.675 | -5.156,-5.675,-5.4155,-0.08591788222010077,0.08591788222010077,-0.34541788222010084,0.34541788222010084
47,CMS-595,ETHYL ALCOHOL,CCO,CCO,Benchmark SVR (RBF),/Users/tanvir/Desktop/skin/skin-permeation-reproduction-project/models/reproduction/benchmark/SVR_RBF.joblib,-6.59984442835559,-7.079 | -7.055 | -6.699 | -6.653 | -6.556 | -6.352 | -6.278 | -5.711 | -5.214 | -5.012 | -3.653,-6.556,-6.023818,-0.043844428355590104,0.043844428355590104,-0.5760264283555898,0.5760264283555898
49,CMS-2413,METHYL P-HYDROXYBENZOATE,COC(=O)c1ccc(O)cc1,COC(=O)c1ccc(O)cc1,Benchmark SVR (RBF),/Users/tanvir/Desktop/skin/skin-permeation-reproduction-project/models/reproduction/benchmark/SVR_RBF.joblib,-5.438776534703513,-5.634 | -5.632 | -5.596 | -5.23,-5.596,-5.523,0.1572234652964868,0.1572234652964868,0.08422346529648639,0.08422346529648639
50,CMS-3038,MANNITOL,OC[C@@H](O)[C@@H](O)[C@H](O)[C@H](O)CO,OC[C@@H](O)[C@@H](O)[C@H](O)[C@H](O)CO,Benchmark SVR (RBF),/Users/tanvir/Desktop/skin/skin-permeation-reproduction-project/models/reproduction/benchmark/SVR_RBF.joblib,-8.130182321504394,-8.158 | -7.923 | -7.81 | -7.771,-8.158,-7.9155,0.027817678495605236,0.027817678495605236,-0.21468232150439448,0.21468232150439448
51,CMS-3340,D-SORBITOL,OC[C@@H](O)[C@@H](O)[C@H](O)[C@H](O)CO,OC[C@@H](O)[C@@H](O)[C@H](O)[C@H](O)CO,Benchmark SVR (RBF),/Users/tanvir/Desktop/skin/skin-permeation-reproduction-project/models/reproduction/benchmark/SVR_RBF.joblib,-8.130182321504394,-8.158 | -7.923 | -7.81 | -7.771,-8.158,-7.9155,0.027817678495605236,0.027817678495605236,-0.21468232150439448,0.21468232150439448
52,CMS-1446,UREA,NC(N)=O,NC(N)=O,Benchmark SVR (RBF),/Users/tanvir/Desktop/skin/skin-permeation-reproduction-project/models/reproduction/benchmark/SVR_RBF.joblib,-7.372155990990237,-7.386 | -7.317,-7.386,-7.3515,0.013844009009763347,0.013844009009763347,-0.020655990990237072,0.020655990990237072
0,CMS-138,BENZENE,c1ccccc1,c1ccccc1,Benchmark ExtraTrees,/Users/tanvir/Desktop/skin/skin-permeation-reproduction-project/models/reproduction/benchmark/ExtraTrees.joblib,-4.437302500767287,-4.511 | -4.352,-4.511,-4.4315,0.07369749923271307,0.07369749923271307,-0.0058025007672872775,0.0058025007672872775
1,CMS-1150,P-PHENYLENEDIAMINE,Nc1ccc(N)cc1,Nc1ccc(N)cc1,Benchmark ExtraTrees,/Users/tanvir/Desktop/skin/skin-permeation-reproduction-project/models/reproduction/benchmark/ExtraTrees.joblib,-7.199512500767286,-7.176,-7.176,-7.176,-0.023512500767285616,0.023512500767285616,-0.023512500767285616,0.023512500767285616
3,CMS-922,MONOCHLOROACETIC ACID--PROHIBITED,O=C(O)CCl,O=C(O)CCl,Benchmark ExtraTrees,/Users/tanvir/Desktop/skin/skin-permeation-reproduction-project/models/reproduction/benchmark/ExtraTrees.joblib,-6.285554537804331,-6.515,-6.515,-6.515,0.22944546219566853,0.22944546219566853,0.22944546219566853,0.22944546219566853
4,CMS-1784,1-NAPHTHOL,Oc1cccc2ccccc12,Oc1cccc2ccccc12,Benchmark ExtraTrees,/Users/tanvir/Desktop/skin/skin-permeation-reproduction-project/models/reproduction/benchmark/ExtraTrees.joblib,-5.097658056322848,-5.141,-5.141,-5.141,0.04334194367715227,0.04334194367715227,0.04334194367715227,0.04334194367715227
5,CMS-1163,O-PHENYLPHENOL,Oc1ccccc1-c1ccccc1,Oc1ccccc1-c1ccccc1,Benchmark ExtraTrees,/Users/tanvir/Desktop/skin/skin-permeation-reproduction-project/models/reproduction/benchmark/ExtraTrees.joblib,-4.753601310291096,-6.355 | -5.294,-5.294,-5.8245,0.5403986897089039,0.5403986897089039,1.070898689708904,1.070898689708904
6,CMS-1355,THEOPHYLLINE,Cn1c(=O)c2[nH]cnc2n(C)c1=O,Cn1c(=O)c2[nH]cnc2n(C)c1=O,Benchmark ExtraTrees,/Users/tanvir/Desktop/skin/skin-permeation-reproduction-project/models/reproduction/benchmark/ExtraTrees.joblib,-6.96927183217662,-7.125,-7.125,-7.125,0.15572816782337995,0.15572816782337995,0.15572816782337995,0.15572816782337995
7,CMS-976,2-NITRO-P-PHENYLENEDIAMINE,Nc1ccc(N)c([N+](=O)[O-])c1,Nc1ccc(N)c([N+](=O)[O-])c1,Benchmark ExtraTrees,/Users/tanvir/Desktop/skin/skin-permeation-reproduction-project/models/reproduction/benchmark/ExtraTrees.joblib,-6.620547123181918,-6.857,-6.857,-6.857,0.23645287681808203,0.23645287681808203,0.23645287681808203,0.23645287681808203
8,CMS-1949,DIETHYLTOLUAMIDE,CCN(CC)C(=O)c1cccc(C)c1,CCN(CC)C(=O)c1cccc(C)c1,Benchmark ExtraTrees,/Users/tanvir/Desktop/skin/skin-permeation-reproduction-project/models/reproduction/benchmark/ExtraTrees.joblib,-5.197793312733097,-8.352 | -7.699 | -7.561 | -7.535 | -7.477 | -7.474 | -7.392 | -7.158 | -6.954 | -6.792 | -6.78 | -6.446,-6.446,-7.301667,1.2482066872669026,1.2482066872669026,2.103873687266903,2.103873687266903
9,CMS-1305,SUCROSE,OC[C@H]1O[C@H](O[C@]2(CO)O[C@H](CO)[C@@H](O)[C@@H]2O)[C@H](O)[C@@H](O)[C@@H]1O,OC[C@H]1O[C@@](CO)(O[C@H]2O[C@H](CO)[C@@H](O)[C@H](O)[C@H]2O)[C@@H](O)[C@@H]1O,Benchmark ExtraTrees,/Users/tanvir/Desktop/skin/skin-permeation-reproduction-project/models/reproduction/benchmark/ExtraTrees.joblib,-7.942645093359872,-8.84 | -8.583 | -8.075,-8.075,-8.5845,0.13235490664012772,0.13235490664012772,0.6418549066401287,0.6418549066401287
10,CMS-240,CAFFEINE,Cn1c(=O)c2c(ncn2C)n(C)c1=O,Cn1c(=O)c2c(ncn2C)n(C)c1=O,Benchmark ExtraTrees,/Users/tanvir/Desktop/skin/skin-permeation-reproduction-project/models/reproduction/benchmark/ExtraTrees.joblib,-6.88638265949745,-7.556 | -7.145 | -7.053 | -6.915 | -6.828 | -6.541 | -6.352,-6.915,-6.912857,0.02861734050255027,0.02861734050255027,0.026474340502550042,0.026474340502550042
11,CMS-620,DI(2-ETHYLHEXYL) PHTHALATE,CCCCC(CC)COC(=O)c1ccccc1C(=O)OCC(CC)CCCC,CCCCC(CC)COC(=O)c1ccccc1C(=O)OCC(CC)CCCC,Benchmark ExtraTrees,/Users/tanvir/Desktop/skin/skin-permeation-reproduction-project/models/reproduction/benchmark/ExtraTrees.joblib,-7.5538509134657,-10.535 | -8.8 | -7.653,-7.653,-8.996,0.09914908653429944,0.09914908653429944,1.4421490865343003,1.4421490865343003
12,CMS-3625,"3,4-XYLENOL",Cc1ccc(O)cc1C,Cc1ccc(O)cc1C,Benchmark ExtraTrees,/Users/tanvir/Desktop/skin/skin-permeation-reproduction-project/models/reproduction/benchmark/ExtraTrees.joblib,-4.9950413896561745,-5,-5.0,-5.0,0.004958610343825498,0.004958610343825498,0.004958610343825498,0.004958610343825498
13,CMS-4841,PHENETHYL ALCOHOL,OCCc1ccccc1,OCCc1ccccc1,Benchmark ExtraTrees,/Users/tanvir/Desktop/skin/skin-permeation-reproduction-project/models/reproduction/benchmark/ExtraTrees.joblib,-5.227246945211729,-5.276,-5.276,-5.276,0.04875305478827041,0.04875305478827041,0.04875305478827041,0.04875305478827041
14,CMS-8324,"1,2,4-BENZENETRIOL",Oc1ccc(O)c(O)c1,Oc1ccc(O)c(O)c1,Benchmark ExtraTrees,/Users/tanvir/Desktop/skin/skin-permeation-reproduction-project/models/reproduction/benchmark/ExtraTrees.joblib,-7.4455358341006175,-7.456,-7.456,-7.456,0.010464165899382927,0.010464165899382927,0.010464165899382927,0.010464165899382927
15,CMS-3639,ETHYLENE GLYCOL MONOBUTYL ETHER,CCCCOCCO,CCCCOCCO,Benchmark ExtraTrees,/Users/tanvir/Desktop/skin/skin-permeation-reproduction-project/models/reproduction/benchmark/ExtraTrees.joblib,-5.795248868288649,-7.226 | -5.34,-5.34,-6.283,-0.4552488682886491,0.4552488682886491,0.4877511317113514,0.4877511317113514
16,CMS-731,HYDROQUINONE,Oc1ccc(O)cc1,Oc1ccc(O)cc1,Benchmark ExtraTrees,/Users/tanvir/Desktop/skin/skin-permeation-reproduction-project/models/reproduction/benchmark/ExtraTrees.joblib,-6.625802500767302,-8.586 | -6.506,-6.506,-7.546,-0.11980250076730137,0.11980250076730137,0.9201974992326987,0.9201974992326987
17,CMS-3690,ETHYLENE GLYCOL MONOMETHYL ETHER,COCCO,COCCO,Benchmark ExtraTrees,/Users/tanvir/Desktop/skin/skin-permeation-reproduction-project/models/reproduction/benchmark/ExtraTrees.joblib,-6.240247158886946,-6.095,-6.095,-6.095,-0.14524715888694661,0.14524715888694661,-0.14524715888694661,0.14524715888694661
18,CMS-3700,M-CRESOL,Cc1cccc(O)c1,Cc1cccc(O)c1,Benchmark ExtraTrees,/Users/tanvir/Desktop/skin/skin-permeation-reproduction-project/models/reproduction/benchmark/ExtraTrees.joblib,-5.321124722989509,-5.373,-5.373,-5.373,0.05187527701049088,0.05187527701049088,0.05187527701049088,0.05187527701049088
19,CMS-1797,O-CRESOL,Cc1ccccc1O,Cc1ccccc1O,Benchmark ExtraTrees,/Users/tanvir/Desktop/skin/skin-permeation-reproduction-project/models/reproduction/benchmark/ExtraTrees.joblib,-5.316252500767293,-5.36,-5.36,-5.36,0.043747499232707376,0.043747499232707376,0.043747499232707376,0.043747499232707376
20,CMS-1848,P-CRESOL,Cc1ccc(O)cc1,Cc1ccc(O)cc1,Benchmark ExtraTrees,/Users/tanvir/Desktop/skin/skin-permeation-reproduction-project/models/reproduction/benchmark/ExtraTrees.joblib,-5.268091389656176,-5.313 | -4.477,-5.313,-4.895,0.044908610343823874,0.044908610343823874,-0.3730913896561763,0.3730913896561763
21,CMS-1937,P-ETHYLPHENOL,CCc1ccc(O)cc1,CCc1ccc(O)cc1,Benchmark ExtraTrees,/Users/tanvir/Desktop/skin/skin-permeation-reproduction-project/models/reproduction/benchmark/ExtraTrees.joblib,-5.013935834100614,-5.014,-5.014,-5.014,6.416589938584849e-05,6.416589938584849e-05,6.416589938584849e-05,6.416589938584849e-05
23,CMS-1253,RESORCINOL,Oc1cccc(O)c1,Oc1cccc(O)c1,Benchmark ExtraTrees,/Users/tanvir/Desktop/skin/skin-permeation-reproduction-project/models/reproduction/benchmark/ExtraTrees.joblib,-6.337819167433943,-7.176 | -6.626,-6.626,-6.901,0.28818083256605753,0.28818083256605753,0.563180832566057,0.563180832566057
24,CMS-1936,ETHYLENE GLYCOL MONOPHENYL ETHER,OCCOc1ccccc1,OCCOc1ccccc1,Benchmark ExtraTrees,/Users/tanvir/Desktop/skin/skin-permeation-reproduction-project/models/reproduction/benchmark/ExtraTrees.joblib,-5.666059613878764,-6.43,-6.43,-6.43,0.7639403861212362,0.7639403861212362,0.7639403861212362,0.7639403861212362
25,CMS-1750,BUTYL ALCOHOL,CCCCO,CCCCO,Benchmark ExtraTrees,/Users/tanvir/Desktop/skin/skin-permeation-reproduction-project/models/reproduction/benchmark/ExtraTrees.joblib,-6.011791389656184,-7.778 | -6.556 | -6.214 | -6.158 | -6.079 | -5.816 | -5.659 | -5.481 | -5.193 | -5.079 | -4.703,-6.079,-5.9405,0.06720861034381542,0.06720861034381542,-0.0712913896561842,0.0712913896561842
26,CMS-1898,HEXYL ALCOHOL,CCCCCCO,CCCCCCO,Benchmark ExtraTrees,/Users/tanvir/Desktop/skin/skin-permeation-reproduction-project/models/reproduction/benchmark/ExtraTrees.joblib,-5.21757194521173,-7.84 | -7.012 | -5.778 | -5.637 | -5.442 | -5.284 | -5.255 | -5.114 | -5.051 | -4.888 | -4.859 | -2.442,-5.255,-5.388,0.03742805478827016,0.03742805478827016,0.17042805478827017,0.17042805478827017
27,CMS-110,ASPIRIN,CC(=O)Oc1ccccc1C(=O)O,CC(=O)Oc1ccccc1C(=O)O,Benchmark ExtraTrees,/Users/tanvir/Desktop/skin/skin-permeation-reproduction-project/models/reproduction/benchmark/ExtraTrees.joblib,-5.880433627127143,-5.696,-5.696,-5.696,-0.1844336271271434,0.1844336271271434,-0.1844336271271434,0.1844336271271434
29,CMS-4496,METHYL SALICYLATE,COC(=O)c1ccccc1O,COC(=O)c1ccccc1O,Benchmark ExtraTrees,/Users/tanvir/Desktop/skin/skin-permeation-reproduction-project/models/reproduction/benchmark/ExtraTrees.joblib,-4.996302500767285,-5,-5.0,-5.0,0.003697499232714563,0.003697499232714563,0.003697499232714563,0.003697499232714563
31,CMS-1136,PHENOL,Oc1ccccc1,Oc1ccccc1,Benchmark ExtraTrees,/Users/tanvir/Desktop/skin/skin-permeation-reproduction-project/models/reproduction/benchmark/ExtraTrees.joblib,-6.00984138965617,-5.614 | -5.586,-5.614,-5.6,-0.39584138965617033,0.39584138965617033,-0.40984138965617056,0.40984138965617056
32,CMS-3806,ACETIC ACID,CC(=O)O,CC(=O)O,Benchmark ExtraTrees,/Users/tanvir/Desktop/skin/skin-permeation-reproduction-project/models/reproduction/benchmark/ExtraTrees.joblib,-6.3086191674339664,-6.079,-6.079,-6.079,-0.2296191674339667,0.2296191674339667,-0.2296191674339667,0.2296191674339667
33,CMS-14254,ALPHA-BUTYL-OMEGA-HYDROXYPOLY(OXYETHYLENE) POLY(OXYPROPYLENE),CCCCO,CCCCO,Benchmark ExtraTrees,/Users/tanvir/Desktop/skin/skin-permeation-reproduction-project/models/reproduction/benchmark/ExtraTrees.joblib,-6.011791389656184,-7.778 | -6.556 | -6.214 | -6.158 | -6.079 | -5.816 | -5.659 | -5.481 | -5.193 | -5.079 | -4.703,-6.079,-5.9405,0.06720861034381542,0.06720861034381542,-0.0712913896561842,0.0712913896561842
34,CMS-4846,SALICYLIC ACID,O=C(O)c1ccccc1O,O=C(O)c1ccccc1O,Benchmark ExtraTrees,/Users/tanvir/Desktop/skin/skin-permeation-reproduction-project/models/reproduction/benchmark/ExtraTrees.joblib,-5.810752500767299,-7.556 | -6.588 | -6.216 | -5.76 | -5.416 | -5.136,-5.76,-6.112,-0.05075250076729887,0.05075250076729887,0.30124749923270144,0.30124749923270144
35,CMS-1379,TOLUENE,Cc1ccccc1,Cc1ccccc1,Benchmark ExtraTrees,/Users/tanvir/Desktop/skin/skin-permeation-reproduction-project/models/reproduction/benchmark/ExtraTrees.joblib,-4.128324722989511,-3.637,-3.637,-3.637,-0.491324722989511,0.491324722989511,-0.491324722989511,0.491324722989511
36,CMS-1541,DIETHYLENE GLYCOL MONOBUTYL ETHER,CCCCOCCOCCO,CCCCOCCOCCO,Benchmark ExtraTrees,/Users/tanvir/Desktop/skin/skin-permeation-reproduction-project/models/reproduction/benchmark/ExtraTrees.joblib,-5.761302500767293,-8.004 | -7.071,-7.071,-7.5375,1.3096974992327066,1.3096974992327066,1.7761974992327065,1.7761974992327065
37,CMS-216,BUTYL P-HYDROXYBENZOATE,CCCCOC(=O)c1ccc(O)cc1,CCCCOC(=O)c1ccc(O)cc1,Benchmark ExtraTrees,/Users/tanvir/Desktop/skin/skin-permeation-reproduction-project/models/reproduction/benchmark/ExtraTrees.joblib,-4.55586083410062,-4.538,-4.538,-4.538,-0.01786083410061945,0.01786083410061945,-0.01786083410061945,0.01786083410061945
38,CMS-1908,DIETHYLENE GLYCOL MONOETHYL ETHER,CCOCCOCCO,CCOCCOCCO,Benchmark ExtraTrees,/Users/tanvir/Desktop/skin/skin-permeation-reproduction-project/models/reproduction/benchmark/ExtraTrees.joblib,-6.062426359871153,-7.436,-7.436,-7.436,1.3735736401288472,1.3735736401288472,1.3735736401288472,1.3735736401288472
39,CMS-263,CATECHOL,Oc1ccccc1O,Oc1ccccc1O,Benchmark ExtraTrees,/Users/tanvir/Desktop/skin/skin-permeation-reproduction-project/models/reproduction/benchmark/ExtraTrees.joblib,-6.1036025007672805,-6.066,-6.066,-6.066,-0.03760250076728067,0.03760250076728067,-0.03760250076728067,0.03760250076728067
40,CMS-3637,ETHYLENE GLYCOL MONOETHYL ETHER,CCOCCO,CCOCCO,Benchmark ExtraTrees,/Users/tanvir/Desktop/skin/skin-permeation-reproduction-project/models/reproduction/benchmark/ExtraTrees.joblib,-6.157918868288656,-7.785 | -7.687 | -7.158 | -6.631 | -5.647 | -5.63 | -5.545 | -5.544,-6.631,-6.531667,0.4730811317113446,0.4730811317113446,0.373748131711344,0.373748131711344
41,CMS-1740,DIETHYL ETHER,CCOCC,CCOCC,Benchmark ExtraTrees,/Users/tanvir/Desktop/skin/skin-permeation-reproduction-project/models/reproduction/benchmark/ExtraTrees.joblib,-5.359719167433959,-5.352,-5.352,-5.352,-0.007719167433958951,0.007719167433958951,-0.007719167433958951,0.007719167433958951
42,CMS-1746,METHYL ALCOHOL,CO,CO,Benchmark ExtraTrees,/Users/tanvir/Desktop/skin/skin-permeation-reproduction-project/models/reproduction/benchmark/ExtraTrees.joblib,-6.694313611878392,-6.857 | -6.556 | -6.352 | -5.539 | -5.195 | -4.832 | -3.857,-6.556,-5.598286,-0.13831361187839164,0.13831361187839164,-1.0960276118783918,1.0960276118783918
43,CMS-4141,DIETHYLENE GLYCOL MONOMETHYL ETHER,COCCOCCO,COCCOCCO,Benchmark ExtraTrees,/Users/tanvir/Desktop/skin/skin-permeation-reproduction-project/models/reproduction/benchmark/ExtraTrees.joblib,-6.148422268962058,-7.242,-7.242,-7.242,1.093577731037942,1.093577731037942,1.093577731037942,1.093577731037942
44,CMS-2411,PROPYL P-HYDROXYBENZOATE,CCCOC(=O)c1ccc(O)cc1,CCCOC(=O)c1ccc(O)cc1,Benchmark ExtraTrees,/Users/tanvir/Desktop/skin/skin-permeation-reproduction-project/models/reproduction/benchmark/ExtraTrees.joblib,-5.0789858341006155,-5.41,-5.41,-5.41,0.3310141658993846,0.3310141658993846,0.3310141658993846,0.3310141658993846
45,CMS-7285,THYMOL,Cc1ccc(C(C)C)c(O)c1,Cc1ccc(C(C)C)c(O)c1,Benchmark ExtraTrees,/Users/tanvir/Desktop/skin/skin-permeation-reproduction-project/models/reproduction/benchmark/ExtraTrees.joblib,-4.780452500767284,-4.86 | -4.834 | -4.77,-4.77,-4.821333,-0.010452500767284434,0.010452500767284434,0.04088049923271608,0.04088049923271608
46,CMS-147,BENZOIC ACID,O=C(O)c1ccccc1,O=C(O)c1ccccc1,Benchmark ExtraTrees,/Users/tanvir/Desktop/skin/skin-permeation-reproduction-project/models/reproduction/benchmark/ExtraTrees.joblib,-5.38770250076729,-5.675 | -5.156,-5.156,-5.4155,-0.23170250076729015,0.23170250076729015,0.02779749923270991,0.02779749923270991
47,CMS-595,ETHYL ALCOHOL,CCO,CCO,Benchmark ExtraTrees,/Users/tanvir/Desktop/skin/skin-permeation-reproduction-project/models/reproduction/benchmark/ExtraTrees.joblib,-6.464929167433948,-7.079 | -7.055 | -6.699 | -6.653 | -6.556 | -6.352 | -6.278 | -5.711 | -5.214 | -5.012 | -3.653,-6.556,-6.023818,0.09107083256605186,0.09107083256605186,-0.44111116743394785,0.44111116743394785
49,CMS-2413,METHYL P-HYDROXYBENZOATE,COC(=O)c1ccc(O)cc1,COC(=O)c1ccc(O)cc1,Benchmark ExtraTrees,/Users/tanvir/Desktop/skin/skin-permeation-reproduction-project/models/reproduction/benchmark/ExtraTrees.joblib,-5.372124722989508,-5.634 | -5.632 | -5.596 | -5.23,-5.23,-5.523,-0.1421247229895073,0.1421247229895073,0.15087527701049197,0.15087527701049197
50,CMS-3038,MANNITOL,OC[C@@H](O)[C@@H](O)[C@H](O)[C@H](O)CO,OC[C@@H](O)[C@@H](O)[C@H](O)[C@H](O)CO,Benchmark ExtraTrees,/Users/tanvir/Desktop/skin/skin-permeation-reproduction-project/models/reproduction/benchmark/ExtraTrees.joblib,-7.904382467097243,-8.158 | -7.923 | -7.81 | -7.771,-7.923,-7.9155,0.01861753290275736,0.01861753290275736,0.011117532902757077,0.011117532902757077
51,CMS-3340,D-SORBITOL,OC[C@@H](O)[C@@H](O)[C@H](O)[C@H](O)CO,OC[C@@H](O)[C@@H](O)[C@H](O)[C@H](O)CO,Benchmark ExtraTrees,/Users/tanvir/Desktop/skin/skin-permeation-reproduction-project/models/reproduction/benchmark/ExtraTrees.joblib,-7.904382467097243,-8.158 | -7.923 | -7.81 | -7.771,-7.923,-7.9155,0.01861753290275736,0.01861753290275736,0.011117532902757077,0.011117532902757077
52,CMS-1446,UREA,NC(N)=O,NC(N)=O,Benchmark ExtraTrees,/Users/tanvir/Desktop/skin/skin-permeation-reproduction-project/models/reproduction/benchmark/ExtraTrees.joblib,-7.299198859593655,-7.386 | -7.317,-7.317,-7.3515,0.01780114040634473,0.01780114040634473,0.05230114040634426,0.05230114040634426
0,CMS-138,BENZENE,c1ccccc1,c1ccccc1,Benchmark CatBoost,/Users/tanvir/Desktop/skin/skin-permeation-reproduction-project/models/reproduction/benchmark/CatBoost.joblib,-4.449301430432481,-4.511 | -4.352,-4.511,-4.4315,0.06169856956751918,0.06169856956751918,-0.01780143043248117,0.01780143043248117
1,CMS-1150,P-PHENYLENEDIAMINE,Nc1ccc(N)cc1,Nc1ccc(N)cc1,Benchmark CatBoost,/Users/tanvir/Desktop/skin/skin-permeation-reproduction-project/models/reproduction/benchmark/CatBoost.joblib,-7.028538740955245,-7.176,-7.176,-7.176,0.14746125904475527,0.14746125904475527,0.14746125904475527,0.14746125904475527
3,CMS-922,MONOCHLOROACETIC ACID--PROHIBITED,O=C(O)CCl,O=C(O)CCl,Benchmark CatBoost,/Users/tanvir/Desktop/skin/skin-permeation-reproduction-project/models/reproduction/benchmark/CatBoost.joblib,-6.314432055817971,-6.515,-6.515,-6.515,0.20056794418202895,0.20056794418202895,0.20056794418202895,0.20056794418202895
4,CMS-1784,1-NAPHTHOL,Oc1cccc2ccccc12,Oc1cccc2ccccc12,Benchmark CatBoost,/Users/tanvir/Desktop/skin/skin-permeation-reproduction-project/models/reproduction/benchmark/CatBoost.joblib,-4.95610535507117,-5.141,-5.141,-5.141,0.18489464492883023,0.18489464492883023,0.18489464492883023,0.18489464492883023
5,CMS-1163,O-PHENYLPHENOL,Oc1ccccc1-c1ccccc1,Oc1ccccc1-c1ccccc1,Benchmark CatBoost,/Users/tanvir/Desktop/skin/skin-permeation-reproduction-project/models/reproduction/benchmark/CatBoost.joblib,-4.931542243106131,-6.355 | -5.294,-5.294,-5.8245,0.3624577568938685,0.3624577568938685,0.8929577568938685,0.8929577568938685
6,CMS-1355,THEOPHYLLINE,Cn1c(=O)c2[nH]cnc2n(C)c1=O,Cn1c(=O)c2[nH]cnc2n(C)c1=O,Benchmark CatBoost,/Users/tanvir/Desktop/skin/skin-permeation-reproduction-project/models/reproduction/benchmark/CatBoost.joblib,-7.0754150474907735,-7.125,-7.125,-7.125,0.049584952509226454,0.049584952509226454,0.049584952509226454,0.049584952509226454
7,CMS-976,2-NITRO-P-PHENYLENEDIAMINE,Nc1ccc(N)c([N+](=O)[O-])c1,Nc1ccc(N)c([N+](=O)[O-])c1,Benchmark CatBoost,/Users/tanvir/Desktop/skin/skin-permeation-reproduction-project/models/reproduction/benchmark/CatBoost.joblib,-6.546986641127583,-6.857,-6.857,-6.857,0.31001335887241677,0.31001335887241677,0.31001335887241677,0.31001335887241677
8,CMS-1949,DIETHYLTOLUAMIDE,CCN(CC)C(=O)c1cccc(C)c1,CCN(CC)C(=O)c1cccc(C)c1,Benchmark CatBoost,/Users/tanvir/Desktop/skin/skin-permeation-reproduction-project/models/reproduction/benchmark/CatBoost.joblib,-5.285671549943578,-8.352 | -7.699 | -7.561 | -7.535 | -7.477 | -7.474 | -7.392 | -7.158 | -6.954 | -6.792 | -6.78 | -6.446,-6.446,-7.301667,1.1603284500564222,1.1603284500564222,2.0159954500564226,2.0159954500564226
9,CMS-1305,SUCROSE,OC[C@H]1O[C@H](O[C@]2(CO)O[C@H](CO)[C@@H](O)[C@@H]2O)[C@H](O)[C@@H](O)[C@@H]1O,OC[C@H]1O[C@@](CO)(O[C@H]2O[C@H](CO)[C@@H](O)[C@H](O)[C@H]2O)[C@@H](O)[C@@H]1O,Benchmark CatBoost,/Users/tanvir/Desktop/skin/skin-permeation-reproduction-project/models/reproduction/benchmark/CatBoost.joblib,-7.861565813946749,-8.84 | -8.583 | -8.075,-8.075,-8.5845,0.21343418605325049,0.21343418605325049,0.7229341860532514,0.7229341860532514
10,CMS-240,CAFFEINE,Cn1c(=O)c2c(ncn2C)n(C)c1=O,Cn1c(=O)c2c(ncn2C)n(C)c1=O,Benchmark CatBoost,/Users/tanvir/Desktop/skin/skin-permeation-reproduction-project/models/reproduction/benchmark/CatBoost.joblib,-6.934191134094879,-7.556 | -7.145 | -7.053 | -6.915 | -6.828 | -6.541 | -6.352,-6.915,-6.912857,-0.01919113409487938,0.01919113409487938,-0.02133413409487961,0.02133413409487961
11,CMS-620,DI(2-ETHYLHEXYL) PHTHALATE,CCCCC(CC)COC(=O)c1ccccc1C(=O)OCC(CC)CCCC,CCCCC(CC)COC(=O)c1ccccc1C(=O)OCC(CC)CCCC,Benchmark CatBoost,/Users/tanvir/Desktop/skin/skin-permeation-reproduction-project/models/reproduction/benchmark/CatBoost.joblib,-7.449874537740024,-10.535 | -8.8 | -7.653,-7.653,-8.996,0.2031254622599752,0.2031254622599752,1.546125462259976,1.546125462259976
12,CMS-3625,"3,4-XYLENOL",Cc1ccc(O)cc1C,Cc1ccc(O)cc1C,Benchmark CatBoost,/Users/tanvir/Desktop/skin/skin-permeation-reproduction-project/models/reproduction/benchmark/CatBoost.joblib,-5.081910156362824,-5,-5.0,-5.0,-0.08191015636282373,0.08191015636282373,-0.08191015636282373,0.08191015636282373
13,CMS-4841,PHENETHYL ALCOHOL,OCCc1ccccc1,OCCc1ccccc1,Benchmark CatBoost,/Users/tanvir/Desktop/skin/skin-permeation-reproduction-project/models/reproduction/benchmark/CatBoost.joblib,-5.254626622587841,-5.276,-5.276,-5.276,0.021373377412158945,0.021373377412158945,0.021373377412158945,0.021373377412158945
14,CMS-8324,"1,2,4-BENZENETRIOL",Oc1ccc(O)c(O)c1,Oc1ccc(O)c(O)c1,Benchmark CatBoost,/Users/tanvir/Desktop/skin/skin-permeation-reproduction-project/models/reproduction/benchmark/CatBoost.joblib,-7.046174420813084,-7.456,-7.456,-7.456,0.40982557918691676,0.40982557918691676,0.40982557918691676,0.40982557918691676
15,CMS-3639,ETHYLENE GLYCOL MONOBUTYL ETHER,CCCCOCCO,CCCCOCCO,Benchmark CatBoost,/Users/tanvir/Desktop/skin/skin-permeation-reproduction-project/models/reproduction/benchmark/CatBoost.joblib,-5.843046482225576,-7.226 | -5.34,-5.34,-6.283,-0.5030464822255762,0.5030464822255762,0.43995351777442426,0.43995351777442426
16,CMS-731,HYDROQUINONE,Oc1ccc(O)cc1,Oc1ccc(O)cc1,Benchmark CatBoost,/Users/tanvir/Desktop/skin/skin-permeation-reproduction-project/models/reproduction/benchmark/CatBoost.joblib,-6.568860811471771,-8.586 | -6.506,-6.506,-7.546,-0.06286081147177036,0.06286081147177036,0.9771391885282297,0.9771391885282297
17,CMS-3690,ETHYLENE GLYCOL MONOMETHYL ETHER,COCCO,COCCO,Benchmark CatBoost,/Users/tanvir/Desktop/skin/skin-permeation-reproduction-project/models/reproduction/benchmark/CatBoost.joblib,-6.173235214426796,-6.095,-6.095,-6.095,-0.0782352144267966,0.0782352144267966,-0.0782352144267966,0.0782352144267966
18,CMS-3700,M-CRESOL,Cc1cccc(O)c1,Cc1cccc(O)c1,Benchmark CatBoost,/Users/tanvir/Desktop/skin/skin-permeation-reproduction-project/models/reproduction/benchmark/CatBoost.joblib,-5.258105001352622,-5.373,-5.373,-5.373,0.11489499864737862,0.11489499864737862,0.11489499864737862,0.11489499864737862
19,CMS-1797,O-CRESOL,Cc1ccccc1O,Cc1ccccc1O,Benchmark CatBoost,/Users/tanvir/Desktop/skin/skin-permeation-reproduction-project/models/reproduction/benchmark/CatBoost.joblib,-5.231618767331769,-5.36,-5.36,-5.36,0.12838123266823143,0.12838123266823143,0.12838123266823143,0.12838123266823143
20,CMS-1848,P-CRESOL,Cc1ccc(O)cc1,Cc1ccc(O)cc1,Benchmark CatBoost,/Users/tanvir/Desktop/skin/skin-permeation-reproduction-project/models/reproduction/benchmark/CatBoost.joblib,-5.24726573569345,-5.313 | -4.477,-5.313,-4.895,0.06573426430654994,0.06573426430654994,-0.3522657356934502,0.3522657356934502
21,CMS-1937,P-ETHYLPHENOL,CCc1ccc(O)cc1,CCc1ccc(O)cc1,Benchmark CatBoost,/Users/tanvir/Desktop/skin/skin-permeation-reproduction-project/models/reproduction/benchmark/CatBoost.joblib,-4.940626149439678,-5.014,-5.014,-5.014,0.07337385056032186,0.07337385056032186,0.07337385056032186,0.07337385056032186
23,CMS-1253,RESORCINOL,Oc1cccc(O)c1,Oc1cccc(O)c1,Benchmark CatBoost,/Users/tanvir/Desktop/skin/skin-permeation-reproduction-project/models/reproduction/benchmark/CatBoost.joblib,-6.437731148514616,-7.176 | -6.626,-6.626,-6.901,0.1882688514853843,0.1882688514853843,0.46326885148538377,0.46326885148538377
24,CMS-1936,ETHYLENE GLYCOL MONOPHENYL ETHER,OCCOc1ccccc1,OCCOc1ccccc1,Benchmark CatBoost,/Users/tanvir/Desktop/skin/skin-permeation-reproduction-project/models/reproduction/benchmark/CatBoost.joblib,-5.721657604772342,-6.43,-6.43,-6.43,0.7083423952276577,0.7083423952276577,0.7083423952276577,0.7083423952276577
25,CMS-1750,BUTYL ALCOHOL,CCCCO,CCCCO,Benchmark CatBoost,/Users/tanvir/Desktop/skin/skin-permeation-reproduction-project/models/reproduction/benchmark/CatBoost.joblib,-6.072693057923745,-7.778 | -6.556 | -6.214 | -6.158 | -6.079 | -5.816 | -5.659 | -5.481 | -5.193 | -5.079 | -4.703,-6.079,-5.9405,0.006306942076254707,0.006306942076254707,-0.13219305792374492,0.13219305792374492
26,CMS-1898,HEXYL ALCOHOL,CCCCCCO,CCCCCCO,Benchmark CatBoost,/Users/tanvir/Desktop/skin/skin-permeation-reproduction-project/models/reproduction/benchmark/CatBoost.joblib,-5.2584005842116,-7.84 | -7.012 | -5.778 | -5.637 | -5.442 | -5.284 | -5.255 | -5.114 | -5.051 | -4.888 | -4.859 | -2.442,-5.255,-5.388,-0.003400584211600055,0.003400584211600055,0.12959941578839995,0.12959941578839995
27,CMS-110,ASPIRIN,CC(=O)Oc1ccccc1C(=O)O,CC(=O)Oc1ccccc1C(=O)O,Benchmark CatBoost,/Users/tanvir/Desktop/skin/skin-permeation-reproduction-project/models/reproduction/benchmark/CatBoost.joblib,-5.734205963896661,-5.696,-5.696,-5.696,-0.03820596389666164,0.03820596389666164,-0.03820596389666164,0.03820596389666164
29,CMS-4496,METHYL SALICYLATE,COC(=O)c1ccccc1O,COC(=O)c1ccccc1O,Benchmark CatBoost,/Users/tanvir/Desktop/skin/skin-permeation-reproduction-project/models/reproduction/benchmark/CatBoost.joblib,-5.258228324704421,-5,-5.0,-5.0,-0.2582283247044206,0.2582283247044206,-0.2582283247044206,0.2582283247044206
31,CMS-1136,PHENOL,Oc1ccccc1,Oc1ccccc1,Benchmark CatBoost,/Users/tanvir/Desktop/skin/skin-permeation-reproduction-project/models/reproduction/benchmark/CatBoost.joblib,-5.741736151255898,-5.614 | -5.586,-5.614,-5.6,-0.1277361512558981,0.1277361512558981,-0.14173615125589833,0.14173615125589833
32,CMS-3806,ACETIC ACID,CC(=O)O,CC(=O)O,Benchmark CatBoost,/Users/tanvir/Desktop/skin/skin-permeation-reproduction-project/models/reproduction/benchmark/CatBoost.joblib,-6.397488118624636,-6.079,-6.079,-6.079,-0.31848811862463666,0.31848811862463666,-0.31848811862463666,0.31848811862463666
33,CMS-14254,ALPHA-BUTYL-OMEGA-HYDROXYPOLY(OXYETHYLENE) POLY(OXYPROPYLENE),CCCCO,CCCCO,Benchmark CatBoost,/Users/tanvir/Desktop/skin/skin-permeation-reproduction-project/models/reproduction/benchmark/CatBoost.joblib,-6.072693057923745,-7.778 | -6.556 | -6.214 | -6.158 | -6.079 | -5.816 | -5.659 | -5.481 | -5.193 | -5.079 | -4.703,-6.079,-5.9405,0.006306942076254707,0.006306942076254707,-0.13219305792374492,0.13219305792374492
34,CMS-4846,SALICYLIC ACID,O=C(O)c1ccccc1O,O=C(O)c1ccccc1O,Benchmark CatBoost,/Users/tanvir/Desktop/skin/skin-permeation-reproduction-project/models/reproduction/benchmark/CatBoost.joblib,-6.076795472450717,-7.556 | -6.588 | -6.216 | -5.76 | -5.416 | -5.136,-6.216,-6.112,0.1392045275492828,0.1392045275492828,0.035204527549282716,0.035204527549282716
35,CMS-1379,TOLUENE,Cc1ccccc1,Cc1ccccc1,Benchmark CatBoost,/Users/tanvir/Desktop/skin/skin-permeation-reproduction-project/models/reproduction/benchmark/CatBoost.joblib,-3.923595979862056,-3.637,-3.637,-3.637,-0.2865959798620561,0.2865959798620561,-0.2865959798620561,0.2865959798620561
36,CMS-1541,DIETHYLENE GLYCOL MONOBUTYL ETHER,CCCCOCCOCCO,CCCCOCCOCCO,Benchmark CatBoost,/Users/tanvir/Desktop/skin/skin-permeation-reproduction-project/models/reproduction/benchmark/CatBoost.joblib,-5.762101203159304,-8.004 | -7.071,-7.071,-7.5375,1.3088987968406958,1.3088987968406958,1.7753987968406957,1.7753987968406957
37,CMS-216,BUTYL P-HYDROXYBENZOATE,CCCCOC(=O)c1ccc(O)cc1,CCCCOC(=O)c1ccc(O)cc1,Benchmark CatBoost,/Users/tanvir/Desktop/skin/skin-permeation-reproduction-project/models/reproduction/benchmark/CatBoost.joblib,-4.928631681869556,-4.538,-4.538,-4.538,-0.39063168186955544,0.39063168186955544,-0.39063168186955544,0.39063168186955544
38,CMS-1908,DIETHYLENE GLYCOL MONOETHYL ETHER,CCOCCOCCO,CCOCCOCCO,Benchmark CatBoost,/Users/tanvir/Desktop/skin/skin-permeation-reproduction-project/models/reproduction/benchmark/CatBoost.joblib,-5.887991479334721,-7.436,-7.436,-7.436,1.5480085206652792,1.5480085206652792,1.5480085206652792,1.5480085206652792
39,CMS-263,CATECHOL,Oc1ccccc1O,Oc1ccccc1O,Benchmark CatBoost,/Users/tanvir/Desktop/skin/skin-permeation-reproduction-project/models/reproduction/benchmark/CatBoost.joblib,-6.260099110889018,-6.066,-6.066,-6.066,-0.19409911088901843,0.19409911088901843,-0.19409911088901843,0.19409911088901843
40,CMS-3637,ETHYLENE GLYCOL MONOETHYL ETHER,CCOCCO,CCOCCO,Benchmark CatBoost,/Users/tanvir/Desktop/skin/skin-permeation-reproduction-project/models/reproduction/benchmark/CatBoost.joblib,-6.146878808226722,-7.785 | -7.687 | -7.158 | -6.631 | -5.647 | -5.63 | -5.545 | -5.544,-6.631,-6.531667,0.48412119177327817,0.48412119177327817,0.3847881917732776,0.3847881917732776
41,CMS-1740,DIETHYL ETHER,CCOCC,CCOCC,Benchmark CatBoost,/Users/tanvir/Desktop/skin/skin-permeation-reproduction-project/models/reproduction/benchmark/CatBoost.joblib,-5.645185249645529,-5.352,-5.352,-5.352,-0.2931852496455285,0.2931852496455285,-0.2931852496455285,0.2931852496455285
42,CMS-1746,METHYL ALCOHOL,CO,CO,Benchmark CatBoost,/Users/tanvir/Desktop/skin/skin-permeation-reproduction-project/models/reproduction/benchmark/CatBoost.joblib,-6.62322788509478,-6.857 | -6.556 | -6.352 | -5.539 | -5.195 | -4.832 | -3.857,-6.556,-5.598286,-0.06722788509477962,0.06722788509477962,-1.0249418850947798,1.0249418850947798
43,CMS-4141,DIETHYLENE GLYCOL MONOMETHYL ETHER,COCCOCCO,COCCOCCO,Benchmark CatBoost,/Users/tanvir/Desktop/skin/skin-permeation-reproduction-project/models/reproduction/benchmark/CatBoost.joblib,-5.977856606796378,-7.242,-7.242,-7.242,1.2641433932036223,1.2641433932036223,1.2641433932036223,1.2641433932036223
44,CMS-2411,PROPYL P-HYDROXYBENZOATE,CCCOC(=O)c1ccc(O)cc1,CCCOC(=O)c1ccc(O)cc1,Benchmark CatBoost,/Users/tanvir/Desktop/skin/skin-permeation-reproduction-project/models/reproduction/benchmark/CatBoost.joblib,-5.050006946455452,-5.41,-5.41,-5.41,0.3599930535445486,0.3599930535445486,0.3599930535445486,0.3599930535445486
45,CMS-7285,THYMOL,Cc1ccc(C(C)C)c(O)c1,Cc1ccc(C(C)C)c(O)c1,Benchmark CatBoost,/Users/tanvir/Desktop/skin/skin-permeation-reproduction-project/models/reproduction/benchmark/CatBoost.joblib,-4.853887225042153,-4.86 | -4.834 | -4.77,-4.86,-4.821333,0.0061127749578471224,0.0061127749578471224,-0.032554225042153107,0.032554225042153107
46,CMS-147,BENZOIC ACID,O=C(O)c1ccccc1,O=C(O)c1ccccc1,Benchmark CatBoost,/Users/tanvir/Desktop/skin/skin-permeation-reproduction-project/models/reproduction/benchmark/CatBoost.joblib,-5.526720442152548,-5.675 | -5.156,-5.675,-5.4155,0.1482795578474514,0.1482795578474514,-0.11122044215254867,0.11122044215254867
47,CMS-595,ETHYL ALCOHOL,CCO,CCO,Benchmark CatBoost,/Users/tanvir/Desktop/skin/skin-permeation-reproduction-project/models/reproduction/benchmark/CatBoost.joblib,-6.521811975772156,-7.079 | -7.055 | -6.699 | -6.653 | -6.556 | -6.352 | -6.278 | -5.711 | -5.214 | -5.012 | -3.653,-6.556,-6.023818,0.03418802422784406,0.03418802422784406,-0.49799397577215565,0.49799397577215565
49,CMS-2413,METHYL P-HYDROXYBENZOATE,COC(=O)c1ccc(O)cc1,COC(=O)c1ccc(O)cc1,Benchmark CatBoost,/Users/tanvir/Desktop/skin/skin-permeation-reproduction-project/models/reproduction/benchmark/CatBoost.joblib,-5.3660946638719444,-5.634 | -5.632 | -5.596 | -5.23,-5.23,-5.523,-0.13609466387194402,0.13609466387194402,0.15690533612805524,0.15690533612805524
50,CMS-3038,MANNITOL,OC[C@@H](O)[C@@H](O)[C@H](O)[C@H](O)CO,OC[C@@H](O)[C@@H](O)[C@H](O)[C@H](O)CO,Benchmark CatBoost,/Users/tanvir/Desktop/skin/skin-permeation-reproduction-project/models/reproduction/benchmark/CatBoost.joblib,-7.825843921628849,-8.158 | -7.923 | -7.81 | -7.771,-7.81,-7.9155,-0.015843921628849067,0.015843921628849067,0.08965607837115108,0.08965607837115108
51,CMS-3340,D-SORBITOL,OC[C@@H](O)[C@@H](O)[C@H](O)[C@H](O)CO,OC[C@@H](O)[C@@H](O)[C@H](O)[C@H](O)CO,Benchmark CatBoost,/Users/tanvir/Desktop/skin/skin-permeation-reproduction-project/models/reproduction/benchmark/CatBoost.joblib,-7.825843921628849,-8.158 | -7.923 | -7.81 | -7.771,-7.81,-7.9155,-0.015843921628849067,0.015843921628849067,0.08965607837115108,0.08965607837115108
52,CMS-1446,UREA,NC(N)=O,NC(N)=O,Benchmark CatBoost,/Users/tanvir/Desktop/skin/skin-permeation-reproduction-project/models/reproduction/benchmark/CatBoost.joblib,-7.290046557992994,-7.386 | -7.317,-7.317,-7.3515,0.02695344200700589,0.02695344200700589,0.06145344200700542,0.06145344200700542
0,CMS-138,BENZENE,c1ccccc1,c1ccccc1,Benchmark HistGradientBoosting,/Users/tanvir/Desktop/skin/skin-permeation-reproduction-project/models/reproduction/benchmark/HistGradientBoosting.joblib,-4.458881380684315,-4.511 | -4.352,-4.511,-4.4315,0.052118619315685066,0.052118619315685066,-0.027381380684315282,0.027381380684315282
1,CMS-1150,P-PHENYLENEDIAMINE,Nc1ccc(N)cc1,Nc1ccc(N)cc1,Benchmark HistGradientBoosting,/Users/tanvir/Desktop/skin/skin-permeation-reproduction-project/models/reproduction/benchmark/HistGradientBoosting.joblib,-7.132193450777105,-7.176,-7.176,-7.176,0.04380654922289473,0.04380654922289473,0.04380654922289473,0.04380654922289473
3,CMS-922,MONOCHLOROACETIC ACID--PROHIBITED,O=C(O)CCl,O=C(O)CCl,Benchmark HistGradientBoosting,/Users/tanvir/Desktop/skin/skin-permeation-reproduction-project/models/reproduction/benchmark/HistGradientBoosting.joblib,-6.116287733206133,-6.515,-6.515,-6.515,0.39871226679386673,0.39871226679386673,0.39871226679386673,0.39871226679386673
4,CMS-1784,1-NAPHTHOL,Oc1cccc2ccccc12,Oc1cccc2ccccc12,Benchmark HistGradientBoosting,/Users/tanvir/Desktop/skin/skin-permeation-reproduction-project/models/reproduction/benchmark/HistGradientBoosting.joblib,-5.115221284806348,-5.141,-5.141,-5.141,0.025778715193651713,0.025778715193651713,0.025778715193651713,0.025778715193651713
5,CMS-1163,O-PHENYLPHENOL,Oc1ccccc1-c1ccccc1,Oc1ccccc1-c1ccccc1,Benchmark HistGradientBoosting,/Users/tanvir/Desktop/skin/skin-permeation-reproduction-project/models/reproduction/benchmark/HistGradientBoosting.joblib,-4.723791278227175,-6.355 | -5.294,-5.294,-5.8245,0.5702087217728247,0.5702087217728247,1.1007087217728246,1.1007087217728246
6,CMS-1355,THEOPHYLLINE,Cn1c(=O)c2[nH]cnc2n(C)c1=O,Cn1c(=O)c2[nH]cnc2n(C)c1=O,Benchmark HistGradientBoosting,/Users/tanvir/Desktop/skin/skin-permeation-reproduction-project/models/reproduction/benchmark/HistGradientBoosting.joblib,-7.092565560635899,-7.125,-7.125,-7.125,0.03243443936410095,0.03243443936410095,0.03243443936410095,0.03243443936410095
7,CMS-976,2-NITRO-P-PHENYLENEDIAMINE,Nc1ccc(N)c([N+](=O)[O-])c1,Nc1ccc(N)c([N+](=O)[O-])c1,Benchmark HistGradientBoosting,/Users/tanvir/Desktop/skin/skin-permeation-reproduction-project/models/reproduction/benchmark/HistGradientBoosting.joblib,-6.173187454972229,-6.857,-6.857,-6.857,0.683812545027771,0.683812545027771,0.683812545027771,0.683812545027771
8,CMS-1949,DIETHYLTOLUAMIDE,CCN(CC)C(=O)c1cccc(C)c1,CCN(CC)C(=O)c1cccc(C)c1,Benchmark HistGradientBoosting,/Users/tanvir/Desktop/skin/skin-permeation-reproduction-project/models/reproduction/benchmark/HistGradientBoosting.joblib,-5.431710505091154,-8.352 | -7.699 | -7.561 | -7.535 | -7.477 | -7.474 | -7.392 | -7.158 | -6.954 | -6.792 | -6.78 | -6.446,-6.446,-7.301667,1.0142894949088461,1.0142894949088461,1.8699564949088465,1.8699564949088465
9,CMS-1305,SUCROSE,OC[C@H]1O[C@H](O[C@]2(CO)O[C@H](CO)[C@@H](O)[C@@H]2O)[C@H](O)[C@@H](O)[C@@H]1O,OC[C@H]1O[C@@](CO)(O[C@H]2O[C@H](CO)[C@@H](O)[C@H](O)[C@H]2O)[C@@H](O)[C@@H]1O,Benchmark HistGradientBoosting,/Users/tanvir/Desktop/skin/skin-permeation-reproduction-project/models/reproduction/benchmark/HistGradientBoosting.joblib,-7.959539122694931,-8.84 | -8.583 | -8.075,-8.075,-8.5845,0.11546087730506827,0.11546087730506827,0.6249608773050692,0.6249608773050692
10,CMS-240,CAFFEINE,Cn1c(=O)c2c(ncn2C)n(C)c1=O,Cn1c(=O)c2c(ncn2C)n(C)c1=O,Benchmark HistGradientBoosting,/Users/tanvir/Desktop/skin/skin-permeation-reproduction-project/models/reproduction/benchmark/HistGradientBoosting.joblib,-6.875433829897288,-7.556 | -7.145 | -7.053 | -6.915 | -6.828 | -6.541 | -6.352,-6.915,-6.912857,0.03956617010271213,0.03956617010271213,0.0374231701027119,0.0374231701027119
11,CMS-620,DI(2-ETHYLHEXYL) PHTHALATE,CCCCC(CC)COC(=O)c1ccccc1C(=O)OCC(CC)CCCC,CCCCC(CC)COC(=O)c1ccccc1C(=O)OCC(CC)CCCC,Benchmark HistGradientBoosting,/Users/tanvir/Desktop/skin/skin-permeation-reproduction-project/models/reproduction/benchmark/HistGradientBoosting.joblib,-7.2266419688198384,-10.535 | -8.8 | -7.653,-7.653,-8.996,0.42635803118016113,0.42635803118016113,1.769358031180162,1.769358031180162
12,CMS-3625,"3,4-XYLENOL",Cc1ccc(O)cc1C,Cc1ccc(O)cc1C,Benchmark HistGradientBoosting,/Users/tanvir/Desktop/skin/skin-permeation-reproduction-project/models/reproduction/benchmark/HistGradientBoosting.joblib,-5.002155536528688,-5,-5.0,-5.0,-0.0021555365286882733,0.0021555365286882733,-0.0021555365286882733,0.0021555365286882733
13,CMS-4841,PHENETHYL ALCOHOL,OCCc1ccccc1,OCCc1ccccc1,Benchmark HistGradientBoosting,/Users/tanvir/Desktop/skin/skin-permeation-reproduction-project/models/reproduction/benchmark/HistGradientBoosting.joblib,-5.237875286282108,-5.276,-5.276,-5.276,0.03812471371789172,0.03812471371789172,0.03812471371789172,0.03812471371789172
14,CMS-8324,"1,2,4-BENZENETRIOL",Oc1ccc(O)c(O)c1,Oc1ccc(O)c(O)c1,Benchmark HistGradientBoosting,/Users/tanvir/Desktop/skin/skin-permeation-reproduction-project/models/reproduction/benchmark/HistGradientBoosting.joblib,-7.23546720172167,-7.456,-7.456,-7.456,0.22053279827833006,0.22053279827833006,0.22053279827833006,0.22053279827833006
15,CMS-3639,ETHYLENE GLYCOL MONOBUTYL ETHER,CCCCOCCO,CCCCOCCO,Benchmark HistGradientBoosting,/Users/tanvir/Desktop/skin/skin-permeation-reproduction-project/models/reproduction/benchmark/HistGradientBoosting.joblib,-5.794474365974556,-7.226 | -5.34,-5.34,-6.283,-0.4544743659745558,0.4544743659745558,0.4885256340254447,0.4885256340254447
16,CMS-731,HYDROQUINONE,Oc1ccc(O)cc1,Oc1ccc(O)cc1,Benchmark HistGradientBoosting,/Users/tanvir/Desktop/skin/skin-permeation-reproduction-project/models/reproduction/benchmark/HistGradientBoosting.joblib,-6.57974964570251,-8.586 | -6.506,-6.506,-7.546,-0.07374964570250953,0.07374964570250953,0.9662503542974905,0.9662503542974905
17,CMS-3690,ETHYLENE GLYCOL MONOMETHYL ETHER,COCCO,COCCO,Benchmark HistGradientBoosting,/Users/tanvir/Desktop/skin/skin-permeation-reproduction-project/models/reproduction/benchmark/HistGradientBoosting.joblib,-6.173857914985318,-6.095,-6.095,-6.095,-0.07885791498531791,0.07885791498531791,-0.07885791498531791,0.07885791498531791
18,CMS-3700,M-CRESOL,Cc1cccc(O)c1,Cc1cccc(O)c1,Benchmark HistGradientBoosting,/Users/tanvir/Desktop/skin/skin-permeation-reproduction-project/models/reproduction/benchmark/HistGradientBoosting.joblib,-5.31217809318099,-5.373,-5.373,-5.373,0.0608219068190099,0.0608219068190099,0.0608219068190099,0.0608219068190099
19,CMS-1797,O-CRESOL,Cc1ccccc1O,Cc1ccccc1O,Benchmark HistGradientBoosting,/Users/tanvir/Desktop/skin/skin-permeation-reproduction-project/models/reproduction/benchmark/HistGradientBoosting.joblib,-5.351212882472433,-5.36,-5.36,-5.36,0.008787117527567112,0.008787117527567112,0.008787117527567112,0.008787117527567112
20,CMS-1848,P-CRESOL,Cc1ccc(O)cc1,Cc1ccc(O)cc1,Benchmark HistGradientBoosting,/Users/tanvir/Desktop/skin/skin-permeation-reproduction-project/models/reproduction/benchmark/HistGradientBoosting.joblib,-5.307287994079305,-5.313 | -4.477,-5.313,-4.895,0.005712005920694985,0.005712005920694985,-0.41228799407930516,0.41228799407930516
21,CMS-1937,P-ETHYLPHENOL,CCc1ccc(O)cc1,CCc1ccc(O)cc1,Benchmark HistGradientBoosting,/Users/tanvir/Desktop/skin/skin-permeation-reproduction-project/models/reproduction/benchmark/HistGradientBoosting.joblib,-5.028189565441421,-5.014,-5.014,-5.014,-0.014189565441420804,0.014189565441420804,-0.014189565441420804,0.014189565441420804
23,CMS-1253,RESORCINOL,Oc1cccc(O)c1,Oc1cccc(O)c1,Benchmark HistGradientBoosting,/Users/tanvir/Desktop/skin/skin-permeation-reproduction-project/models/reproduction/benchmark/HistGradientBoosting.joblib,-6.298421746022106,-7.176 | -6.626,-6.626,-6.901,0.32757825397789464,0.32757825397789464,0.6025782539778941,0.6025782539778941
24,CMS-1936,ETHYLENE GLYCOL MONOPHENYL ETHER,OCCOc1ccccc1,OCCOc1ccccc1,Benchmark HistGradientBoosting,/Users/tanvir/Desktop/skin/skin-permeation-reproduction-project/models/reproduction/benchmark/HistGradientBoosting.joblib,-5.924386587478388,-6.43,-6.43,-6.43,0.5056134125216118,0.5056134125216118,0.5056134125216118,0.5056134125216118
25,CMS-1750,BUTYL ALCOHOL,CCCCO,CCCCO,Benchmark HistGradientBoosting,/Users/tanvir/Desktop/skin/skin-permeation-reproduction-project/models/reproduction/benchmark/HistGradientBoosting.joblib,-6.000420728764574,-7.778 | -6.556 | -6.214 | -6.158 | -6.079 | -5.816 | -5.659 | -5.481 | -5.193 | -5.079 | -4.703,-6.079,-5.9405,0.07857927123542563,0.07857927123542563,-0.059920728764573994,0.059920728764573994
26,CMS-1898,HEXYL ALCOHOL,CCCCCCO,CCCCCCO,Benchmark HistGradientBoosting,/Users/tanvir/Desktop/skin/skin-permeation-reproduction-project/models/reproduction/benchmark/HistGradientBoosting.joblib,-5.169894883045676,-7.84 | -7.012 | -5.778 | -5.637 | -5.442 | -5.284 | -5.255 | -5.114 | -5.051 | -4.888 | -4.859 | -2.442,-5.114,-5.388,-0.055894883045676025,0.055894883045676025,0.218105116954324,0.218105116954324
27,CMS-110,ASPIRIN,CC(=O)Oc1ccccc1C(=O)O,CC(=O)Oc1ccccc1C(=O)O,Benchmark HistGradientBoosting,/Users/tanvir/Desktop/skin/skin-permeation-reproduction-project/models/reproduction/benchmark/HistGradientBoosting.joblib,-5.17486299541356,-5.696,-5.696,-5.696,0.5211370045864401,0.5211370045864401,0.5211370045864401,0.5211370045864401
29,CMS-4496,METHYL SALICYLATE,COC(=O)c1ccccc1O,COC(=O)c1ccccc1O,Benchmark HistGradientBoosting,/Users/tanvir/Desktop/skin/skin-permeation-reproduction-project/models/reproduction/benchmark/HistGradientBoosting.joblib,-5.022000670573083,-5,-5.0,-5.0,-0.022000670573082637,0.022000670573082637,-0.022000670573082637,0.022000670573082637
31,CMS-1136,PHENOL,Oc1ccccc1,Oc1ccccc1,Benchmark HistGradientBoosting,/Users/tanvir/Desktop/skin/skin-permeation-reproduction-project/models/reproduction/benchmark/HistGradientBoosting.joblib,-6.097123831014517,-5.614 | -5.586,-5.614,-5.6,-0.4831238310145167,0.4831238310145167,-0.49712383101451696,0.49712383101451696
32,CMS-3806,ACETIC ACID,CC(=O)O,CC(=O)O,Benchmark HistGradientBoosting,/Users/tanvir/Desktop/skin/skin-permeation-reproduction-project/models/reproduction/benchmark/HistGradientBoosting.joblib,-6.33635298698837,-6.079,-6.079,-6.079,-0.25735298698837017,0.25735298698837017,-0.25735298698837017,0.25735298698837017
33,CMS-14254,ALPHA-BUTYL-OMEGA-HYDROXYPOLY(OXYETHYLENE) POLY(OXYPROPYLENE),CCCCO,CCCCO,Benchmark HistGradientBoosting,/Users/tanvir/Desktop/skin/skin-permeation-reproduction-project/models/reproduction/benchmark/HistGradientBoosting.joblib,-6.000420728764574,-7.778 | -6.556 | -6.214 | -6.158 | -6.079 | -5.816 | -5.659 | -5.481 | -5.193 | -5.079 | -4.703,-6.079,-5.9405,0.07857927123542563,0.07857927123542563,-0.059920728764573994,0.059920728764573994
34,CMS-4846,SALICYLIC ACID,O=C(O)c1ccccc1O,O=C(O)c1ccccc1O,Benchmark HistGradientBoosting,/Users/tanvir/Desktop/skin/skin-permeation-reproduction-project/models/reproduction/benchmark/HistGradientBoosting.joblib,-5.778038388045154,-7.556 | -6.588 | -6.216 | -5.76 | -5.416 | -5.136,-5.76,-6.112,-0.018038388045154008,0.018038388045154008,0.3339616119548463,0.3339616119548463
35,CMS-1379,TOLUENE,Cc1ccccc1,Cc1ccccc1,Benchmark HistGradientBoosting,/Users/tanvir/Desktop/skin/skin-permeation-reproduction-project/models/reproduction/benchmark/HistGradientBoosting.joblib,-4.111006615076127,-3.637,-3.637,-3.637,-0.4740066150761266,0.4740066150761266,-0.4740066150761266,0.4740066150761266
36,CMS-1541,DIETHYLENE GLYCOL MONOBUTYL ETHER,CCCCOCCOCCO,CCCCOCCOCCO,Benchmark HistGradientBoosting,/Users/tanvir/Desktop/skin/skin-permeation-reproduction-project/models/reproduction/benchmark/HistGradientBoosting.joblib,-5.75761608942985,-8.004 | -7.071,-7.071,-7.5375,1.31338391057015,1.31338391057015,1.7798839105701498,1.7798839105701498
37,CMS-216,BUTYL P-HYDROXYBENZOATE,CCCCOC(=O)c1ccc(O)cc1,CCCCOC(=O)c1ccc(O)cc1,Benchmark HistGradientBoosting,/Users/tanvir/Desktop/skin/skin-permeation-reproduction-project/models/reproduction/benchmark/HistGradientBoosting.joblib,-4.695296589031981,-4.538,-4.538,-4.538,-0.15729658903198107,0.15729658903198107,-0.15729658903198107,0.15729658903198107
38,CMS-1908,DIETHYLENE GLYCOL MONOETHYL ETHER,CCOCCOCCO,CCOCCOCCO,Benchmark HistGradientBoosting,/Users/tanvir/Desktop/skin/skin-permeation-reproduction-project/models/reproduction/benchmark/HistGradientBoosting.joblib,-6.183908888143495,-7.436,-7.436,-7.436,1.2520911118565046,1.2520911118565046,1.2520911118565046,1.2520911118565046
39,CMS-263,CATECHOL,Oc1ccccc1O,Oc1ccccc1O,Benchmark HistGradientBoosting,/Users/tanvir/Desktop/skin/skin-permeation-reproduction-project/models/reproduction/benchmark/HistGradientBoosting.joblib,-6.091365430350169,-6.066,-6.066,-6.066,-0.025365430350169582,0.025365430350169582,-0.025365430350169582,0.025365430350169582
40,CMS-3637,ETHYLENE GLYCOL MONOETHYL ETHER,CCOCCO,CCOCCO,Benchmark HistGradientBoosting,/Users/tanvir/Desktop/skin/skin-permeation-reproduction-project/models/reproduction/benchmark/HistGradientBoosting.joblib,-6.202534129016703,-7.785 | -7.687 | -7.158 | -6.631 | -5.647 | -5.63 | -5.545 | -5.544,-6.631,-6.531667,0.42846587098329714,0.42846587098329714,0.3291328709832966,0.3291328709832966
41,CMS-1740,DIETHYL ETHER,CCOCC,CCOCC,Benchmark HistGradientBoosting,/Users/tanvir/Desktop/skin/skin-permeation-reproduction-project/models/reproduction/benchmark/HistGradientBoosting.joblib,-5.387823661028874,-5.352,-5.352,-5.352,-0.03582366102887402,0.03582366102887402,-0.03582366102887402,0.03582366102887402
42,CMS-1746,METHYL ALCOHOL,CO,CO,Benchmark HistGradientBoosting,/Users/tanvir/Desktop/skin/skin-permeation-reproduction-project/models/reproduction/benchmark/HistGradientBoosting.joblib,-6.673318757143342,-6.857 | -6.556 | -6.352 | -5.539 | -5.195 | -4.832 | -3.857,-6.556,-5.598286,-0.11731875714334183,0.11731875714334183,-1.075032757143342,1.075032757143342
43,CMS-4141,DIETHYLENE GLYCOL MONOMETHYL ETHER,COCCOCCO,COCCOCCO,Benchmark HistGradientBoosting,/Users/tanvir/Desktop/skin/skin-permeation-reproduction-project/models/reproduction/benchmark/HistGradientBoosting.joblib,-6.189207393818656,-7.242,-7.242,-7.242,1.0527926061813444,1.0527926061813444,1.0527926061813444,1.0527926061813444
44,CMS-2411,PROPYL P-HYDROXYBENZOATE,CCCOC(=O)c1ccc(O)cc1,CCCOC(=O)c1ccc(O)cc1,Benchmark HistGradientBoosting,/Users/tanvir/Desktop/skin/skin-permeation-reproduction-project/models/reproduction/benchmark/HistGradientBoosting.joblib,-5.092621773770075,-5.41,-5.41,-5.41,0.3173782262299252,0.3173782262299252,0.3173782262299252,0.3173782262299252
45,CMS-7285,THYMOL,Cc1ccc(C(C)C)c(O)c1,Cc1ccc(C(C)C)c(O)c1,Benchmark HistGradientBoosting,/Users/tanvir/Desktop/skin/skin-permeation-reproduction-project/models/reproduction/benchmark/HistGradientBoosting.joblib,-4.756037079414989,-4.86 | -4.834 | -4.77,-4.77,-4.821333,0.013962920585010252,0.013962920585010252,0.06529592058501077,0.06529592058501077
46,CMS-147,BENZOIC ACID,O=C(O)c1ccccc1,O=C(O)c1ccccc1,Benchmark HistGradientBoosting,/Users/tanvir/Desktop/skin/skin-permeation-reproduction-project/models/reproduction/benchmark/HistGradientBoosting.joblib,-5.385128671017064,-5.675 | -5.156,-5.156,-5.4155,-0.22912867101706436,0.22912867101706436,0.030371328982935708,0.030371328982935708
47,CMS-595,ETHYL ALCOHOL,CCO,CCO,Benchmark HistGradientBoosting,/Users/tanvir/Desktop/skin/skin-permeation-reproduction-project/models/reproduction/benchmark/HistGradientBoosting.joblib,-6.487496377780197,-7.079 | -7.055 | -6.699 | -6.653 | -6.556 | -6.352 | -6.278 | -5.711 | -5.214 | -5.012 | -3.653,-6.556,-6.023818,0.06850362221980344,0.06850362221980344,-0.46367837778019627,0.46367837778019627
49,CMS-2413,METHYL P-HYDROXYBENZOATE,COC(=O)c1ccc(O)cc1,COC(=O)c1ccc(O)cc1,Benchmark HistGradientBoosting,/Users/tanvir/Desktop/skin/skin-permeation-reproduction-project/models/reproduction/benchmark/HistGradientBoosting.joblib,-5.486739793803277,-5.634 | -5.632 | -5.596 | -5.23,-5.596,-5.523,0.10926020619672272,0.10926020619672272,0.03626020619672232,0.03626020619672232
50,CMS-3038,MANNITOL,OC[C@@H](O)[C@@H](O)[C@H](O)[C@H](O)CO,OC[C@@H](O)[C@@H](O)[C@H](O)[C@H](O)CO,Benchmark HistGradientBoosting,/Users/tanvir/Desktop/skin/skin-permeation-reproduction-project/models/reproduction/benchmark/HistGradientBoosting.joblib,-7.90493576801342,-8.158 | -7.923 | -7.81 | -7.771,-7.923,-7.9155,0.018064231986580026,0.018064231986580026,0.010564231986579742,0.010564231986579742
51,CMS-3340,D-SORBITOL,OC[C@@H](O)[C@@H](O)[C@H](O)[C@H](O)CO,OC[C@@H](O)[C@@H](O)[C@H](O)[C@H](O)CO,Benchmark HistGradientBoosting,/Users/tanvir/Desktop/skin/skin-permeation-reproduction-project/models/reproduction/benchmark/HistGradientBoosting.joblib,-7.90493576801342,-8.158 | -7.923 | -7.81 | -7.771,-7.923,-7.9155,0.018064231986580026,0.018064231986580026,0.010564231986579742,0.010564231986579742
52,CMS-1446,UREA,NC(N)=O,NC(N)=O,Benchmark HistGradientBoosting,/Users/tanvir/Desktop/skin/skin-permeation-reproduction-project/models/reproduction/benchmark/HistGradientBoosting.joblib,-7.268203823145653,-7.386 | -7.317,-7.317,-7.3515,0.04879617685434745,0.04879617685434745,0.08329617685434698,0.08329617685434698
0,CMS-138,BENZENE,c1ccccc1,c1ccccc1,Benchmark RF,/Users/tanvir/Desktop/skin/skin-permeation-reproduction-project/models/reproduction/benchmark/RF.joblib,-4.421998849973638,-4.511 | -4.352,-4.352,-4.4315,-0.06999884997363726,0.06999884997363726,0.009501150026362204,0.009501150026362204
1,CMS-1150,P-PHENYLENEDIAMINE,Nc1ccc(N)cc1,Nc1ccc(N)cc1,Benchmark RF,/Users/tanvir/Desktop/skin/skin-permeation-reproduction-project/models/reproduction/benchmark/RF.joblib,-7.062511465413754,-7.176,-7.176,-7.176,0.11348853458624575,0.11348853458624575,0.11348853458624575,0.11348853458624575
3,CMS-922,MONOCHLOROACETIC ACID--PROHIBITED,O=C(O)CCl,O=C(O)CCl,Benchmark RF,/Users/tanvir/Desktop/skin/skin-permeation-reproduction-project/models/reproduction/benchmark/RF.joblib,-6.328941157573445,-6.515,-6.515,-6.515,0.18605884242655435,0.18605884242655435,0.18605884242655435,0.18605884242655435
4,CMS-1784,1-NAPHTHOL,Oc1cccc2ccccc12,Oc1cccc2ccccc12,Benchmark RF,/Users/tanvir/Desktop/skin/skin-permeation-reproduction-project/models/reproduction/benchmark/RF.joblib,-5.085189167433951,-5.141,-5.141,-5.141,0.05581083256604913,0.05581083256604913,0.05581083256604913,0.05581083256604913
5,CMS-1163,O-PHENYLPHENOL,Oc1ccccc1-c1ccccc1,Oc1ccccc1-c1ccccc1,Benchmark RF,/Users/tanvir/Desktop/skin/skin-permeation-reproduction-project/models/reproduction/benchmark/RF.joblib,-4.786745278545065,-6.355 | -5.294,-5.294,-5.8245,0.5072547214549346,0.5072547214549346,1.0377547214549345,1.0377547214549345
6,CMS-1355,THEOPHYLLINE,Cn1c(=O)c2[nH]cnc2n(C)c1=O,Cn1c(=O)c2[nH]cnc2n(C)c1=O,Benchmark RF,/Users/tanvir/Desktop/skin/skin-permeation-reproduction-project/models/reproduction/benchmark/RF.joblib,-6.902628234383597,-7.125,-7.125,-7.125,0.22237176561640304,0.22237176561640304,0.22237176561640304,0.22237176561640304
7,CMS-976,2-NITRO-P-PHENYLENEDIAMINE,Nc1ccc(N)c([N+](=O)[O-])c1,Nc1ccc(N)c([N+](=O)[O-])c1,Benchmark RF,/Users/tanvir/Desktop/skin/skin-permeation-reproduction-project/models/reproduction/benchmark/RF.joblib,-6.283186199585379,-6.857,-6.857,-6.857,0.5738138004146212,0.5738138004146212,0.5738138004146212,0.5738138004146212
8,CMS-1949,DIETHYLTOLUAMIDE,CCN(CC)C(=O)c1cccc(C)c1,CCN(CC)C(=O)c1cccc(C)c1,Benchmark RF,/Users/tanvir/Desktop/skin/skin-permeation-reproduction-project/models/reproduction/benchmark/RF.joblib,-5.203622897592683,-8.352 | -7.699 | -7.561 | -7.535 | -7.477 | -7.474 | -7.392 | -7.158 | -6.954 | -6.792 | -6.78 | -6.446,-6.446,-7.301667,1.2423771024073167,1.2423771024073167,2.098044102407317,2.098044102407317
9,CMS-1305,SUCROSE,OC[C@H]1O[C@H](O[C@]2(CO)O[C@H](CO)[C@@H](O)[C@@H]2O)[C@H](O)[C@@H](O)[C@@H]1O,OC[C@H]1O[C@@](CO)(O[C@H]2O[C@H](CO)[C@@H](O)[C@H](O)[C@H]2O)[C@@H](O)[C@@H]1O,Benchmark RF,/Users/tanvir/Desktop/skin/skin-permeation-reproduction-project/models/reproduction/benchmark/RF.joblib,-7.966289249481537,-8.84 | -8.583 | -8.075,-8.075,-8.5845,0.10871075051846191,0.10871075051846191,0.6182107505184629,0.6182107505184629
10,CMS-240,CAFFEINE,Cn1c(=O)c2c(ncn2C)n(C)c1=O,Cn1c(=O)c2c(ncn2C)n(C)c1=O,Benchmark RF,/Users/tanvir/Desktop/skin/skin-permeation-reproduction-project/models/reproduction/benchmark/RF.joblib,-6.8566029406977265,-7.556 | -7.145 | -7.053 | -6.915 | -6.828 | -6.541 | -6.352,-6.828,-6.912857,-0.028602940697726176,0.028602940697726176,0.05625405930227334,0.05625405930227334
11,CMS-620,DI(2-ETHYLHEXYL) PHTHALATE,CCCCC(CC)COC(=O)c1ccccc1C(=O)OCC(CC)CCCC,CCCCC(CC)COC(=O)c1ccccc1C(=O)OCC(CC)CCCC,Benchmark RF,/Users/tanvir/Desktop/skin/skin-permeation-reproduction-project/models/reproduction/benchmark/RF.joblib,-6.906948451621999,-10.535 | -8.8 | -7.653,-7.653,-8.996,0.7460515483780004,0.7460515483780004,2.089051548378001,2.089051548378001
12,CMS-3625,"3,4-XYLENOL",Cc1ccc(O)cc1C,Cc1ccc(O)cc1C,Benchmark RF,/Users/tanvir/Desktop/skin/skin-permeation-reproduction-project/models/reproduction/benchmark/RF.joblib,-5.046504167433953,-5,-5.0,-5.0,-0.04650416743395258,0.04650416743395258,-0.04650416743395258,0.04650416743395258
13,CMS-4841,PHENETHYL ALCOHOL,OCCc1ccccc1,OCCc1ccccc1,Benchmark RF,/Users/tanvir/Desktop/skin/skin-permeation-reproduction-project/models/reproduction/benchmark/RF.joblib,-5.305382368492155,-5.276,-5.276,-5.276,-0.02938236849215503,0.02938236849215503,-0.02938236849215503,0.02938236849215503
14,CMS-8324,"1,2,4-BENZENETRIOL",Oc1ccc(O)c(O)c1,Oc1ccc(O)c(O)c1,Benchmark RF,/Users/tanvir/Desktop/skin/skin-permeation-reproduction-project/models/reproduction/benchmark/RF.joblib,-7.088579530494373,-7.456,-7.456,-7.456,0.36742046950562735,0.36742046950562735,0.36742046950562735,0.36742046950562735
15,CMS-3639,ETHYLENE GLYCOL MONOBUTYL ETHER,CCCCOCCO,CCCCOCCO,Benchmark RF,/Users/tanvir/Desktop/skin/skin-permeation-reproduction-project/models/reproduction/benchmark/RF.joblib,-5.79260206425935,-7.226 | -5.34,-5.34,-6.283,-0.45260206425935046,0.45260206425935046,0.49039793574065005,0.49039793574065005
16,CMS-731,HYDROQUINONE,Oc1ccc(O)cc1,Oc1ccc(O)cc1,Benchmark RF,/Users/tanvir/Desktop/skin/skin-permeation-reproduction-project/models/reproduction/benchmark/RF.joblib,-6.625427969742756,-8.586 | -6.506,-6.506,-7.546,-0.11942796974275538,0.11942796974275538,0.9205720302572447,0.9205720302572447
17,CMS-3690,ETHYLENE GLYCOL MONOMETHYL ETHER,COCCO,COCCO,Benchmark RF,/Users/tanvir/Desktop/skin/skin-permeation-reproduction-project/models/reproduction/benchmark/RF.joblib,-6.272639690521976,-6.095,-6.095,-6.095,-0.1776396905219766,0.1776396905219766,-0.1776396905219766,0.1776396905219766
18,CMS-3700,M-CRESOL,Cc1cccc(O)c1,Cc1cccc(O)c1,Benchmark RF,/Users/tanvir/Desktop/skin/skin-permeation-reproduction-project/models/reproduction/benchmark/RF.joblib,-5.308291389656177,-5.373,-5.373,-5.373,0.06470861034382303,0.06470861034382303,0.06470861034382303,0.06470861034382303
19,CMS-1797,O-CRESOL,Cc1ccccc1O,Cc1ccccc1O,Benchmark RF,/Users/tanvir/Desktop/skin/skin-permeation-reproduction-project/models/reproduction/benchmark/RF.joblib,-5.313130834100624,-5.36,-5.36,-5.36,0.046869165899376064,0.046869165899376064,0.046869165899376064,0.046869165899376064
20,CMS-1848,P-CRESOL,Cc1ccc(O)cc1,Cc1ccc(O)cc1,Benchmark RF,/Users/tanvir/Desktop/skin/skin-permeation-reproduction-project/models/reproduction/benchmark/RF.joblib,-5.246470278545065,-5.313 | -4.477,-5.313,-4.895,0.06652972145493496,0.06652972145493496,-0.3514702785450652,0.3514702785450652
21,CMS-1937,P-ETHYLPHENOL,CCc1ccc(O)cc1,CCc1ccc(O)cc1,Benchmark RF,/Users/tanvir/Desktop/skin/skin-permeation-reproduction-project/models/reproduction/benchmark/RF.joblib,-5.047616389656171,-5.014,-5.014,-5.014,-0.03361638965617075,0.03361638965617075,-0.03361638965617075,0.03361638965617075
23,CMS-1253,RESORCINOL,Oc1cccc(O)c1,Oc1cccc(O)c1,Benchmark RF,/Users/tanvir/Desktop/skin/skin-permeation-reproduction-project/models/reproduction/benchmark/RF.joblib,-6.370263797063583,-7.176 | -6.626,-6.626,-6.901,0.25573620293641763,0.25573620293641763,0.5307362029364171,0.5307362029364171
24,CMS-1936,ETHYLENE GLYCOL MONOPHENYL ETHER,OCCOc1ccccc1,OCCOc1ccccc1,Benchmark RF,/Users/tanvir/Desktop/skin/skin-permeation-reproduction-project/models/reproduction/benchmark/RF.joblib,-5.960886305481095,-6.43,-6.43,-6.43,0.4691136945189047,0.4691136945189047,0.4691136945189047,0.4691136945189047
25,CMS-1750,BUTYL ALCOHOL,CCCCO,CCCCO,Benchmark RF,/Users/tanvir/Desktop/skin/skin-permeation-reproduction-project/models/reproduction/benchmark/RF.joblib,-5.995849246799036,-7.778 | -6.556 | -6.214 | -6.158 | -6.079 | -5.816 | -5.659 | -5.481 | -5.193 | -5.079 | -4.703,-6.079,-5.9405,0.08315075320096366,0.08315075320096366,-0.05534924679903597,0.05534924679903597
26,CMS-1898,HEXYL ALCOHOL,CCCCCCO,CCCCCCO,Benchmark RF,/Users/tanvir/Desktop/skin/skin-permeation-reproduction-project/models/reproduction/benchmark/RF.joblib,-5.16308083410062,-7.84 | -7.012 | -5.778 | -5.637 | -5.442 | -5.284 | -5.255 | -5.114 | -5.051 | -4.888 | -4.859 | -2.442,-5.114,-5.388,-0.0490808341006197,0.0490808341006197,0.22491916589938032,0.22491916589938032
27,CMS-110,ASPIRIN,CC(=O)Oc1ccccc1C(=O)O,CC(=O)Oc1ccccc1C(=O)O,Benchmark RF,/Users/tanvir/Desktop/skin/skin-permeation-reproduction-project/models/reproduction/benchmark/RF.joblib,-5.676532199086598,-5.696,-5.696,-5.696,0.019467800913401945,0.019467800913401945,0.019467800913401945,0.019467800913401945
29,CMS-4496,METHYL SALICYLATE,COC(=O)c1ccccc1O,COC(=O)c1ccccc1O,Benchmark RF,/Users/tanvir/Desktop/skin/skin-permeation-reproduction-project/models/reproduction/benchmark/RF.joblib,-5.1854950139947995,-5,-5.0,-5.0,-0.1854950139947995,0.1854950139947995,-0.1854950139947995,0.1854950139947995
31,CMS-1136,PHENOL,Oc1ccccc1,Oc1ccccc1,Benchmark RF,/Users/tanvir/Desktop/skin/skin-permeation-reproduction-project/models/reproduction/benchmark/RF.joblib,-6.0820305166403035,-5.614 | -5.586,-5.614,-5.6,-0.4680305166403036,0.4680305166403036,-0.48203051664030383,0.48203051664030383
32,CMS-3806,ACETIC ACID,CC(=O)O,CC(=O)O,Benchmark RF,/Users/tanvir/Desktop/skin/skin-permeation-reproduction-project/models/reproduction/benchmark/RF.joblib,-6.345921267001055,-6.079,-6.079,-6.079,-0.266921267001055,0.266921267001055,-0.266921267001055,0.266921267001055
33,CMS-14254,ALPHA-BUTYL-OMEGA-HYDROXYPOLY(OXYETHYLENE) POLY(OXYPROPYLENE),CCCCO,CCCCO,Benchmark RF,/Users/tanvir/Desktop/skin/skin-permeation-reproduction-project/models/reproduction/benchmark/RF.joblib,-5.995849246799036,-7.778 | -6.556 | -6.214 | -6.158 | -6.079 | -5.816 | -5.659 | -5.481 | -5.193 | -5.079 | -4.703,-6.079,-5.9405,0.08315075320096366,0.08315075320096366,-0.05534924679903597,0.05534924679903597
34,CMS-4846,SALICYLIC ACID,O=C(O)c1ccccc1O,O=C(O)c1ccccc1O,Benchmark RF,/Users/tanvir/Desktop/skin/skin-permeation-reproduction-project/models/reproduction/benchmark/RF.joblib,-5.851598135687924,-7.556 | -6.588 | -6.216 | -5.76 | -5.416 | -5.136,-5.76,-6.112,-0.0915981356879243,0.0915981356879243,0.260401864312076,0.260401864312076
35,CMS-1379,TOLUENE,Cc1ccccc1,Cc1ccccc1,Benchmark RF,/Users/tanvir/Desktop/skin/skin-permeation-reproduction-project/models/reproduction/benchmark/RF.joblib,-4.089688611878399,-3.637,-3.637,-3.637,-0.45268861187839926,0.45268861187839926,-0.45268861187839926,0.45268861187839926
36,CMS-1541,DIETHYLENE GLYCOL MONOBUTYL ETHER,CCCCOCCOCCO,CCCCOCCOCCO,Benchmark RF,/Users/tanvir/Desktop/skin/skin-permeation-reproduction-project/models/reproduction/benchmark/RF.joblib,-5.794205199179986,-8.004 | -7.071,-7.071,-7.5375,1.2767948008200136,1.2767948008200136,1.7432948008200135,1.7432948008200135
37,CMS-216,BUTYL P-HYDROXYBENZOATE,CCCCOC(=O)c1ccc(O)cc1,CCCCOC(=O)c1ccc(O)cc1,Benchmark RF,/Users/tanvir/Desktop/skin/skin-permeation-reproduction-project/models/reproduction/benchmark/RF.joblib,-4.762163614283402,-4.538,-4.538,-4.538,-0.2241636142834018,0.2241636142834018,-0.2241636142834018,0.2241636142834018
38,CMS-1908,DIETHYLENE GLYCOL MONOETHYL ETHER,CCOCCOCCO,CCOCCOCCO,Benchmark RF,/Users/tanvir/Desktop/skin/skin-permeation-reproduction-project/models/reproduction/benchmark/RF.joblib,-6.192543929338717,-7.436,-7.436,-7.436,1.2434560706612832,1.2434560706612832,1.2434560706612832,1.2434560706612832
39,CMS-263,CATECHOL,Oc1ccccc1O,Oc1ccccc1O,Benchmark RF,/Users/tanvir/Desktop/skin/skin-permeation-reproduction-project/models/reproduction/benchmark/RF.joblib,-6.1032023860108655,-6.066,-6.066,-6.066,-0.03720238601086567,0.03720238601086567,-0.03720238601086567,0.03720238601086567
40,CMS-3637,ETHYLENE GLYCOL MONOETHYL ETHER,CCOCCO,CCOCCO,Benchmark RF,/Users/tanvir/Desktop/skin/skin-permeation-reproduction-project/models/reproduction/benchmark/RF.joblib,-6.205796125105913,-7.785 | -7.687 | -7.158 | -6.631 | -5.647 | -5.63 | -5.545 | -5.544,-6.631,-6.531667,0.4252038748940876,0.4252038748940876,0.32587087489408706,0.32587087489408706
41,CMS-1740,DIETHYL ETHER,CCOCC,CCOCC,Benchmark RF,/Users/tanvir/Desktop/skin/skin-permeation-reproduction-project/models/reproduction/benchmark/RF.joblib,-5.668508241508027,-5.352,-5.352,-5.352,-0.3165082415080267,0.3165082415080267,-0.3165082415080267,0.3165082415080267
42,CMS-1746,METHYL ALCOHOL,CO,CO,Benchmark RF,/Users/tanvir/Desktop/skin/skin-permeation-reproduction-project/models/reproduction/benchmark/RF.joblib,-6.681580672965451,-6.857 | -6.556 | -6.352 | -5.539 | -5.195 | -4.832 | -3.857,-6.556,-5.598286,-0.12558067296545072,0.12558067296545072,-1.083294672965451,1.083294672965451
43,CMS-4141,DIETHYLENE GLYCOL MONOMETHYL ETHER,COCCOCCO,COCCOCCO,Benchmark RF,/Users/tanvir/Desktop/skin/skin-permeation-reproduction-project/models/reproduction/benchmark/RF.joblib,-6.191804392301679,-7.242,-7.242,-7.242,1.0501956076983214,1.0501956076983214,1.0501956076983214,1.0501956076983214
44,CMS-2411,PROPYL P-HYDROXYBENZOATE,CCCOC(=O)c1ccc(O)cc1,CCCOC(=O)c1ccc(O)cc1,Benchmark RF,/Users/tanvir/Desktop/skin/skin-permeation-reproduction-project/models/reproduction/benchmark/RF.joblib,-5.075361849844137,-5.41,-5.41,-5.41,0.33463815015586285,0.33463815015586285,0.33463815015586285,0.33463815015586285
45,CMS-7285,THYMOL,Cc1ccc(C(C)C)c(O)c1,Cc1ccc(C(C)C)c(O)c1,Benchmark RF,/Users/tanvir/Desktop/skin/skin-permeation-reproduction-project/models/reproduction/benchmark/RF.joblib,-4.778010569550354,-4.86 | -4.834 | -4.77,-4.77,-4.821333,-0.008010569550354063,0.008010569550354063,0.043322430449646454,0.043322430449646454
46,CMS-147,BENZOIC ACID,O=C(O)c1ccccc1,O=C(O)c1ccccc1,Benchmark RF,/Users/tanvir/Desktop/skin/skin-permeation-reproduction-project/models/reproduction/benchmark/RF.joblib,-5.506091151560938,-5.675 | -5.156,-5.675,-5.4155,0.16890884843906218,0.16890884843906218,-0.09059115156093789,0.09059115156093789
47,CMS-595,ETHYL ALCOHOL,CCO,CCO,Benchmark RF,/Users/tanvir/Desktop/skin/skin-permeation-reproduction-project/models/reproduction/benchmark/RF.joblib,-6.476524961084754,-7.079 | -7.055 | -6.699 | -6.653 | -6.556 | -6.352 | -6.278 | -5.711 | -5.214 | -5.012 | -3.653,-6.556,-6.023818,0.07947503891524565,0.07947503891524565,-0.45270696108475406,0.45270696108475406
49,CMS-2413,METHYL P-HYDROXYBENZOATE,COC(=O)c1ccc(O)cc1,COC(=O)c1ccc(O)cc1,Benchmark RF,/Users/tanvir/Desktop/skin/skin-permeation-reproduction-project/models/reproduction/benchmark/RF.joblib,-5.463879392301677,-5.634 | -5.632 | -5.596 | -5.23,-5.596,-5.523,0.13212060769832323,0.13212060769832323,0.059120607698322836,0.059120607698322836
50,CMS-3038,MANNITOL,OC[C@@H](O)[C@@H](O)[C@H](O)[C@H](O)CO,OC[C@@H](O)[C@@H](O)[C@H](O)[C@H](O)CO,Benchmark RF,/Users/tanvir/Desktop/skin/skin-permeation-reproduction-project/models/reproduction/benchmark/RF.joblib,-7.910633115576829,-8.158 | -7.923 | -7.81 | -7.771,-7.923,-7.9155,0.012366884423171243,0.012366884423171243,0.0048668844231709585,0.0048668844231709585
51,CMS-3340,D-SORBITOL,OC[C@@H](O)[C@@H](O)[C@H](O)[C@H](O)CO,OC[C@@H](O)[C@@H](O)[C@H](O)[C@H](O)CO,Benchmark RF,/Users/tanvir/Desktop/skin/skin-permeation-reproduction-project/models/reproduction/benchmark/RF.joblib,-7.910633115576829,-8.158 | -7.923 | -7.81 | -7.771,-7.923,-7.9155,0.012366884423171243,0.012366884423171243,0.0048668844231709585,0.0048668844231709585
52,CMS-1446,UREA,NC(N)=O,NC(N)=O,Benchmark RF,/Users/tanvir/Desktop/skin/skin-permeation-reproduction-project/models/reproduction/benchmark/RF.joblib,-7.298864338374123,-7.386 | -7.317,-7.317,-7.3515,0.018135661625876764,0.018135661625876764,0.052635661625876295,0.052635661625876295
0,CMS-138,BENZENE,c1ccccc1,c1ccccc1,Benchmark ElasticNet,/Users/tanvir/Desktop/skin/skin-permeation-reproduction-project/models/reproduction/benchmark/ElasticNet.joblib,-5.0430654199026765,-4.511 | -4.352,-4.511,-4.4315,-0.5320654199026764,0.5320654199026764,-0.6115654199026768,0.6115654199026768
1,CMS-1150,P-PHENYLENEDIAMINE,Nc1ccc(N)cc1,Nc1ccc(N)cc1,Benchmark ElasticNet,/Users/tanvir/Desktop/skin/skin-permeation-reproduction-project/models/reproduction/benchmark/ElasticNet.joblib,-6.82502924585669,-7.176,-7.176,-7.176,0.3509707541433098,0.3509707541433098,0.3509707541433098,0.3509707541433098
3,CMS-922,MONOCHLOROACETIC ACID--PROHIBITED,O=C(O)CCl,O=C(O)CCl,Benchmark ElasticNet,/Users/tanvir/Desktop/skin/skin-permeation-reproduction-project/models/reproduction/benchmark/ElasticNet.joblib,-6.329072826100001,-6.515,-6.515,-6.515,0.1859271738999988,0.1859271738999988,0.1859271738999988,0.1859271738999988
4,CMS-1784,1-NAPHTHOL,Oc1cccc2ccccc12,Oc1cccc2ccccc12,Benchmark ElasticNet,/Users/tanvir/Desktop/skin/skin-permeation-reproduction-project/models/reproduction/benchmark/ElasticNet.joblib,-5.312464748974671,-5.141,-5.141,-5.141,-0.171464748974671,0.171464748974671,-0.171464748974671,0.171464748974671
5,CMS-1163,O-PHENYLPHENOL,Oc1ccccc1-c1ccccc1,Oc1ccccc1-c1ccccc1,Benchmark ElasticNet,/Users/tanvir/Desktop/skin/skin-permeation-reproduction-project/models/reproduction/benchmark/ElasticNet.joblib,-5.032480044851365,-6.355 | -5.294,-5.294,-5.8245,0.2615199551486347,0.2615199551486347,0.7920199551486347,0.7920199551486347
6,CMS-1355,THEOPHYLLINE,Cn1c(=O)c2[nH]cnc2n(C)c1=O,Cn1c(=O)c2[nH]cnc2n(C)c1=O,Benchmark ElasticNet,/Users/tanvir/Desktop/skin/skin-permeation-reproduction-project/models/reproduction/benchmark/ElasticNet.joblib,-7.1183509636134445,-7.125,-7.125,-7.125,0.006649036386555451,0.006649036386555451,0.006649036386555451,0.006649036386555451
7,CMS-976,2-NITRO-P-PHENYLENEDIAMINE,Nc1ccc(N)c([N+](=O)[O-])c1,Nc1ccc(N)c([N+](=O)[O-])c1,Benchmark ElasticNet,/Users/tanvir/Desktop/skin/skin-permeation-reproduction-project/models/reproduction/benchmark/ElasticNet.joblib,-7.154275529065227,-6.857,-6.857,-6.857,-0.29727552906522714,0.29727552906522714,-0.29727552906522714,0.29727552906522714
8,CMS-1949,DIETHYLTOLUAMIDE,CCN(CC)C(=O)c1cccc(C)c1,CCN(CC)C(=O)c1cccc(C)c1,Benchmark ElasticNet,/Users/tanvir/Desktop/skin/skin-permeation-reproduction-project/models/reproduction/benchmark/ElasticNet.joblib,-5.471858861277447,-8.352 | -7.699 | -7.561 | -7.535 | -7.477 | -7.474 | -7.392 | -7.158 | -6.954 | -6.792 | -6.78 | -6.446,-6.446,-7.301667,0.9741411387225529,0.9741411387225529,1.8298081387225533,1.8298081387225533
9,CMS-1305,SUCROSE,OC[C@H]1O[C@H](O[C@]2(CO)O[C@H](CO)[C@@H](O)[C@@H]2O)[C@H](O)[C@@H](O)[C@@H]1O,OC[C@H]1O[C@@](CO)(O[C@H]2O[C@H](CO)[C@@H](O)[C@H](O)[C@H]2O)[C@@H](O)[C@@H]1O,Benchmark ElasticNet,/Users/tanvir/Desktop/skin/skin-permeation-reproduction-project/models/reproduction/benchmark/ElasticNet.joblib,-8.012921811792838,-8.84 | -8.583 | -8.075,-8.075,-8.5845,0.06207818820716149,0.06207818820716149,0.5715781882071624,0.5715781882071624
10,CMS-240,CAFFEINE,Cn1c(=O)c2c(ncn2C)n(C)c1=O,Cn1c(=O)c2c(ncn2C)n(C)c1=O,Benchmark ElasticNet,/Users/tanvir/Desktop/skin/skin-permeation-reproduction-project/models/reproduction/benchmark/ElasticNet.joblib,-7.044254487399581,-7.556 | -7.145 | -7.053 | -6.915 | -6.828 | -6.541 | -6.352,-7.053,-6.912857,0.008745512600419225,0.008745512600419225,-0.1313974873995809,0.1313974873995809
11,CMS-620,DI(2-ETHYLHEXYL) PHTHALATE,CCCCC(CC)COC(=O)c1ccccc1C(=O)OCC(CC)CCCC,CCCCC(CC)COC(=O)c1ccccc1C(=O)OCC(CC)CCCC,Benchmark ElasticNet,/Users/tanvir/Desktop/skin/skin-permeation-reproduction-project/models/reproduction/benchmark/ElasticNet.joblib,-7.081547503867139,-10.535 | -8.8 | -7.653,-7.653,-8.996,0.5714524961328609,0.5714524961328609,1.9144524961328617,1.9144524961328617
12,CMS-3625,"3,4-XYLENOL",Cc1ccc(O)cc1C,Cc1ccc(O)cc1C,Benchmark ElasticNet,/Users/tanvir/Desktop/skin/skin-permeation-reproduction-project/models/reproduction/benchmark/ElasticNet.joblib,-5.301471706221813,-5,-5.0,-5.0,-0.30147170622181285,0.30147170622181285,-0.30147170622181285,0.30147170622181285
13,CMS-4841,PHENETHYL ALCOHOL,OCCc1ccccc1,OCCc1ccccc1,Benchmark ElasticNet,/Users/tanvir/Desktop/skin/skin-permeation-reproduction-project/models/reproduction/benchmark/ElasticNet.joblib,-5.100967224459009,-5.276,-5.276,-5.276,0.1750327755409904,0.1750327755409904,0.1750327755409904,0.1750327755409904
14,CMS-8324,"1,2,4-BENZENETRIOL",Oc1ccc(O)c(O)c1,Oc1ccc(O)c(O)c1,Benchmark ElasticNet,/Users/tanvir/Desktop/skin/skin-permeation-reproduction-project/models/reproduction/benchmark/ElasticNet.joblib,-6.601673419068643,-7.456,-7.456,-7.456,0.8543265809313576,0.8543265809313576,0.8543265809313576,0.8543265809313576
15,CMS-3639,ETHYLENE GLYCOL MONOBUTYL ETHER,CCCCOCCO,CCCCOCCO,Benchmark ElasticNet,/Users/tanvir/Desktop/skin/skin-permeation-reproduction-project/models/reproduction/benchmark/ElasticNet.joblib,-5.73495149693359,-7.226 | -5.34,-5.34,-6.283,-0.3949514969335901,0.3949514969335901,0.5480485030664104,0.5480485030664104
16,CMS-731,HYDROQUINONE,Oc1ccc(O)cc1,Oc1ccc(O)cc1,Benchmark ElasticNet,/Users/tanvir/Desktop/skin/skin-permeation-reproduction-project/models/reproduction/benchmark/ElasticNet.joblib,-6.275532227860778,-8.586 | -6.506,-6.506,-7.546,0.23046777213922187,0.23046777213922187,1.270467772139222,1.270467772139222
17,CMS-3690,ETHYLENE GLYCOL MONOMETHYL ETHER,COCCO,COCCO,Benchmark ElasticNet,/Users/tanvir/Desktop/skin/skin-permeation-reproduction-project/models/reproduction/benchmark/ElasticNet.joblib,-6.231083330033249,-6.095,-6.095,-6.095,-0.1360833300332489,0.1360833300332489,-0.1360833300332489,0.1360833300332489
18,CMS-3700,M-CRESOL,Cc1cccc(O)c1,Cc1cccc(O)c1,Benchmark ElasticNet,/Users/tanvir/Desktop/skin/skin-permeation-reproduction-project/models/reproduction/benchmark/ElasticNet.joblib,-5.421969118112431,-5.373,-5.373,-5.373,-0.04896911811243054,0.04896911811243054,-0.04896911811243054,0.04896911811243054
19,CMS-1797,O-CRESOL,Cc1ccccc1O,Cc1ccccc1O,Benchmark ElasticNet,/Users/tanvir/Desktop/skin/skin-permeation-reproduction-project/models/reproduction/benchmark/ElasticNet.joblib,-5.319197626391233,-5.36,-5.36,-5.36,0.04080237360876726,0.04080237360876726,0.04080237360876726,0.04080237360876726
20,CMS-1848,P-CRESOL,Cc1ccc(O)cc1,Cc1ccc(O)cc1,Benchmark ElasticNet,/Users/tanvir/Desktop/skin/skin-permeation-reproduction-project/models/reproduction/benchmark/ElasticNet.joblib,-5.388560127618163,-5.313 | -4.477,-5.313,-4.895,-0.07556012761816344,0.07556012761816344,-0.4935601276181636,0.4935601276181636
21,CMS-1937,P-ETHYLPHENOL,CCc1ccc(O)cc1,CCc1ccc(O)cc1,Benchmark ElasticNet,/Users/tanvir/Desktop/skin/skin-permeation-reproduction-project/models/reproduction/benchmark/ElasticNet.joblib,-5.063168332101778,-5.014,-5.014,-5.014,-0.049168332101777956,0.049168332101777956,-0.049168332101777956,0.049168332101777956
23,CMS-1253,RESORCINOL,Oc1cccc(O)c1,Oc1cccc(O)c1,Benchmark ElasticNet,/Users/tanvir/Desktop/skin/skin-permeation-reproduction-project/models/reproduction/benchmark/ElasticNet.joblib,-6.179068668931206,-7.176 | -6.626,-6.626,-6.901,0.4469313310687939,0.4469313310687939,0.7219313310687934,0.7219313310687934
24,CMS-1936,ETHYLENE GLYCOL MONOPHENYL ETHER,OCCOc1ccccc1,OCCOc1ccccc1,Benchmark ElasticNet,/Users/tanvir/Desktop/skin/skin-permeation-reproduction-project/models/reproduction/benchmark/ElasticNet.joblib,-5.334518888378338,-6.43,-6.43,-6.43,1.0954811116216616,1.0954811116216616,1.0954811116216616,1.0954811116216616
25,CMS-1750,BUTYL ALCOHOL,CCCCO,CCCCO,Benchmark ElasticNet,/Users/tanvir/Desktop/skin/skin-permeation-reproduction-project/models/reproduction/benchmark/ElasticNet.joblib,-5.777937616365332,-7.778 | -6.556 | -6.214 | -6.158 | -6.079 | -5.816 | -5.659 | -5.481 | -5.193 | -5.079 | -4.703,-5.816,-5.9405,0.03806238363466807,0.03806238363466807,0.16256238363466835,0.16256238363466835
26,CMS-1898,HEXYL ALCOHOL,CCCCCCO,CCCCCCO,Benchmark ElasticNet,/Users/tanvir/Desktop/skin/skin-permeation-reproduction-project/models/reproduction/benchmark/ElasticNet.joblib,-5.327222670272363,-7.84 | -7.012 | -5.778 | -5.637 | -5.442 | -5.284 | -5.255 | -5.114 | -5.051 | -4.888 | -4.859 | -2.442,-5.284,-5.388,-0.04322267027236304,0.04322267027236304,0.06077732972763705,0.06077732972763705
27,CMS-110,ASPIRIN,CC(=O)Oc1ccccc1C(=O)O,CC(=O)Oc1ccccc1C(=O)O,Benchmark ElasticNet,/Users/tanvir/Desktop/skin/skin-permeation-reproduction-project/models/reproduction/benchmark/ElasticNet.joblib,-5.623312926606871,-5.696,-5.696,-5.696,0.07268707339312908,0.07268707339312908,0.07268707339312908,0.07268707339312908
29,CMS-4496,METHYL SALICYLATE,COC(=O)c1ccccc1O,COC(=O)c1ccccc1O,Benchmark ElasticNet,/Users/tanvir/Desktop/skin/skin-permeation-reproduction-project/models/reproduction/benchmark/ElasticNet.joblib,-5.093267396828874,-5,-5.0,-5.0,-0.09326739682887375,0.09326739682887375,-0.09326739682887375,0.09326739682887375
31,CMS-1136,PHENOL,Oc1ccccc1,Oc1ccccc1,Benchmark ElasticNet,/Users/tanvir/Desktop/skin/skin-permeation-reproduction-project/models/reproduction/benchmark/ElasticNet.joblib,-5.61436372605537,-5.614 | -5.586,-5.614,-5.6,-0.00036372605536971747,0.00036372605536971747,-0.014363726055369952,0.014363726055369952
32,CMS-3806,ACETIC ACID,CC(=O)O,CC(=O)O,Benchmark ElasticNet,/Users/tanvir/Desktop/skin/skin-permeation-reproduction-project/models/reproduction/benchmark/ElasticNet.joblib,-6.63319281902854,-6.079,-6.079,-6.079,-0.5541928190285406,0.5541928190285406,-0.5541928190285406,0.5541928190285406
33,CMS-14254,ALPHA-BUTYL-OMEGA-HYDROXYPOLY(OXYETHYLENE) POLY(OXYPROPYLENE),CCCCO,CCCCO,Benchmark ElasticNet,/Users/tanvir/Desktop/skin/skin-permeation-reproduction-project/models/reproduction/benchmark/ElasticNet.joblib,-5.777937616365332,-7.778 | -6.556 | -6.214 | -6.158 | -6.079 | -5.816 | -5.659 | -5.481 | -5.193 | -5.079 | -4.703,-5.816,-5.9405,0.03806238363466807,0.03806238363466807,0.16256238363466835,0.16256238363466835
34,CMS-4846,SALICYLIC ACID,O=C(O)c1ccccc1O,O=C(O)c1ccccc1O,Benchmark ElasticNet,/Users/tanvir/Desktop/skin/skin-permeation-reproduction-project/models/reproduction/benchmark/ElasticNet.joblib,-6.438712340443855,-7.556 | -6.588 | -6.216 | -5.76 | -5.416 | -5.136,-6.588,-6.112,0.14928765955614498,0.14928765955614498,-0.326712340443855,0.326712340443855
35,CMS-1379,TOLUENE,Cc1ccccc1,Cc1ccccc1,Benchmark ElasticNet,/Users/tanvir/Desktop/skin/skin-permeation-reproduction-project/models/reproduction/benchmark/ElasticNet.joblib,-4.705966104757797,-3.637,-3.637,-3.637,-1.0689661047577972,1.0689661047577972,-1.0689661047577972,1.0689661047577972
36,CMS-1541,DIETHYLENE GLYCOL MONOBUTYL ETHER,CCCCOCCOCCO,CCCCOCCOCCO,Benchmark ElasticNet,/Users/tanvir/Desktop/skin/skin-permeation-reproduction-project/models/reproduction/benchmark/ElasticNet.joblib,-5.768725371514435,-8.004 | -7.071,-7.071,-7.5375,1.3022746284855646,1.3022746284855646,1.7687746284855645,1.7687746284855645
37,CMS-216,BUTYL P-HYDROXYBENZOATE,CCCCOC(=O)c1ccc(O)cc1,CCCCOC(=O)c1ccc(O)cc1,Benchmark ElasticNet,/Users/tanvir/Desktop/skin/skin-permeation-reproduction-project/models/reproduction/benchmark/ElasticNet.joblib,-5.1343445861019905,-4.538,-4.538,-4.538,-0.5963445861019903,0.5963445861019903,-0.5963445861019903,0.5963445861019903
38,CMS-1908,DIETHYLENE GLYCOL MONOETHYL ETHER,CCOCCOCCO,CCOCCOCCO,Benchmark ElasticNet,/Users/tanvir/Desktop/skin/skin-permeation-reproduction-project/models/reproduction/benchmark/ElasticNet.joblib,-6.054494305835391,-7.436,-7.436,-7.436,1.381505694164609,1.381505694164609,1.381505694164609,1.381505694164609
39,CMS-263,CATECHOL,Oc1ccccc1O,Oc1ccccc1O,Benchmark ElasticNet,/Users/tanvir/Desktop/skin/skin-permeation-reproduction-project/models/reproduction/benchmark/ElasticNet.joblib,-6.203031371873191,-6.066,-6.066,-6.066,-0.13703137187319125,0.13703137187319125,-0.13703137187319125,0.13703137187319125
40,CMS-3637,ETHYLENE GLYCOL MONOETHYL ETHER,CCOCCO,CCOCCO,Benchmark ElasticNet,/Users/tanvir/Desktop/skin/skin-permeation-reproduction-project/models/reproduction/benchmark/ElasticNet.joblib,-6.169991717614973,-7.785 | -7.687 | -7.158 | -6.631 | -5.647 | -5.63 | -5.545 | -5.544,-6.631,-6.531667,0.461008282385027,0.461008282385027,0.36167528238502644,0.36167528238502644
41,CMS-1740,DIETHYL ETHER,CCOCC,CCOCC,Benchmark ElasticNet,/Users/tanvir/Desktop/skin/skin-permeation-reproduction-project/models/reproduction/benchmark/ElasticNet.joblib,-5.369212949840743,-5.352,-5.352,-5.352,-0.01721294984074273,0.01721294984074273,-0.01721294984074273,0.01721294984074273
42,CMS-1746,METHYL ALCOHOL,CO,CO,Benchmark ElasticNet,/Users/tanvir/Desktop/skin/skin-permeation-reproduction-project/models/reproduction/benchmark/ElasticNet.joblib,-6.676035629913275,-6.857 | -6.556 | -6.352 | -5.539 | -5.195 | -4.832 | -3.857,-6.556,-5.598286,-0.12003562991327499,0.12003562991327499,-1.0777496299132752,1.0777496299132752
43,CMS-4141,DIETHYLENE GLYCOL MONOMETHYL ETHER,COCCOCCO,COCCOCCO,Benchmark ElasticNet,/Users/tanvir/Desktop/skin/skin-permeation-reproduction-project/models/reproduction/benchmark/ElasticNet.joblib,-6.163740601115176,-7.242,-7.242,-7.242,1.078259398884824,1.078259398884824,1.078259398884824,1.078259398884824
44,CMS-2411,PROPYL P-HYDROXYBENZOATE,CCCOC(=O)c1ccc(O)cc1,CCCOC(=O)c1ccc(O)cc1,Benchmark ElasticNet,/Users/tanvir/Desktop/skin/skin-permeation-reproduction-project/models/reproduction/benchmark/ElasticNet.joblib,-5.179129533495458,-5.41,-5.41,-5.41,0.23087046650454202,0.23087046650454202,0.23087046650454202,0.23087046650454202
45,CMS-7285,THYMOL,Cc1ccc(C(C)C)c(O)c1,Cc1ccc(C(C)C)c(O)c1,Benchmark ElasticNet,/Users/tanvir/Desktop/skin/skin-permeation-reproduction-project/models/reproduction/benchmark/ElasticNet.joblib,-4.981195465923149,-4.86 | -4.834 | -4.77,-4.86,-4.821333,-0.12119546592314911,0.12119546592314911,-0.15986246592314934,0.15986246592314934
46,CMS-147,BENZOIC ACID,O=C(O)c1ccccc1,O=C(O)c1ccccc1,Benchmark ElasticNet,/Users/tanvir/Desktop/skin/skin-permeation-reproduction-project/models/reproduction/benchmark/ElasticNet.joblib,-6.014840158758997,-5.675 | -5.156,-5.675,-5.4155,-0.33984015875899676,0.33984015875899676,-0.5993401587589968,0.5993401587589968
47,CMS-595,ETHYL ALCOHOL,CCO,CCO,Benchmark ElasticNet,/Users/tanvir/Desktop/skin/skin-permeation-reproduction-project/models/reproduction/benchmark/ElasticNet.joblib,-6.392798032377762,-7.079 | -7.055 | -6.699 | -6.653 | -6.556 | -6.352 | -6.278 | -5.711 | -5.214 | -5.012 | -3.653,-6.352,-6.023818,-0.04079803237776147,0.04079803237776147,-0.36898003237776145,0.36898003237776145
49,CMS-2413,METHYL P-HYDROXYBENZOATE,COC(=O)c1ccc(O)cc1,COC(=O)c1ccc(O)cc1,Benchmark ElasticNet,/Users/tanvir/Desktop/skin/skin-permeation-reproduction-project/models/reproduction/benchmark/ElasticNet.joblib,-5.302690746821367,-5.634 | -5.632 | -5.596 | -5.23,-5.23,-5.523,-0.07269074682136623,0.07269074682136623,0.22030925317863304,0.22030925317863304
50,CMS-3038,MANNITOL,OC[C@@H](O)[C@@H](O)[C@H](O)[C@H](O)CO,OC[C@@H](O)[C@@H](O)[C@H](O)[C@H](O)CO,Benchmark ElasticNet,/Users/tanvir/Desktop/skin/skin-permeation-reproduction-project/models/reproduction/benchmark/ElasticNet.joblib,-8.040892485889454,-8.158 | -7.923 | -7.81 | -7.771,-8.158,-7.9155,0.1171075141105451,0.1171075141105451,-0.12539248588945462,0.12539248588945462
51,CMS-3340,D-SORBITOL,OC[C@@H](O)[C@@H](O)[C@H](O)[C@H](O)CO,OC[C@@H](O)[C@@H](O)[C@H](O)[C@H](O)CO,Benchmark ElasticNet,/Users/tanvir/Desktop/skin/skin-permeation-reproduction-project/models/reproduction/benchmark/ElasticNet.joblib,-8.040892485889454,-8.158 | -7.923 | -7.81 | -7.771,-8.158,-7.9155,0.1171075141105451,0.1171075141105451,-0.12539248588945462,0.12539248588945462
52,CMS-1446,UREA,NC(N)=O,NC(N)=O,Benchmark ElasticNet,/Users/tanvir/Desktop/skin/skin-permeation-reproduction-project/models/reproduction/benchmark/ElasticNet.joblib,-7.321739206991589,-7.386 | -7.317,-7.317,-7.3515,-0.004739206991589029,0.004739206991589029,0.029760793008410502,0.029760793008410502
0,CMS-138,BENZENE,c1ccccc1,c1ccccc1,Benchmark Stacking Regressor,/Users/tanvir/Desktop/skin/skin-permeation-reproduction-project/models/reproduction/benchmark/StackingRegressor.joblib,-4.870930050313277,-4.511 | -4.352,-4.511,-4.4315,-0.3599300503132765,0.3599300503132765,-0.43943005031327687,0.43943005031327687
1,CMS-1150,P-PHENYLENEDIAMINE,Nc1ccc(N)cc1,Nc1ccc(N)cc1,Benchmark Stacking Regressor,/Users/tanvir/Desktop/skin/skin-permeation-reproduction-project/models/reproduction/benchmark/StackingRegressor.joblib,-7.1223101573428185,-7.176,-7.176,-7.176,0.053689842657181686,0.053689842657181686,0.053689842657181686,0.053689842657181686
3,CMS-922,MONOCHLOROACETIC ACID--PROHIBITED,O=C(O)CCl,O=C(O)CCl,Benchmark Stacking Regressor,/Users/tanvir/Desktop/skin/skin-permeation-reproduction-project/models/reproduction/benchmark/StackingRegressor.joblib,-6.205213686558585,-6.515,-6.515,-6.515,0.30978631344141494,0.30978631344141494,0.30978631344141494,0.30978631344141494
4,CMS-1784,1-NAPHTHOL,Oc1cccc2ccccc12,Oc1cccc2ccccc12,Benchmark Stacking Regressor,/Users/tanvir/Desktop/skin/skin-permeation-reproduction-project/models/reproduction/benchmark/StackingRegressor.joblib,-5.355372893805535,-5.141,-5.141,-5.141,-0.21437289380553537,0.21437289380553537,-0.21437289380553537,0.21437289380553537
5,CMS-1163,O-PHENYLPHENOL,Oc1ccccc1-c1ccccc1,Oc1ccccc1-c1ccccc1,Benchmark Stacking Regressor,/Users/tanvir/Desktop/skin/skin-permeation-reproduction-project/models/reproduction/benchmark/StackingRegressor.joblib,-5.263184798958534,-6.355 | -5.294,-5.294,-5.8245,0.030815201041465734,0.030815201041465734,0.5613152010414657,0.5613152010414657
6,CMS-1355,THEOPHYLLINE,Cn1c(=O)c2[nH]cnc2n(C)c1=O,Cn1c(=O)c2[nH]cnc2n(C)c1=O,Benchmark Stacking Regressor,/Users/tanvir/Desktop/skin/skin-permeation-reproduction-project/models/reproduction/benchmark/StackingRegressor.joblib,-7.336319260140598,-7.125,-7.125,-7.125,-0.21131926014059843,0.21131926014059843,-0.21131926014059843,0.21131926014059843
7,CMS-976,2-NITRO-P-PHENYLENEDIAMINE,Nc1ccc(N)c([N+](=O)[O-])c1,Nc1ccc(N)c([N+](=O)[O-])c1,Benchmark Stacking Regressor,/Users/tanvir/Desktop/skin/skin-permeation-reproduction-project/models/reproduction/benchmark/StackingRegressor.joblib,-6.337269959468845,-6.857,-6.857,-6.857,0.5197300405311553,0.5197300405311553,0.5197300405311553,0.5197300405311553
8,CMS-1949,DIETHYLTOLUAMIDE,CCN(CC)C(=O)c1cccc(C)c1,CCN(CC)C(=O)c1cccc(C)c1,Benchmark Stacking Regressor,/Users/tanvir/Desktop/skin/skin-permeation-reproduction-project/models/reproduction/benchmark/StackingRegressor.joblib,-5.350680026934047,-8.352 | -7.699 | -7.561 | -7.535 | -7.477 | -7.474 | -7.392 | -7.158 | -6.954 | -6.792 | -6.78 | -6.446,-6.446,-7.301667,1.095319973065953,1.095319973065953,1.9509869730659535,1.9509869730659535
9,CMS-1305,SUCROSE,OC[C@H]1O[C@H](O[C@]2(CO)O[C@H](CO)[C@@H](O)[C@@H]2O)[C@H](O)[C@@H](O)[C@@H]1O,OC[C@H]1O[C@@](CO)(O[C@H]2O[C@H](CO)[C@@H](O)[C@H](O)[C@H]2O)[C@@H](O)[C@@H]1O,Benchmark Stacking Regressor,/Users/tanvir/Desktop/skin/skin-permeation-reproduction-project/models/reproduction/benchmark/StackingRegressor.joblib,-8.044494259087388,-8.84 | -8.583 | -8.075,-8.075,-8.5845,0.030505740912611046,0.030505740912611046,0.540005740912612,0.540005740912612
10,CMS-240,CAFFEINE,Cn1c(=O)c2c(ncn2C)n(C)c1=O,Cn1c(=O)c2c(ncn2C)n(C)c1=O,Benchmark Stacking Regressor,/Users/tanvir/Desktop/skin/skin-permeation-reproduction-project/models/reproduction/benchmark/StackingRegressor.joblib,-7.259252411179915,-7.556 | -7.145 | -7.053 | -6.915 | -6.828 | -6.541 | -6.352,-7.145,-6.912857,-0.11425241117991547,0.11425241117991547,-0.34639541117991524,0.34639541117991524
11,CMS-620,DI(2-ETHYLHEXYL) PHTHALATE,CCCCC(CC)COC(=O)c1ccccc1C(=O)OCC(CC)CCCC,CCCCC(CC)COC(=O)c1ccccc1C(=O)OCC(CC)CCCC,Benchmark Stacking Regressor,/Users/tanvir/Desktop/skin/skin-permeation-reproduction-project/models/reproduction/benchmark/StackingRegressor.joblib,-7.279144117624458,-10.535 | -8.8 | -7.653,-7.653,-8.996,0.37385588237554135,0.37385588237554135,1.7168558823755422,1.7168558823755422
12,CMS-3625,"3,4-XYLENOL",Cc1ccc(O)cc1C,Cc1ccc(O)cc1C,Benchmark Stacking Regressor,/Users/tanvir/Desktop/skin/skin-permeation-reproduction-project/models/reproduction/benchmark/StackingRegressor.joblib,-5.168127765191965,-5,-5.0,-5.0,-0.16812776519196504,0.16812776519196504,-0.16812776519196504,0.16812776519196504
13,CMS-4841,PHENETHYL ALCOHOL,OCCc1ccccc1,OCCc1ccccc1,Benchmark Stacking Regressor,/Users/tanvir/Desktop/skin/skin-permeation-reproduction-project/models/reproduction/benchmark/StackingRegressor.joblib,-4.9975645124580215,-5.276,-5.276,-5.276,0.27843548754197833,0.27843548754197833,0.27843548754197833,0.27843548754197833
14,CMS-8324,"1,2,4-BENZENETRIOL",Oc1ccc(O)c(O)c1,Oc1ccc(O)c(O)c1,Benchmark Stacking Regressor,/Users/tanvir/Desktop/skin/skin-permeation-reproduction-project/models/reproduction/benchmark/StackingRegressor.joblib,-6.642617437819135,-7.456,-7.456,-7.456,0.8133825621808652,0.8133825621808652,0.8133825621808652,0.8133825621808652
15,CMS-3639,ETHYLENE GLYCOL MONOBUTYL ETHER,CCCCOCCO,CCCCOCCO,Benchmark Stacking Regressor,/Users/tanvir/Desktop/skin/skin-permeation-reproduction-project/models/reproduction/benchmark/StackingRegressor.joblib,-5.911421024073491,-7.226 | -5.34,-5.34,-6.283,-0.5714210240734907,0.5714210240734907,0.3715789759265098,0.3715789759265098
16,CMS-731,HYDROQUINONE,Oc1ccc(O)cc1,Oc1ccc(O)cc1,Benchmark Stacking Regressor,/Users/tanvir/Desktop/skin/skin-permeation-reproduction-project/models/reproduction/benchmark/StackingRegressor.joblib,-6.400829949888983,-8.586 | -6.506,-6.506,-7.546,0.10517005011101688,0.10517005011101688,1.145170050111017,1.145170050111017
17,CMS-3690,ETHYLENE GLYCOL MONOMETHYL ETHER,COCCO,COCCO,Benchmark Stacking Regressor,/Users/tanvir/Desktop/skin/skin-permeation-reproduction-project/models/reproduction/benchmark/StackingRegressor.joblib,-6.5204653735855995,-6.095,-6.095,-6.095,-0.42546537358559977,0.42546537358559977,-0.42546537358559977,0.42546537358559977
18,CMS-3700,M-CRESOL,Cc1cccc(O)c1,Cc1cccc(O)c1,Benchmark Stacking Regressor,/Users/tanvir/Desktop/skin/skin-permeation-reproduction-project/models/reproduction/benchmark/StackingRegressor.joblib,-5.355928864175862,-5.373,-5.373,-5.373,0.017071135824138217,0.017071135824138217,0.017071135824138217,0.017071135824138217
19,CMS-1797,O-CRESOL,Cc1ccccc1O,Cc1ccccc1O,Benchmark Stacking Regressor,/Users/tanvir/Desktop/skin/skin-permeation-reproduction-project/models/reproduction/benchmark/StackingRegressor.joblib,-5.198225457762954,-5.36,-5.36,-5.36,0.16177454223704668,0.16177454223704668,0.16177454223704668,0.16177454223704668
20,CMS-1848,P-CRESOL,Cc1ccc(O)cc1,Cc1ccc(O)cc1,Benchmark Stacking Regressor,/Users/tanvir/Desktop/skin/skin-permeation-reproduction-project/models/reproduction/benchmark/StackingRegressor.joblib,-5.3749129108557145,-5.313 | -4.477,-5.313,-4.895,-0.06191291085571482,0.06191291085571482,-0.47991291085571497,0.47991291085571497
21,CMS-1937,P-ETHYLPHENOL,CCc1ccc(O)cc1,CCc1ccc(O)cc1,Benchmark Stacking Regressor,/Users/tanvir/Desktop/skin/skin-permeation-reproduction-project/models/reproduction/benchmark/StackingRegressor.joblib,-4.837994045153621,-5.014,-5.014,-5.014,0.17600595484637882,0.17600595484637882,0.17600595484637882,0.17600595484637882
23,CMS-1253,RESORCINOL,Oc1cccc(O)c1,Oc1cccc(O)c1,Benchmark Stacking Regressor,/Users/tanvir/Desktop/skin/skin-permeation-reproduction-project/models/reproduction/benchmark/StackingRegressor.joblib,-6.374203786604127,-7.176 | -6.626,-6.626,-6.901,0.2517962133958731,0.2517962133958731,0.5267962133958726,0.5267962133958726
24,CMS-1936,ETHYLENE GLYCOL MONOPHENYL ETHER,OCCOc1ccccc1,OCCOc1ccccc1,Benchmark Stacking Regressor,/Users/tanvir/Desktop/skin/skin-permeation-reproduction-project/models/reproduction/benchmark/StackingRegressor.joblib,-5.299913826500342,-6.43,-6.43,-6.43,1.1300861734996577,1.1300861734996577,1.1300861734996577,1.1300861734996577
25,CMS-1750,BUTYL ALCOHOL,CCCCO,CCCCO,Benchmark Stacking Regressor,/Users/tanvir/Desktop/skin/skin-permeation-reproduction-project/models/reproduction/benchmark/StackingRegressor.joblib,-5.7167442420852534,-7.778 | -6.556 | -6.214 | -6.158 | -6.079 | -5.816 | -5.659 | -5.481 | -5.193 | -5.079 | -4.703,-5.659,-5.9405,-0.05774424208525364,0.05774424208525364,0.22375575791474667,0.22375575791474667
26,CMS-1898,HEXYL ALCOHOL,CCCCCCO,CCCCCCO,Benchmark Stacking Regressor,/Users/tanvir/Desktop/skin/skin-permeation-reproduction-project/models/reproduction/benchmark/StackingRegressor.joblib,-5.245749934906085,-7.84 | -7.012 | -5.778 | -5.637 | -5.442 | -5.284 | -5.255 | -5.114 | -5.051 | -4.888 | -4.859 | -2.442,-5.255,-5.388,0.009250065093914905,0.009250065093914905,0.1422500650939149,0.1422500650939149
27,CMS-110,ASPIRIN,CC(=O)Oc1ccccc1C(=O)O,CC(=O)Oc1ccccc1C(=O)O,Benchmark Stacking Regressor,/Users/tanvir/Desktop/skin/skin-permeation-reproduction-project/models/reproduction/benchmark/StackingRegressor.joblib,-6.163224320508448,-5.696,-5.696,-5.696,-0.4672243205084481,0.4672243205084481,-0.4672243205084481,0.4672243205084481
29,CMS-4496,METHYL SALICYLATE,COC(=O)c1ccccc1O,COC(=O)c1ccccc1O,Benchmark Stacking Regressor,/Users/tanvir/Desktop/skin/skin-permeation-reproduction-project/models/reproduction/benchmark/StackingRegressor.joblib,-5.198644885533222,-5,-5.0,-5.0,-0.19864488553322168,0.19864488553322168,-0.19864488553322168,0.19864488553322168
31,CMS-1136,PHENOL,Oc1ccccc1,Oc1ccccc1,Benchmark Stacking Regressor,/Users/tanvir/Desktop/skin/skin-permeation-reproduction-project/models/reproduction/benchmark/StackingRegressor.joblib,-5.656122822246843,-5.614 | -5.586,-5.614,-5.6,-0.04212282224684305,0.04212282224684305,-0.056122822246843285,0.056122822246843285
32,CMS-3806,ACETIC ACID,CC(=O)O,CC(=O)O,Benchmark Stacking Regressor,/Users/tanvir/Desktop/skin/skin-permeation-reproduction-project/models/reproduction/benchmark/StackingRegressor.joblib,-6.829408010379131,-6.079,-6.079,-6.079,-0.7504080103791315,0.7504080103791315,-0.7504080103791315,0.7504080103791315
33,CMS-14254,ALPHA-BUTYL-OMEGA-HYDROXYPOLY(OXYETHYLENE) POLY(OXYPROPYLENE),CCCCO,CCCCO,Benchmark Stacking Regressor,/Users/tanvir/Desktop/skin/skin-permeation-reproduction-project/models/reproduction/benchmark/StackingRegressor.joblib,-5.7167442420852534,-7.778 | -6.556 | -6.214 | -6.158 | -6.079 | -5.816 | -5.659 | -5.481 | -5.193 | -5.079 | -4.703,-5.659,-5.9405,-0.05774424208525364,0.05774424208525364,0.22375575791474667,0.22375575791474667
34,CMS-4846,SALICYLIC ACID,O=C(O)c1ccccc1O,O=C(O)c1ccccc1O,Benchmark Stacking Regressor,/Users/tanvir/Desktop/skin/skin-permeation-reproduction-project/models/reproduction/benchmark/StackingRegressor.joblib,-6.64812771539248,-7.556 | -6.588 | -6.216 | -5.76 | -5.416 | -5.136,-6.588,-6.112,-0.06012771539247996,0.06012771539247996,-0.5361277153924799,0.5361277153924799
35,CMS-1379,TOLUENE,Cc1ccccc1,Cc1ccccc1,Benchmark Stacking Regressor,/Users/tanvir/Desktop/skin/skin-permeation-reproduction-project/models/reproduction/benchmark/StackingRegressor.joblib,-4.560197640376307,-3.637,-3.637,-3.637,-0.9231976403763071,0.9231976403763071,-0.9231976403763071,0.9231976403763071
36,CMS-1541,DIETHYLENE GLYCOL MONOBUTYL ETHER,CCCCOCCOCCO,CCCCOCCOCCO,Benchmark Stacking Regressor,/Users/tanvir/Desktop/skin/skin-permeation-reproduction-project/models/reproduction/benchmark/StackingRegressor.joblib,-6.110755414577881,-8.004 | -7.071,-7.071,-7.5375,0.9602445854221191,0.9602445854221191,1.426744585422119,1.426744585422119
37,CMS-216,BUTYL P-HYDROXYBENZOATE,CCCCOC(=O)c1ccc(O)cc1,CCCCOC(=O)c1ccc(O)cc1,Benchmark Stacking Regressor,/Users/tanvir/Desktop/skin/skin-permeation-reproduction-project/models/reproduction/benchmark/StackingRegressor.joblib,-5.194972798588074,-4.538,-4.538,-4.538,-0.6569727985880736,0.6569727985880736,-0.6569727985880736,0.6569727985880736
38,CMS-1908,DIETHYLENE GLYCOL MONOETHYL ETHER,CCOCCOCCO,CCOCCOCCO,Benchmark Stacking Regressor,/Users/tanvir/Desktop/skin/skin-permeation-reproduction-project/models/reproduction/benchmark/StackingRegressor.joblib,-6.404720847073207,-7.436,-7.436,-7.436,1.0312791529267926,1.0312791529267926,1.0312791529267926,1.0312791529267926
39,CMS-263,CATECHOL,Oc1ccccc1O,Oc1ccccc1O,Benchmark Stacking Regressor,/Users/tanvir/Desktop/skin/skin-permeation-reproduction-project/models/reproduction/benchmark/StackingRegressor.joblib,-6.205728567869338,-6.066,-6.066,-6.066,-0.13972856786933807,0.13972856786933807,-0.13972856786933807,0.13972856786933807
40,CMS-3637,ETHYLENE GLYCOL MONOETHYL ETHER,CCOCCO,CCOCCO,Benchmark Stacking Regressor,/Users/tanvir/Desktop/skin/skin-permeation-reproduction-project/models/reproduction/benchmark/StackingRegressor.joblib,-6.446760128963772,-7.785 | -7.687 | -7.158 | -6.631 | -5.647 | -5.63 | -5.545 | -5.544,-6.631,-6.531667,0.18423987103622785,0.18423987103622785,0.0849068710362273,0.0849068710362273
41,CMS-1740,DIETHYL ETHER,CCOCC,CCOCC,Benchmark Stacking Regressor,/Users/tanvir/Desktop/skin/skin-permeation-reproduction-project/models/reproduction/benchmark/StackingRegressor.joblib,-5.651972561755825,-5.352,-5.352,-5.352,-0.29997256175582443,0.29997256175582443,-0.29997256175582443,0.29997256175582443
42,CMS-1746,METHYL ALCOHOL,CO,CO,Benchmark Stacking Regressor,/Users/tanvir/Desktop/skin/skin-permeation-reproduction-project/models/reproduction/benchmark/StackingRegressor.joblib,-6.708825181565921,-6.857 | -6.556 | -6.352 | -5.539 | -5.195 | -4.832 | -3.857,-6.857,-5.598286,0.14817481843407965,0.14817481843407965,-1.1105391815659207,1.1105391815659207
43,CMS-4141,DIETHYLENE GLYCOL MONOMETHYL ETHER,COCCOCCO,COCCOCCO,Benchmark Stacking Regressor,/Users/tanvir/Desktop/skin/skin-permeation-reproduction-project/models/reproduction/benchmark/StackingRegressor.joblib,-6.5686041965804005,-7.242,-7.242,-7.242,0.6733958034195995,0.6733958034195995,0.6733958034195995,0.6733958034195995
44,CMS-2411,PROPYL P-HYDROXYBENZOATE,CCCOC(=O)c1ccc(O)cc1,CCCOC(=O)c1ccc(O)cc1,Benchmark Stacking Regressor,/Users/tanvir/Desktop/skin/skin-permeation-reproduction-project/models/reproduction/benchmark/StackingRegressor.joblib,-5.259569258541564,-5.41,-5.41,-5.41,0.15043074145843605,0.15043074145843605,0.15043074145843605,0.15043074145843605
45,CMS-7285,THYMOL,Cc1ccc(C(C)C)c(O)c1,Cc1ccc(C(C)C)c(O)c1,Benchmark Stacking Regressor,/Users/tanvir/Desktop/skin/skin-permeation-reproduction-project/models/reproduction/benchmark/StackingRegressor.joblib,-4.671280814485332,-4.86 | -4.834 | -4.77,-4.77,-4.821333,0.09871918551466763,0.09871918551466763,0.15005218551466815,0.15005218551466815
46,CMS-147,BENZOIC ACID,O=C(O)c1ccccc1,O=C(O)c1ccccc1,Benchmark Stacking Regressor,/Users/tanvir/Desktop/skin/skin-permeation-reproduction-project/models/reproduction/benchmark/StackingRegressor.joblib,-5.995710354355477,-5.675 | -5.156,-5.675,-5.4155,-0.32071035435547746,0.32071035435547746,-0.5802103543554775,0.5802103543554775
47,CMS-595,ETHYL ALCOHOL,CCO,CCO,Benchmark Stacking Regressor,/Users/tanvir/Desktop/skin/skin-permeation-reproduction-project/models/reproduction/benchmark/StackingRegressor.joblib,-6.574203111233359,-7.079 | -7.055 | -6.699 | -6.653 | -6.556 | -6.352 | -6.278 | -5.711 | -5.214 | -5.012 | -3.653,-6.556,-6.023818,-0.01820311123335916,0.01820311123335916,-0.5503851112333589,0.5503851112333589
49,CMS-2413,METHYL P-HYDROXYBENZOATE,COC(=O)c1ccc(O)cc1,COC(=O)c1ccc(O)cc1,Benchmark Stacking Regressor,/Users/tanvir/Desktop/skin/skin-permeation-reproduction-project/models/reproduction/benchmark/StackingRegressor.joblib,-5.354256323078376,-5.634 | -5.632 | -5.596 | -5.23,-5.23,-5.523,-0.12425632307837553,0.12425632307837553,0.16874367692162373,0.16874367692162373
50,CMS-3038,MANNITOL,OC[C@@H](O)[C@@H](O)[C@H](O)[C@H](O)CO,OC[C@@H](O)[C@@H](O)[C@H](O)[C@H](O)CO,Benchmark Stacking Regressor,/Users/tanvir/Desktop/skin/skin-permeation-reproduction-project/models/reproduction/benchmark/StackingRegressor.joblib,-8.10924209601659,-8.158 | -7.923 | -7.81 | -7.771,-8.158,-7.9155,0.04875790398340918,0.04875790398340918,-0.19374209601659054,0.19374209601659054
51,CMS-3340,D-SORBITOL,OC[C@@H](O)[C@@H](O)[C@H](O)[C@H](O)CO,OC[C@@H](O)[C@@H](O)[C@H](O)[C@H](O)CO,Benchmark Stacking Regressor,/Users/tanvir/Desktop/skin/skin-permeation-reproduction-project/models/reproduction/benchmark/StackingRegressor.joblib,-8.10924209601659,-8.158 | -7.923 | -7.81 | -7.771,-8.158,-7.9155,0.04875790398340918,0.04875790398340918,-0.19374209601659054,0.19374209601659054
52,CMS-1446,UREA,NC(N)=O,NC(N)=O,Benchmark Stacking Regressor,/Users/tanvir/Desktop/skin/skin-permeation-reproduction-project/models/reproduction/benchmark/StackingRegressor.joblib,-7.693344902302885,-7.386 | -7.317,-7.386,-7.3515,-0.30734490230288447,0.30734490230288447,-0.3418449023028849,0.3418449023028849
