Model,Required_Descriptor,Feature_Position,Original_CSV_Column,Present_In_Original_CSV,Reused_Existing_Value_Count,Generated_Using_RDKit,RDKit_Generated_Count,Generated_Using_CDK,CDK_Generated_Count,Training_Reference_Imputed_Count,Missing_Before_Processing,Missing_After_RDKit,Missing_After_Processing,Calculation_Succeeded,Unsupported_By_RDKit,Unsupported_Reason,Affected_Compound_Count,Notes
CatBoost,Texpi,1,donor/skin surface temperature (°C),True,391,False,0,False,0,155,155,155,0,True,False,,155,Converted Celsius values to Kelvin; values already >=200 were treated as Kelvin.
CatBoost,ALogp2,2,,False,0,False,0,True,546,0,546,546,0,True,True,No exact RDKit implementation consistent with the CDK training definition; the repository's original CDK generator was used.,546,
CatBoost,nAcid,3,,False,0,False,0,True,546,0,546,546,0,True,True,No exact RDKit implementation consistent with the CDK training definition; the repository's original CDK generator was used.,546,
CatBoost,nAromBond,4,,False,0,False,0,True,546,0,546,546,0,True,True,No exact RDKit implementation consistent with the CDK training definition; the repository's original CDK generator was used.,546,
CatBoost,ATSc2,5,,False,0,False,0,True,543,3,546,546,0,True,True,No exact RDKit implementation consistent with the CDK training definition; the repository's original CDK generator was used.,546,
CatBoost,ATSc3,6,,False,0,False,0,True,543,3,546,546,0,True,True,No exact RDKit implementation consistent with the CDK training definition; the repository's original CDK generator was used.,546,
CatBoost,ATSc4,7,,False,0,False,0,True,543,3,546,546,0,True,True,No exact RDKit implementation consistent with the CDK training definition; the repository's original CDK generator was used.,546,
CatBoost,ATSc5,8,,False,0,False,0,True,543,3,546,546,0,True,True,No exact RDKit implementation consistent with the CDK training definition; the repository's original CDK generator was used.,546,
CatBoost,ATSm1,9,,False,0,False,0,True,546,0,546,546,0,True,True,No exact RDKit implementation consistent with the CDK training definition; the repository's original CDK generator was used.,546,
CatBoost,BCUTw-1l,10,,False,0,False,0,True,543,3,546,546,0,True,True,No exact RDKit implementation consistent with the CDK training definition; the repository's original CDK generator was used.,546,
CatBoost,BCUTw-1h,11,,False,0,False,0,True,543,3,546,546,0,True,True,No exact RDKit implementation consistent with the CDK training definition; the repository's original CDK generator was used.,546,
CatBoost,BCUTc-1l,12,,False,0,False,0,True,543,3,546,546,0,True,True,No exact RDKit implementation consistent with the CDK training definition; the repository's original CDK generator was used.,546,
CatBoost,BCUTc-1h,13,,False,0,False,0,True,543,3,546,546,0,True,True,No exact RDKit implementation consistent with the CDK training definition; the repository's original CDK generator was used.,546,
CatBoost,BCUTp-1l,14,,False,0,False,0,True,543,3,546,546,0,True,True,No exact RDKit implementation consistent with the CDK training definition; the repository's original CDK generator was used.,546,
CatBoost,BCUTp-1h,15,,False,0,False,0,True,543,3,546,546,0,True,True,No exact RDKit implementation consistent with the CDK training definition; the repository's original CDK generator was used.,546,
CatBoost,nBase,16,,False,0,False,0,True,546,0,546,546,0,True,True,No exact RDKit implementation consistent with the CDK training definition; the repository's original CDK generator was used.,546,
CatBoost,C2SP1,17,,False,0,False,0,True,546,0,546,546,0,True,True,No exact RDKit implementation consistent with the CDK training definition; the repository's original CDK generator was used.,546,
CatBoost,C1SP2,18,,False,0,False,0,True,546,0,546,546,0,True,True,No exact RDKit implementation consistent with the CDK training definition; the repository's original CDK generator was used.,546,
CatBoost,C2SP2,19,,False,0,False,0,True,546,0,546,546,0,True,True,No exact RDKit implementation consistent with the CDK training definition; the repository's original CDK generator was used.,546,
CatBoost,C3SP2,20,,False,0,False,0,True,546,0,546,546,0,True,True,No exact RDKit implementation consistent with the CDK training definition; the repository's original CDK generator was used.,546,
CatBoost,C1SP3,21,,False,0,False,0,True,546,0,546,546,0,True,True,No exact RDKit implementation consistent with the CDK training definition; the repository's original CDK generator was used.,546,
CatBoost,C2SP3,22,,False,0,False,0,True,546,0,546,546,0,True,True,No exact RDKit implementation consistent with the CDK training definition; the repository's original CDK generator was used.,546,
CatBoost,SC-4,23,,False,0,False,0,True,546,0,546,546,0,True,True,No exact RDKit implementation consistent with the CDK training definition; the repository's original CDK generator was used.,546,
CatBoost,FMF,24,,False,0,False,0,True,546,0,546,546,0,True,True,No exact RDKit implementation consistent with the CDK training definition; the repository's original CDK generator was used.,546,
CatBoost,nHBAcc,25,,False,0,False,0,True,546,0,546,546,0,True,True,No exact RDKit implementation consistent with the CDK training definition; the repository's original CDK generator was used.,546,
CatBoost,nHBDon,26,,False,0,False,0,True,546,0,546,546,0,True,True,No exact RDKit implementation consistent with the CDK training definition; the repository's original CDK generator was used.,546,
CatBoost,HybRatio,27,,False,0,False,0,True,528,18,546,546,0,True,True,No exact RDKit implementation consistent with the CDK training definition; the repository's original CDK generator was used.,546,
CatBoost,JPLogP,28,,False,0,False,0,True,531,15,546,546,0,True,True,No exact RDKit implementation consistent with the CDK training definition; the repository's original CDK generator was used.,546,
CatBoost,Kier2,29,,False,0,False,0,True,546,0,546,546,0,True,True,No exact RDKit implementation consistent with the CDK training definition; the repository's original CDK generator was used.,546,
CatBoost,Kier3,30,,False,0,False,0,True,536,10,546,546,0,True,True,No exact RDKit implementation consistent with the CDK training definition; the repository's original CDK generator was used.,546,
CatBoost,khs.sLi,31,,False,0,True,546,False,0,0,546,0,0,True,False,,546,
CatBoost,khs.ssBe,32,,False,0,True,546,False,0,0,546,0,0,True,False,,546,
CatBoost,khs.ssBH,33,,False,0,True,546,False,0,0,546,0,0,True,False,,546,
CatBoost,khs.sssB,34,,False,0,True,546,False,0,0,546,0,0,True,False,,546,
CatBoost,khs.sCH3,35,,False,0,True,546,False,0,0,546,0,0,True,False,,546,
CatBoost,khs.dCH2,36,,False,0,True,546,False,0,0,546,0,0,True,False,,546,
CatBoost,khs.ssCH2,37,,False,0,False,0,True,546,0,546,546,0,True,True,No exact RDKit implementation consistent with the CDK training definition; the repository's original CDK generator was used.,546,
CatBoost,khs.tCH,38,,False,0,True,546,False,0,0,546,0,0,True,False,,546,
CatBoost,khs.dsCH,39,,False,0,True,546,False,0,0,546,0,0,True,False,,546,
CatBoost,khs.aaCH,40,,False,0,True,546,False,0,0,546,0,0,True,False,,546,
CatBoost,khs.sssCH,41,,False,0,True,546,False,0,0,546,0,0,True,False,,546,
CatBoost,khs.ddC,42,,False,0,True,546,False,0,0,546,0,0,True,False,,546,
CatBoost,khs.dssC,43,,False,0,True,546,False,0,0,546,0,0,True,False,,546,
CatBoost,khs.aasC,44,,False,0,True,546,False,0,0,546,0,0,True,False,,546,
CatBoost,khs.aaaC,45,,False,0,True,546,False,0,0,546,0,0,True,False,,546,
CatBoost,khs.sNH3,46,,False,0,True,546,False,0,0,546,0,0,True,False,,546,
CatBoost,khs.sNH2,47,,False,0,True,546,False,0,0,546,0,0,True,False,,546,
CatBoost,khs.ssNH2,48,,False,0,True,546,False,0,0,546,0,0,True,False,,546,
CatBoost,khs.dNH,49,,False,0,True,546,False,0,0,546,0,0,True,False,,546,
CatBoost,khs.ssNH,50,,False,0,True,546,False,0,0,546,0,0,True,False,,546,
CatBoost,khs.aaNH,51,,False,0,True,546,False,0,0,546,0,0,True,False,,546,
CatBoost,khs.tN,52,,False,0,True,546,False,0,0,546,0,0,True,False,,546,
CatBoost,khs.dsN,53,,False,0,True,546,False,0,0,546,0,0,True,False,,546,
CatBoost,khs.aaN,54,,False,0,True,546,False,0,0,546,0,0,True,False,,546,
CatBoost,khs.sssN,55,,False,0,True,546,False,0,0,546,0,0,True,False,,546,
CatBoost,khs.ddsN,56,,False,0,True,546,False,0,0,546,0,0,True,False,,546,
CatBoost,khs.aasN,57,,False,0,True,546,False,0,0,546,0,0,True,False,,546,
CatBoost,khs.ssssN,58,,False,0,True,546,False,0,0,546,0,0,True,False,,546,
CatBoost,khs.sOH,59,,False,0,False,0,True,546,0,546,546,0,True,True,No exact RDKit implementation consistent with the CDK training definition; the repository's original CDK generator was used.,546,
CatBoost,khs.dO,60,,False,0,True,546,False,0,0,546,0,0,True,False,,546,
CatBoost,khs.ssO,61,,False,0,True,546,False,0,0,546,0,0,True,False,,546,
CatBoost,khs.aaO,62,,False,0,True,546,False,0,0,546,0,0,True,False,,546,
CatBoost,khs.sF,63,,False,0,True,546,False,0,0,546,0,0,True,False,,546,
CatBoost,khs.sSiH3,64,,False,0,True,546,False,0,0,546,0,0,True,False,,546,
CatBoost,khs.ssSiH2,65,,False,0,True,546,False,0,0,546,0,0,True,False,,546,
CatBoost,khs.sssSiH,66,,False,0,True,546,False,0,0,546,0,0,True,False,,546,
CatBoost,khs.ssssSi,67,,False,0,True,546,False,0,0,546,0,0,True,False,,546,
CatBoost,khs.sPH2,68,,False,0,True,546,False,0,0,546,0,0,True,False,,546,
CatBoost,khs.ssPH,69,,False,0,True,546,False,0,0,546,0,0,True,False,,546,
CatBoost,khs.sssP,70,,False,0,True,546,False,0,0,546,0,0,True,False,,546,
CatBoost,khs.dsssP,71,,False,0,True,546,False,0,0,546,0,0,True,False,,546,
CatBoost,khs.sssssP,72,,False,0,True,546,False,0,0,546,0,0,True,False,,546,
CatBoost,khs.sSH,73,,False,0,True,546,False,0,0,546,0,0,True,False,,546,
CatBoost,khs.dS,74,,False,0,True,546,False,0,0,546,0,0,True,False,,546,
CatBoost,khs.ssS,75,,False,0,True,546,False,0,0,546,0,0,True,False,,546,
CatBoost,khs.aaS,76,,False,0,True,546,False,0,0,546,0,0,True,False,,546,
CatBoost,khs.dssS,77,,False,0,True,546,False,0,0,546,0,0,True,False,,546,
CatBoost,khs.ddssS,78,,False,0,True,546,False,0,0,546,0,0,True,False,,546,
CatBoost,khs.sCl,79,,False,0,True,546,False,0,0,546,0,0,True,False,,546,
CatBoost,khs.sGeH3,80,,False,0,True,546,False,0,0,546,0,0,True,False,,546,
CatBoost,khs.ssGeH2,81,,False,0,True,546,False,0,0,546,0,0,True,False,,546,
CatBoost,khs.sssGeH,82,,False,0,True,546,False,0,0,546,0,0,True,False,,546,
CatBoost,khs.ssssGe,83,,False,0,True,546,False,0,0,546,0,0,True,False,,546,
CatBoost,khs.sAsH2,84,,False,0,True,546,False,0,0,546,0,0,True,False,,546,
CatBoost,khs.ssAsH,85,,False,0,True,546,False,0,0,546,0,0,True,False,,546,
CatBoost,khs.sssAs,86,,False,0,True,546,False,0,0,546,0,0,True,False,,546,
CatBoost,khs.sssdAs,87,,False,0,True,546,False,0,0,546,0,0,True,False,,546,
CatBoost,khs.sssssAs,88,,False,0,True,546,False,0,0,546,0,0,True,False,,546,
CatBoost,khs.sSeH,89,,False,0,True,546,False,0,0,546,0,0,True,False,,546,
CatBoost,khs.dSe,90,,False,0,True,546,False,0,0,546,0,0,True,False,,546,
CatBoost,khs.ssSe,91,,False,0,True,546,False,0,0,546,0,0,True,False,,546,
CatBoost,khs.aaSe,92,,False,0,True,546,False,0,0,546,0,0,True,False,,546,
CatBoost,khs.dssSe,93,,False,0,True,546,False,0,0,546,0,0,True,False,,546,
CatBoost,khs.ddssSe,94,,False,0,True,546,False,0,0,546,0,0,True,False,,546,
CatBoost,khs.sBr,95,,False,0,True,546,False,0,0,546,0,0,True,False,,546,
CatBoost,khs.sSnH3,96,,False,0,True,546,False,0,0,546,0,0,True,False,,546,
CatBoost,khs.ssSnH2,97,,False,0,True,546,False,0,0,546,0,0,True,False,,546,
CatBoost,khs.sssSnH,98,,False,0,True,546,False,0,0,546,0,0,True,False,,546,
CatBoost,khs.ssssSn,99,,False,0,True,546,False,0,0,546,0,0,True,False,,546,
CatBoost,khs.sPbH3,100,,False,0,True,546,False,0,0,546,0,0,True,False,,546,
CatBoost,khs.ssPbH2,101,,False,0,True,546,False,0,0,546,0,0,True,False,,546,
CatBoost,khs.sssPbH,102,,False,0,True,546,False,0,0,546,0,0,True,False,,546,
CatBoost,khs.ssssPb,103,,False,0,True,546,False,0,0,546,0,0,True,False,,546,
CatBoost,nAtomLC,104,,False,0,False,0,True,546,0,546,546,0,True,True,No exact RDKit implementation consistent with the CDK training definition; the repository's original CDK generator was used.,546,
CatBoost,nAtomP,105,,False,0,False,0,True,546,0,546,546,0,True,True,No exact RDKit implementation consistent with the CDK training definition; the repository's original CDK generator was used.,546,
CatBoost,nAtomLAC,106,,False,0,False,0,True,546,0,546,546,0,True,True,No exact RDKit implementation consistent with the CDK training definition; the repository's original CDK generator was used.,546,
CatBoost,MDEC-11,107,,False,0,False,0,True,546,0,546,546,0,True,True,No exact RDKit implementation consistent with the CDK training definition; the repository's original CDK generator was used.,546,
CatBoost,MDEC-12,108,,False,0,False,0,True,546,0,546,546,0,True,True,No exact RDKit implementation consistent with the CDK training definition; the repository's original CDK generator was used.,546,
CatBoost,MDEC-13,109,,False,0,False,0,True,546,0,546,546,0,True,True,No exact RDKit implementation consistent with the CDK training definition; the repository's original CDK generator was used.,546,
CatBoost,MDEC-14,110,,False,0,False,0,True,546,0,546,546,0,True,True,No exact RDKit implementation consistent with the CDK training definition; the repository's original CDK generator was used.,546,
CatBoost,MDEC-22,111,,False,0,False,0,True,546,0,546,546,0,True,True,No exact RDKit implementation consistent with the CDK training definition; the repository's original CDK generator was used.,546,
CatBoost,MDEC-33,112,,False,0,False,0,True,546,0,546,546,0,True,True,No exact RDKit implementation consistent with the CDK training definition; the repository's original CDK generator was used.,546,
CatBoost,MDEC-34,113,,False,0,False,0,True,546,0,546,546,0,True,True,No exact RDKit implementation consistent with the CDK training definition; the repository's original CDK generator was used.,546,
CatBoost,MDEC-44,114,,False,0,False,0,True,546,0,546,546,0,True,True,No exact RDKit implementation consistent with the CDK training definition; the repository's original CDK generator was used.,546,
CatBoost,MDEO-11,115,,False,0,False,0,True,546,0,546,546,0,True,True,No exact RDKit implementation consistent with the CDK training definition; the repository's original CDK generator was used.,546,
CatBoost,MDEO-12,116,,False,0,False,0,True,546,0,546,546,0,True,True,No exact RDKit implementation consistent with the CDK training definition; the repository's original CDK generator was used.,546,
CatBoost,MDEO-22,117,,False,0,False,0,True,546,0,546,546,0,True,True,No exact RDKit implementation consistent with the CDK training definition; the repository's original CDK generator was used.,546,
CatBoost,MDEN-11,118,,False,0,False,0,True,546,0,546,546,0,True,True,No exact RDKit implementation consistent with the CDK training definition; the repository's original CDK generator was used.,546,
CatBoost,MDEN-12,119,,False,0,False,0,True,546,0,546,546,0,True,True,No exact RDKit implementation consistent with the CDK training definition; the repository's original CDK generator was used.,546,
CatBoost,MDEN-13,120,,False,0,False,0,True,546,0,546,546,0,True,True,No exact RDKit implementation consistent with the CDK training definition; the repository's original CDK generator was used.,546,
CatBoost,MDEN-22,121,,False,0,False,0,True,546,0,546,546,0,True,True,No exact RDKit implementation consistent with the CDK training definition; the repository's original CDK generator was used.,546,
CatBoost,MDEN-23,122,,False,0,False,0,True,546,0,546,546,0,True,True,No exact RDKit implementation consistent with the CDK training definition; the repository's original CDK generator was used.,546,
CatBoost,MDEN-33,123,,False,0,False,0,True,546,0,546,546,0,True,True,No exact RDKit implementation consistent with the CDK training definition; the repository's original CDK generator was used.,546,
CatBoost,MLogP,124,,False,0,False,0,True,546,0,546,546,0,True,True,No exact RDKit implementation consistent with the CDK training definition; the repository's original CDK generator was used.,546,
CatBoost,topoShape,125,,False,0,False,0,True,531,15,546,546,0,True,True,No exact RDKit implementation consistent with the CDK training definition; the repository's original CDK generator was used.,546,
CatBoost,nRotB,126,,False,0,False,0,True,546,0,546,546,0,True,True,No exact RDKit implementation consistent with the CDK training definition; the repository's original CDK generator was used.,546,
CatBoost,LipinskiFailures,127,,False,0,False,0,True,546,0,546,546,0,True,True,No exact RDKit implementation consistent with the CDK training definition; the repository's original CDK generator was used.,546,
CatBoost,nAromRings,128,,False,0,True,546,False,0,0,546,0,0,True,False,,546,
CatBoost,nRingBlocks,129,,False,0,False,0,True,546,0,546,546,0,True,True,No exact RDKit implementation consistent with the CDK training definition; the repository's original CDK generator was used.,546,
CatBoost,nAromBlocks,130,,False,0,False,0,True,546,0,546,546,0,True,True,No exact RDKit implementation consistent with the CDK training definition; the repository's original CDK generator was used.,546,
CatBoost,nRings3,131,,False,0,True,546,False,0,0,546,0,0,True,False,,546,
CatBoost,nRings4,132,,False,0,True,546,False,0,0,546,0,0,True,False,,546,
CatBoost,nRings5,133,,False,0,True,546,False,0,0,546,0,0,True,False,,546,
CatBoost,nRings6,134,,False,0,True,546,False,0,0,546,0,0,True,False,,546,
CatBoost,nRings7,135,,False,0,True,546,False,0,0,546,0,0,True,False,,546,
CatBoost,nRings8,136,,False,0,True,546,False,0,0,546,0,0,True,False,,546,
CatBoost,nRings9,137,,False,0,True,546,False,0,0,546,0,0,True,False,,546,
CatBoost,TopoPSA,138,,False,0,False,0,True,546,0,546,546,0,True,True,No exact RDKit implementation consistent with the CDK training definition; the repository's original CDK generator was used.,546,
CatBoost,VAdjMat,139,,False,0,False,0,True,546,0,546,546,0,True,True,No exact RDKit implementation consistent with the CDK training definition; the repository's original CDK generator was used.,546,
CatBoost,WTPT-2,140,,False,0,False,0,True,546,0,546,546,0,True,True,No exact RDKit implementation consistent with the CDK training definition; the repository's original CDK generator was used.,546,
CatBoost,WTPT-3,141,,False,0,False,0,True,546,0,546,546,0,True,True,No exact RDKit implementation consistent with the CDK training definition; the repository's original CDK generator was used.,546,
CatBoost,WTPT-4,142,,False,0,False,0,True,546,0,546,546,0,True,True,No exact RDKit implementation consistent with the CDK training definition; the repository's original CDK generator was used.,546,
CatBoost,WTPT-5,143,,False,0,False,0,True,546,0,546,546,0,True,True,No exact RDKit implementation consistent with the CDK training definition; the repository's original CDK generator was used.,546,
CatBoost,WPATH,144,,False,0,False,0,True,546,0,546,546,0,True,True,No exact RDKit implementation consistent with the CDK training definition; the repository's original CDK generator was used.,546,
CatBoost,XLogP,145,,False,0,False,0,True,546,0,546,546,0,True,True,No exact RDKit implementation consistent with the CDK training definition; the repository's original CDK generator was used.,546,
CatBoost,Zagreb,146,,False,0,True,546,False,0,0,546,0,0,True,False,,546,
ElasticNet,Texpi,1,donor/skin surface temperature (°C),True,391,False,0,False,0,155,155,155,0,True,False,,155,Converted Celsius values to Kelvin; values already >=200 were treated as Kelvin.
ElasticNet,ALogp2,2,,False,0,False,0,True,546,0,546,546,0,True,True,No exact RDKit implementation consistent with the CDK training definition; the repository's original CDK generator was used.,546,
ElasticNet,nAcid,3,,False,0,False,0,True,546,0,546,546,0,True,True,No exact RDKit implementation consistent with the CDK training definition; the repository's original CDK generator was used.,546,
ElasticNet,nAromBond,4,,False,0,False,0,True,546,0,546,546,0,True,True,No exact RDKit implementation consistent with the CDK training definition; the repository's original CDK generator was used.,546,
ElasticNet,ATSc2,5,,False,0,False,0,True,543,3,546,546,0,True,True,No exact RDKit implementation consistent with the CDK training definition; the repository's original CDK generator was used.,546,
ElasticNet,ATSc3,6,,False,0,False,0,True,543,3,546,546,0,True,True,No exact RDKit implementation consistent with the CDK training definition; the repository's original CDK generator was used.,546,
ElasticNet,ATSc4,7,,False,0,False,0,True,543,3,546,546,0,True,True,No exact RDKit implementation consistent with the CDK training definition; the repository's original CDK generator was used.,546,
ElasticNet,ATSc5,8,,False,0,False,0,True,543,3,546,546,0,True,True,No exact RDKit implementation consistent with the CDK training definition; the repository's original CDK generator was used.,546,
ElasticNet,ATSm1,9,,False,0,False,0,True,546,0,546,546,0,True,True,No exact RDKit implementation consistent with the CDK training definition; the repository's original CDK generator was used.,546,
ElasticNet,BCUTw-1l,10,,False,0,False,0,True,543,3,546,546,0,True,True,No exact RDKit implementation consistent with the CDK training definition; the repository's original CDK generator was used.,546,
ElasticNet,BCUTw-1h,11,,False,0,False,0,True,543,3,546,546,0,True,True,No exact RDKit implementation consistent with the CDK training definition; the repository's original CDK generator was used.,546,
ElasticNet,BCUTc-1l,12,,False,0,False,0,True,543,3,546,546,0,True,True,No exact RDKit implementation consistent with the CDK training definition; the repository's original CDK generator was used.,546,
ElasticNet,BCUTc-1h,13,,False,0,False,0,True,543,3,546,546,0,True,True,No exact RDKit implementation consistent with the CDK training definition; the repository's original CDK generator was used.,546,
ElasticNet,BCUTp-1l,14,,False,0,False,0,True,543,3,546,546,0,True,True,No exact RDKit implementation consistent with the CDK training definition; the repository's original CDK generator was used.,546,
ElasticNet,BCUTp-1h,15,,False,0,False,0,True,543,3,546,546,0,True,True,No exact RDKit implementation consistent with the CDK training definition; the repository's original CDK generator was used.,546,
ElasticNet,nBase,16,,False,0,False,0,True,546,0,546,546,0,True,True,No exact RDKit implementation consistent with the CDK training definition; the repository's original CDK generator was used.,546,
ElasticNet,C2SP1,17,,False,0,False,0,True,546,0,546,546,0,True,True,No exact RDKit implementation consistent with the CDK training definition; the repository's original CDK generator was used.,546,
ElasticNet,C1SP2,18,,False,0,False,0,True,546,0,546,546,0,True,True,No exact RDKit implementation consistent with the CDK training definition; the repository's original CDK generator was used.,546,
ElasticNet,C2SP2,19,,False,0,False,0,True,546,0,546,546,0,True,True,No exact RDKit implementation consistent with the CDK training definition; the repository's original CDK generator was used.,546,
ElasticNet,C3SP2,20,,False,0,False,0,True,546,0,546,546,0,True,True,No exact RDKit implementation consistent with the CDK training definition; the repository's original CDK generator was used.,546,
ElasticNet,C1SP3,21,,False,0,False,0,True,546,0,546,546,0,True,True,No exact RDKit implementation consistent with the CDK training definition; the repository's original CDK generator was used.,546,
ElasticNet,C2SP3,22,,False,0,False,0,True,546,0,546,546,0,True,True,No exact RDKit implementation consistent with the CDK training definition; the repository's original CDK generator was used.,546,
ElasticNet,SC-4,23,,False,0,False,0,True,546,0,546,546,0,True,True,No exact RDKit implementation consistent with the CDK training definition; the repository's original CDK generator was used.,546,
ElasticNet,FMF,24,,False,0,False,0,True,546,0,546,546,0,True,True,No exact RDKit implementation consistent with the CDK training definition; the repository's original CDK generator was used.,546,
ElasticNet,nHBAcc,25,,False,0,False,0,True,546,0,546,546,0,True,True,No exact RDKit implementation consistent with the CDK training definition; the repository's original CDK generator was used.,546,
ElasticNet,nHBDon,26,,False,0,False,0,True,546,0,546,546,0,True,True,No exact RDKit implementation consistent with the CDK training definition; the repository's original CDK generator was used.,546,
ElasticNet,HybRatio,27,,False,0,False,0,True,528,18,546,546,0,True,True,No exact RDKit implementation consistent with the CDK training definition; the repository's original CDK generator was used.,546,
ElasticNet,JPLogP,28,,False,0,False,0,True,531,15,546,546,0,True,True,No exact RDKit implementation consistent with the CDK training definition; the repository's original CDK generator was used.,546,
ElasticNet,Kier2,29,,False,0,False,0,True,546,0,546,546,0,True,True,No exact RDKit implementation consistent with the CDK training definition; the repository's original CDK generator was used.,546,
ElasticNet,Kier3,30,,False,0,False,0,True,536,10,546,546,0,True,True,No exact RDKit implementation consistent with the CDK training definition; the repository's original CDK generator was used.,546,
ElasticNet,khs.sLi,31,,False,0,True,546,False,0,0,546,0,0,True,False,,546,
ElasticNet,khs.ssBe,32,,False,0,True,546,False,0,0,546,0,0,True,False,,546,
ElasticNet,khs.ssBH,33,,False,0,True,546,False,0,0,546,0,0,True,False,,546,
ElasticNet,khs.sssB,34,,False,0,True,546,False,0,0,546,0,0,True,False,,546,
ElasticNet,khs.sCH3,35,,False,0,True,546,False,0,0,546,0,0,True,False,,546,
ElasticNet,khs.dCH2,36,,False,0,True,546,False,0,0,546,0,0,True,False,,546,
ElasticNet,khs.ssCH2,37,,False,0,False,0,True,546,0,546,546,0,True,True,No exact RDKit implementation consistent with the CDK training definition; the repository's original CDK generator was used.,546,
ElasticNet,khs.tCH,38,,False,0,True,546,False,0,0,546,0,0,True,False,,546,
ElasticNet,khs.dsCH,39,,False,0,True,546,False,0,0,546,0,0,True,False,,546,
ElasticNet,khs.aaCH,40,,False,0,True,546,False,0,0,546,0,0,True,False,,546,
ElasticNet,khs.sssCH,41,,False,0,True,546,False,0,0,546,0,0,True,False,,546,
ElasticNet,khs.ddC,42,,False,0,True,546,False,0,0,546,0,0,True,False,,546,
ElasticNet,khs.dssC,43,,False,0,True,546,False,0,0,546,0,0,True,False,,546,
ElasticNet,khs.aasC,44,,False,0,True,546,False,0,0,546,0,0,True,False,,546,
ElasticNet,khs.aaaC,45,,False,0,True,546,False,0,0,546,0,0,True,False,,546,
ElasticNet,khs.sNH3,46,,False,0,True,546,False,0,0,546,0,0,True,False,,546,
ElasticNet,khs.sNH2,47,,False,0,True,546,False,0,0,546,0,0,True,False,,546,
ElasticNet,khs.ssNH2,48,,False,0,True,546,False,0,0,546,0,0,True,False,,546,
ElasticNet,khs.dNH,49,,False,0,True,546,False,0,0,546,0,0,True,False,,546,
ElasticNet,khs.ssNH,50,,False,0,True,546,False,0,0,546,0,0,True,False,,546,
ElasticNet,khs.aaNH,51,,False,0,True,546,False,0,0,546,0,0,True,False,,546,
ElasticNet,khs.tN,52,,False,0,True,546,False,0,0,546,0,0,True,False,,546,
ElasticNet,khs.dsN,53,,False,0,True,546,False,0,0,546,0,0,True,False,,546,
ElasticNet,khs.aaN,54,,False,0,True,546,False,0,0,546,0,0,True,False,,546,
ElasticNet,khs.sssN,55,,False,0,True,546,False,0,0,546,0,0,True,False,,546,
ElasticNet,khs.ddsN,56,,False,0,True,546,False,0,0,546,0,0,True,False,,546,
ElasticNet,khs.aasN,57,,False,0,True,546,False,0,0,546,0,0,True,False,,546,
ElasticNet,khs.ssssN,58,,False,0,True,546,False,0,0,546,0,0,True,False,,546,
ElasticNet,khs.sOH,59,,False,0,False,0,True,546,0,546,546,0,True,True,No exact RDKit implementation consistent with the CDK training definition; the repository's original CDK generator was used.,546,
ElasticNet,khs.dO,60,,False,0,True,546,False,0,0,546,0,0,True,False,,546,
ElasticNet,khs.ssO,61,,False,0,True,546,False,0,0,546,0,0,True,False,,546,
ElasticNet,khs.aaO,62,,False,0,True,546,False,0,0,546,0,0,True,False,,546,
ElasticNet,khs.sF,63,,False,0,True,546,False,0,0,546,0,0,True,False,,546,
ElasticNet,khs.sSiH3,64,,False,0,True,546,False,0,0,546,0,0,True,False,,546,
ElasticNet,khs.ssSiH2,65,,False,0,True,546,False,0,0,546,0,0,True,False,,546,
ElasticNet,khs.sssSiH,66,,False,0,True,546,False,0,0,546,0,0,True,False,,546,
ElasticNet,khs.ssssSi,67,,False,0,True,546,False,0,0,546,0,0,True,False,,546,
ElasticNet,khs.sPH2,68,,False,0,True,546,False,0,0,546,0,0,True,False,,546,
ElasticNet,khs.ssPH,69,,False,0,True,546,False,0,0,546,0,0,True,False,,546,
ElasticNet,khs.sssP,70,,False,0,True,546,False,0,0,546,0,0,True,False,,546,
ElasticNet,khs.dsssP,71,,False,0,True,546,False,0,0,546,0,0,True,False,,546,
ElasticNet,khs.sssssP,72,,False,0,True,546,False,0,0,546,0,0,True,False,,546,
ElasticNet,khs.sSH,73,,False,0,True,546,False,0,0,546,0,0,True,False,,546,
ElasticNet,khs.dS,74,,False,0,True,546,False,0,0,546,0,0,True,False,,546,
ElasticNet,khs.ssS,75,,False,0,True,546,False,0,0,546,0,0,True,False,,546,
ElasticNet,khs.aaS,76,,False,0,True,546,False,0,0,546,0,0,True,False,,546,
ElasticNet,khs.dssS,77,,False,0,True,546,False,0,0,546,0,0,True,False,,546,
ElasticNet,khs.ddssS,78,,False,0,True,546,False,0,0,546,0,0,True,False,,546,
ElasticNet,khs.sCl,79,,False,0,True,546,False,0,0,546,0,0,True,False,,546,
ElasticNet,khs.sGeH3,80,,False,0,True,546,False,0,0,546,0,0,True,False,,546,
ElasticNet,khs.ssGeH2,81,,False,0,True,546,False,0,0,546,0,0,True,False,,546,
ElasticNet,khs.sssGeH,82,,False,0,True,546,False,0,0,546,0,0,True,False,,546,
ElasticNet,khs.ssssGe,83,,False,0,True,546,False,0,0,546,0,0,True,False,,546,
ElasticNet,khs.sAsH2,84,,False,0,True,546,False,0,0,546,0,0,True,False,,546,
ElasticNet,khs.ssAsH,85,,False,0,True,546,False,0,0,546,0,0,True,False,,546,
ElasticNet,khs.sssAs,86,,False,0,True,546,False,0,0,546,0,0,True,False,,546,
ElasticNet,khs.sssdAs,87,,False,0,True,546,False,0,0,546,0,0,True,False,,546,
ElasticNet,khs.sssssAs,88,,False,0,True,546,False,0,0,546,0,0,True,False,,546,
ElasticNet,khs.sSeH,89,,False,0,True,546,False,0,0,546,0,0,True,False,,546,
ElasticNet,khs.dSe,90,,False,0,True,546,False,0,0,546,0,0,True,False,,546,
ElasticNet,khs.ssSe,91,,False,0,True,546,False,0,0,546,0,0,True,False,,546,
ElasticNet,khs.aaSe,92,,False,0,True,546,False,0,0,546,0,0,True,False,,546,
ElasticNet,khs.dssSe,93,,False,0,True,546,False,0,0,546,0,0,True,False,,546,
ElasticNet,khs.ddssSe,94,,False,0,True,546,False,0,0,546,0,0,True,False,,546,
ElasticNet,khs.sBr,95,,False,0,True,546,False,0,0,546,0,0,True,False,,546,
ElasticNet,khs.sSnH3,96,,False,0,True,546,False,0,0,546,0,0,True,False,,546,
ElasticNet,khs.ssSnH2,97,,False,0,True,546,False,0,0,546,0,0,True,False,,546,
ElasticNet,khs.sssSnH,98,,False,0,True,546,False,0,0,546,0,0,True,False,,546,
ElasticNet,khs.ssssSn,99,,False,0,True,546,False,0,0,546,0,0,True,False,,546,
ElasticNet,khs.sPbH3,100,,False,0,True,546,False,0,0,546,0,0,True,False,,546,
ElasticNet,khs.ssPbH2,101,,False,0,True,546,False,0,0,546,0,0,True,False,,546,
ElasticNet,khs.sssPbH,102,,False,0,True,546,False,0,0,546,0,0,True,False,,546,
ElasticNet,khs.ssssPb,103,,False,0,True,546,False,0,0,546,0,0,True,False,,546,
ElasticNet,nAtomLC,104,,False,0,False,0,True,546,0,546,546,0,True,True,No exact RDKit implementation consistent with the CDK training definition; the repository's original CDK generator was used.,546,
ElasticNet,nAtomP,105,,False,0,False,0,True,546,0,546,546,0,True,True,No exact RDKit implementation consistent with the CDK training definition; the repository's original CDK generator was used.,546,
ElasticNet,nAtomLAC,106,,False,0,False,0,True,546,0,546,546,0,True,True,No exact RDKit implementation consistent with the CDK training definition; the repository's original CDK generator was used.,546,
ElasticNet,MDEC-11,107,,False,0,False,0,True,546,0,546,546,0,True,True,No exact RDKit implementation consistent with the CDK training definition; the repository's original CDK generator was used.,546,
ElasticNet,MDEC-12,108,,False,0,False,0,True,546,0,546,546,0,True,True,No exact RDKit implementation consistent with the CDK training definition; the repository's original CDK generator was used.,546,
ElasticNet,MDEC-13,109,,False,0,False,0,True,546,0,546,546,0,True,True,No exact RDKit implementation consistent with the CDK training definition; the repository's original CDK generator was used.,546,
ElasticNet,MDEC-14,110,,False,0,False,0,True,546,0,546,546,0,True,True,No exact RDKit implementation consistent with the CDK training definition; the repository's original CDK generator was used.,546,
ElasticNet,MDEC-22,111,,False,0,False,0,True,546,0,546,546,0,True,True,No exact RDKit implementation consistent with the CDK training definition; the repository's original CDK generator was used.,546,
ElasticNet,MDEC-33,112,,False,0,False,0,True,546,0,546,546,0,True,True,No exact RDKit implementation consistent with the CDK training definition; the repository's original CDK generator was used.,546,
ElasticNet,MDEC-34,113,,False,0,False,0,True,546,0,546,546,0,True,True,No exact RDKit implementation consistent with the CDK training definition; the repository's original CDK generator was used.,546,
ElasticNet,MDEC-44,114,,False,0,False,0,True,546,0,546,546,0,True,True,No exact RDKit implementation consistent with the CDK training definition; the repository's original CDK generator was used.,546,
ElasticNet,MDEO-11,115,,False,0,False,0,True,546,0,546,546,0,True,True,No exact RDKit implementation consistent with the CDK training definition; the repository's original CDK generator was used.,546,
ElasticNet,MDEO-12,116,,False,0,False,0,True,546,0,546,546,0,True,True,No exact RDKit implementation consistent with the CDK training definition; the repository's original CDK generator was used.,546,
ElasticNet,MDEO-22,117,,False,0,False,0,True,546,0,546,546,0,True,True,No exact RDKit implementation consistent with the CDK training definition; the repository's original CDK generator was used.,546,
ElasticNet,MDEN-11,118,,False,0,False,0,True,546,0,546,546,0,True,True,No exact RDKit implementation consistent with the CDK training definition; the repository's original CDK generator was used.,546,
ElasticNet,MDEN-12,119,,False,0,False,0,True,546,0,546,546,0,True,True,No exact RDKit implementation consistent with the CDK training definition; the repository's original CDK generator was used.,546,
ElasticNet,MDEN-13,120,,False,0,False,0,True,546,0,546,546,0,True,True,No exact RDKit implementation consistent with the CDK training definition; the repository's original CDK generator was used.,546,
ElasticNet,MDEN-22,121,,False,0,False,0,True,546,0,546,546,0,True,True,No exact RDKit implementation consistent with the CDK training definition; the repository's original CDK generator was used.,546,
ElasticNet,MDEN-23,122,,False,0,False,0,True,546,0,546,546,0,True,True,No exact RDKit implementation consistent with the CDK training definition; the repository's original CDK generator was used.,546,
ElasticNet,MDEN-33,123,,False,0,False,0,True,546,0,546,546,0,True,True,No exact RDKit implementation consistent with the CDK training definition; the repository's original CDK generator was used.,546,
ElasticNet,MLogP,124,,False,0,False,0,True,546,0,546,546,0,True,True,No exact RDKit implementation consistent with the CDK training definition; the repository's original CDK generator was used.,546,
ElasticNet,topoShape,125,,False,0,False,0,True,531,15,546,546,0,True,True,No exact RDKit implementation consistent with the CDK training definition; the repository's original CDK generator was used.,546,
ElasticNet,nRotB,126,,False,0,False,0,True,546,0,546,546,0,True,True,No exact RDKit implementation consistent with the CDK training definition; the repository's original CDK generator was used.,546,
ElasticNet,LipinskiFailures,127,,False,0,False,0,True,546,0,546,546,0,True,True,No exact RDKit implementation consistent with the CDK training definition; the repository's original CDK generator was used.,546,
ElasticNet,nAromRings,128,,False,0,True,546,False,0,0,546,0,0,True,False,,546,
ElasticNet,nRingBlocks,129,,False,0,False,0,True,546,0,546,546,0,True,True,No exact RDKit implementation consistent with the CDK training definition; the repository's original CDK generator was used.,546,
ElasticNet,nAromBlocks,130,,False,0,False,0,True,546,0,546,546,0,True,True,No exact RDKit implementation consistent with the CDK training definition; the repository's original CDK generator was used.,546,
ElasticNet,nRings3,131,,False,0,True,546,False,0,0,546,0,0,True,False,,546,
ElasticNet,nRings4,132,,False,0,True,546,False,0,0,546,0,0,True,False,,546,
ElasticNet,nRings5,133,,False,0,True,546,False,0,0,546,0,0,True,False,,546,
ElasticNet,nRings6,134,,False,0,True,546,False,0,0,546,0,0,True,False,,546,
ElasticNet,nRings7,135,,False,0,True,546,False,0,0,546,0,0,True,False,,546,
ElasticNet,nRings8,136,,False,0,True,546,False,0,0,546,0,0,True,False,,546,
ElasticNet,nRings9,137,,False,0,True,546,False,0,0,546,0,0,True,False,,546,
ElasticNet,TopoPSA,138,,False,0,False,0,True,546,0,546,546,0,True,True,No exact RDKit implementation consistent with the CDK training definition; the repository's original CDK generator was used.,546,
ElasticNet,VAdjMat,139,,False,0,False,0,True,546,0,546,546,0,True,True,No exact RDKit implementation consistent with the CDK training definition; the repository's original CDK generator was used.,546,
ElasticNet,WTPT-2,140,,False,0,False,0,True,546,0,546,546,0,True,True,No exact RDKit implementation consistent with the CDK training definition; the repository's original CDK generator was used.,546,
ElasticNet,WTPT-3,141,,False,0,False,0,True,546,0,546,546,0,True,True,No exact RDKit implementation consistent with the CDK training definition; the repository's original CDK generator was used.,546,
ElasticNet,WTPT-4,142,,False,0,False,0,True,546,0,546,546,0,True,True,No exact RDKit implementation consistent with the CDK training definition; the repository's original CDK generator was used.,546,
ElasticNet,WTPT-5,143,,False,0,False,0,True,546,0,546,546,0,True,True,No exact RDKit implementation consistent with the CDK training definition; the repository's original CDK generator was used.,546,
ElasticNet,WPATH,144,,False,0,False,0,True,546,0,546,546,0,True,True,No exact RDKit implementation consistent with the CDK training definition; the repository's original CDK generator was used.,546,
ElasticNet,XLogP,145,,False,0,False,0,True,546,0,546,546,0,True,True,No exact RDKit implementation consistent with the CDK training definition; the repository's original CDK generator was used.,546,
ElasticNet,Zagreb,146,,False,0,True,546,False,0,0,546,0,0,True,False,,546,
ExtraTrees,Texpi,1,donor/skin surface temperature (°C),True,391,False,0,False,0,155,155,155,0,True,False,,155,Converted Celsius values to Kelvin; values already >=200 were treated as Kelvin.
ExtraTrees,ALogp2,2,,False,0,False,0,True,546,0,546,546,0,True,True,No exact RDKit implementation consistent with the CDK training definition; the repository's original CDK generator was used.,546,
ExtraTrees,nAcid,3,,False,0,False,0,True,546,0,546,546,0,True,True,No exact RDKit implementation consistent with the CDK training definition; the repository's original CDK generator was used.,546,
ExtraTrees,nAromBond,4,,False,0,False,0,True,546,0,546,546,0,True,True,No exact RDKit implementation consistent with the CDK training definition; the repository's original CDK generator was used.,546,
ExtraTrees,ATSc2,5,,False,0,False,0,True,543,3,546,546,0,True,True,No exact RDKit implementation consistent with the CDK training definition; the repository's original CDK generator was used.,546,
ExtraTrees,ATSc3,6,,False,0,False,0,True,543,3,546,546,0,True,True,No exact RDKit implementation consistent with the CDK training definition; the repository's original CDK generator was used.,546,
ExtraTrees,ATSc4,7,,False,0,False,0,True,543,3,546,546,0,True,True,No exact RDKit implementation consistent with the CDK training definition; the repository's original CDK generator was used.,546,
ExtraTrees,ATSc5,8,,False,0,False,0,True,543,3,546,546,0,True,True,No exact RDKit implementation consistent with the CDK training definition; the repository's original CDK generator was used.,546,
ExtraTrees,ATSm1,9,,False,0,False,0,True,546,0,546,546,0,True,True,No exact RDKit implementation consistent with the CDK training definition; the repository's original CDK generator was used.,546,
ExtraTrees,BCUTw-1l,10,,False,0,False,0,True,543,3,546,546,0,True,True,No exact RDKit implementation consistent with the CDK training definition; the repository's original CDK generator was used.,546,
ExtraTrees,BCUTw-1h,11,,False,0,False,0,True,543,3,546,546,0,True,True,No exact RDKit implementation consistent with the CDK training definition; the repository's original CDK generator was used.,546,
ExtraTrees,BCUTc-1l,12,,False,0,False,0,True,543,3,546,546,0,True,True,No exact RDKit implementation consistent with the CDK training definition; the repository's original CDK generator was used.,546,
ExtraTrees,BCUTc-1h,13,,False,0,False,0,True,543,3,546,546,0,True,True,No exact RDKit implementation consistent with the CDK training definition; the repository's original CDK generator was used.,546,
ExtraTrees,BCUTp-1l,14,,False,0,False,0,True,543,3,546,546,0,True,True,No exact RDKit implementation consistent with the CDK training definition; the repository's original CDK generator was used.,546,
ExtraTrees,BCUTp-1h,15,,False,0,False,0,True,543,3,546,546,0,True,True,No exact RDKit implementation consistent with the CDK training definition; the repository's original CDK generator was used.,546,
ExtraTrees,nBase,16,,False,0,False,0,True,546,0,546,546,0,True,True,No exact RDKit implementation consistent with the CDK training definition; the repository's original CDK generator was used.,546,
ExtraTrees,C2SP1,17,,False,0,False,0,True,546,0,546,546,0,True,True,No exact RDKit implementation consistent with the CDK training definition; the repository's original CDK generator was used.,546,
ExtraTrees,C1SP2,18,,False,0,False,0,True,546,0,546,546,0,True,True,No exact RDKit implementation consistent with the CDK training definition; the repository's original CDK generator was used.,546,
ExtraTrees,C2SP2,19,,False,0,False,0,True,546,0,546,546,0,True,True,No exact RDKit implementation consistent with the CDK training definition; the repository's original CDK generator was used.,546,
ExtraTrees,C3SP2,20,,False,0,False,0,True,546,0,546,546,0,True,True,No exact RDKit implementation consistent with the CDK training definition; the repository's original CDK generator was used.,546,
ExtraTrees,C1SP3,21,,False,0,False,0,True,546,0,546,546,0,True,True,No exact RDKit implementation consistent with the CDK training definition; the repository's original CDK generator was used.,546,
ExtraTrees,C2SP3,22,,False,0,False,0,True,546,0,546,546,0,True,True,No exact RDKit implementation consistent with the CDK training definition; the repository's original CDK generator was used.,546,
ExtraTrees,SC-4,23,,False,0,False,0,True,546,0,546,546,0,True,True,No exact RDKit implementation consistent with the CDK training definition; the repository's original CDK generator was used.,546,
ExtraTrees,FMF,24,,False,0,False,0,True,546,0,546,546,0,True,True,No exact RDKit implementation consistent with the CDK training definition; the repository's original CDK generator was used.,546,
ExtraTrees,nHBAcc,25,,False,0,False,0,True,546,0,546,546,0,True,True,No exact RDKit implementation consistent with the CDK training definition; the repository's original CDK generator was used.,546,
ExtraTrees,nHBDon,26,,False,0,False,0,True,546,0,546,546,0,True,True,No exact RDKit implementation consistent with the CDK training definition; the repository's original CDK generator was used.,546,
ExtraTrees,HybRatio,27,,False,0,False,0,True,528,18,546,546,0,True,True,No exact RDKit implementation consistent with the CDK training definition; the repository's original CDK generator was used.,546,
ExtraTrees,JPLogP,28,,False,0,False,0,True,531,15,546,546,0,True,True,No exact RDKit implementation consistent with the CDK training definition; the repository's original CDK generator was used.,546,
ExtraTrees,Kier2,29,,False,0,False,0,True,546,0,546,546,0,True,True,No exact RDKit implementation consistent with the CDK training definition; the repository's original CDK generator was used.,546,
ExtraTrees,Kier3,30,,False,0,False,0,True,536,10,546,546,0,True,True,No exact RDKit implementation consistent with the CDK training definition; the repository's original CDK generator was used.,546,
ExtraTrees,khs.sLi,31,,False,0,True,546,False,0,0,546,0,0,True,False,,546,
ExtraTrees,khs.ssBe,32,,False,0,True,546,False,0,0,546,0,0,True,False,,546,
ExtraTrees,khs.ssBH,33,,False,0,True,546,False,0,0,546,0,0,True,False,,546,
ExtraTrees,khs.sssB,34,,False,0,True,546,False,0,0,546,0,0,True,False,,546,
ExtraTrees,khs.sCH3,35,,False,0,True,546,False,0,0,546,0,0,True,False,,546,
ExtraTrees,khs.dCH2,36,,False,0,True,546,False,0,0,546,0,0,True,False,,546,
ExtraTrees,khs.ssCH2,37,,False,0,False,0,True,546,0,546,546,0,True,True,No exact RDKit implementation consistent with the CDK training definition; the repository's original CDK generator was used.,546,
ExtraTrees,khs.tCH,38,,False,0,True,546,False,0,0,546,0,0,True,False,,546,
ExtraTrees,khs.dsCH,39,,False,0,True,546,False,0,0,546,0,0,True,False,,546,
ExtraTrees,khs.aaCH,40,,False,0,True,546,False,0,0,546,0,0,True,False,,546,
ExtraTrees,khs.sssCH,41,,False,0,True,546,False,0,0,546,0,0,True,False,,546,
ExtraTrees,khs.ddC,42,,False,0,True,546,False,0,0,546,0,0,True,False,,546,
ExtraTrees,khs.dssC,43,,False,0,True,546,False,0,0,546,0,0,True,False,,546,
ExtraTrees,khs.aasC,44,,False,0,True,546,False,0,0,546,0,0,True,False,,546,
ExtraTrees,khs.aaaC,45,,False,0,True,546,False,0,0,546,0,0,True,False,,546,
ExtraTrees,khs.sNH3,46,,False,0,True,546,False,0,0,546,0,0,True,False,,546,
ExtraTrees,khs.sNH2,47,,False,0,True,546,False,0,0,546,0,0,True,False,,546,
ExtraTrees,khs.ssNH2,48,,False,0,True,546,False,0,0,546,0,0,True,False,,546,
ExtraTrees,khs.dNH,49,,False,0,True,546,False,0,0,546,0,0,True,False,,546,
ExtraTrees,khs.ssNH,50,,False,0,True,546,False,0,0,546,0,0,True,False,,546,
ExtraTrees,khs.aaNH,51,,False,0,True,546,False,0,0,546,0,0,True,False,,546,
ExtraTrees,khs.tN,52,,False,0,True,546,False,0,0,546,0,0,True,False,,546,
ExtraTrees,khs.dsN,53,,False,0,True,546,False,0,0,546,0,0,True,False,,546,
ExtraTrees,khs.aaN,54,,False,0,True,546,False,0,0,546,0,0,True,False,,546,
ExtraTrees,khs.sssN,55,,False,0,True,546,False,0,0,546,0,0,True,False,,546,
ExtraTrees,khs.ddsN,56,,False,0,True,546,False,0,0,546,0,0,True,False,,546,
ExtraTrees,khs.aasN,57,,False,0,True,546,False,0,0,546,0,0,True,False,,546,
ExtraTrees,khs.ssssN,58,,False,0,True,546,False,0,0,546,0,0,True,False,,546,
ExtraTrees,khs.sOH,59,,False,0,False,0,True,546,0,546,546,0,True,True,No exact RDKit implementation consistent with the CDK training definition; the repository's original CDK generator was used.,546,
ExtraTrees,khs.dO,60,,False,0,True,546,False,0,0,546,0,0,True,False,,546,
ExtraTrees,khs.ssO,61,,False,0,True,546,False,0,0,546,0,0,True,False,,546,
ExtraTrees,khs.aaO,62,,False,0,True,546,False,0,0,546,0,0,True,False,,546,
ExtraTrees,khs.sF,63,,False,0,True,546,False,0,0,546,0,0,True,False,,546,
ExtraTrees,khs.sSiH3,64,,False,0,True,546,False,0,0,546,0,0,True,False,,546,
ExtraTrees,khs.ssSiH2,65,,False,0,True,546,False,0,0,546,0,0,True,False,,546,
ExtraTrees,khs.sssSiH,66,,False,0,True,546,False,0,0,546,0,0,True,False,,546,
ExtraTrees,khs.ssssSi,67,,False,0,True,546,False,0,0,546,0,0,True,False,,546,
ExtraTrees,khs.sPH2,68,,False,0,True,546,False,0,0,546,0,0,True,False,,546,
ExtraTrees,khs.ssPH,69,,False,0,True,546,False,0,0,546,0,0,True,False,,546,
ExtraTrees,khs.sssP,70,,False,0,True,546,False,0,0,546,0,0,True,False,,546,
ExtraTrees,khs.dsssP,71,,False,0,True,546,False,0,0,546,0,0,True,False,,546,
ExtraTrees,khs.sssssP,72,,False,0,True,546,False,0,0,546,0,0,True,False,,546,
ExtraTrees,khs.sSH,73,,False,0,True,546,False,0,0,546,0,0,True,False,,546,
ExtraTrees,khs.dS,74,,False,0,True,546,False,0,0,546,0,0,True,False,,546,
ExtraTrees,khs.ssS,75,,False,0,True,546,False,0,0,546,0,0,True,False,,546,
ExtraTrees,khs.aaS,76,,False,0,True,546,False,0,0,546,0,0,True,False,,546,
ExtraTrees,khs.dssS,77,,False,0,True,546,False,0,0,546,0,0,True,False,,546,
ExtraTrees,khs.ddssS,78,,False,0,True,546,False,0,0,546,0,0,True,False,,546,
ExtraTrees,khs.sCl,79,,False,0,True,546,False,0,0,546,0,0,True,False,,546,
ExtraTrees,khs.sGeH3,80,,False,0,True,546,False,0,0,546,0,0,True,False,,546,
ExtraTrees,khs.ssGeH2,81,,False,0,True,546,False,0,0,546,0,0,True,False,,546,
ExtraTrees,khs.sssGeH,82,,False,0,True,546,False,0,0,546,0,0,True,False,,546,
ExtraTrees,khs.ssssGe,83,,False,0,True,546,False,0,0,546,0,0,True,False,,546,
ExtraTrees,khs.sAsH2,84,,False,0,True,546,False,0,0,546,0,0,True,False,,546,
ExtraTrees,khs.ssAsH,85,,False,0,True,546,False,0,0,546,0,0,True,False,,546,
ExtraTrees,khs.sssAs,86,,False,0,True,546,False,0,0,546,0,0,True,False,,546,
ExtraTrees,khs.sssdAs,87,,False,0,True,546,False,0,0,546,0,0,True,False,,546,
ExtraTrees,khs.sssssAs,88,,False,0,True,546,False,0,0,546,0,0,True,False,,546,
ExtraTrees,khs.sSeH,89,,False,0,True,546,False,0,0,546,0,0,True,False,,546,
ExtraTrees,khs.dSe,90,,False,0,True,546,False,0,0,546,0,0,True,False,,546,
ExtraTrees,khs.ssSe,91,,False,0,True,546,False,0,0,546,0,0,True,False,,546,
ExtraTrees,khs.aaSe,92,,False,0,True,546,False,0,0,546,0,0,True,False,,546,
ExtraTrees,khs.dssSe,93,,False,0,True,546,False,0,0,546,0,0,True,False,,546,
ExtraTrees,khs.ddssSe,94,,False,0,True,546,False,0,0,546,0,0,True,False,,546,
ExtraTrees,khs.sBr,95,,False,0,True,546,False,0,0,546,0,0,True,False,,546,
ExtraTrees,khs.sSnH3,96,,False,0,True,546,False,0,0,546,0,0,True,False,,546,
ExtraTrees,khs.ssSnH2,97,,False,0,True,546,False,0,0,546,0,0,True,False,,546,
ExtraTrees,khs.sssSnH,98,,False,0,True,546,False,0,0,546,0,0,True,False,,546,
ExtraTrees,khs.ssssSn,99,,False,0,True,546,False,0,0,546,0,0,True,False,,546,
ExtraTrees,khs.sPbH3,100,,False,0,True,546,False,0,0,546,0,0,True,False,,546,
ExtraTrees,khs.ssPbH2,101,,False,0,True,546,False,0,0,546,0,0,True,False,,546,
ExtraTrees,khs.sssPbH,102,,False,0,True,546,False,0,0,546,0,0,True,False,,546,
ExtraTrees,khs.ssssPb,103,,False,0,True,546,False,0,0,546,0,0,True,False,,546,
ExtraTrees,nAtomLC,104,,False,0,False,0,True,546,0,546,546,0,True,True,No exact RDKit implementation consistent with the CDK training definition; the repository's original CDK generator was used.,546,
ExtraTrees,nAtomP,105,,False,0,False,0,True,546,0,546,546,0,True,True,No exact RDKit implementation consistent with the CDK training definition; the repository's original CDK generator was used.,546,
ExtraTrees,nAtomLAC,106,,False,0,False,0,True,546,0,546,546,0,True,True,No exact RDKit implementation consistent with the CDK training definition; the repository's original CDK generator was used.,546,
ExtraTrees,MDEC-11,107,,False,0,False,0,True,546,0,546,546,0,True,True,No exact RDKit implementation consistent with the CDK training definition; the repository's original CDK generator was used.,546,
ExtraTrees,MDEC-12,108,,False,0,False,0,True,546,0,546,546,0,True,True,No exact RDKit implementation consistent with the CDK training definition; the repository's original CDK generator was used.,546,
ExtraTrees,MDEC-13,109,,False,0,False,0,True,546,0,546,546,0,True,True,No exact RDKit implementation consistent with the CDK training definition; the repository's original CDK generator was used.,546,
ExtraTrees,MDEC-14,110,,False,0,False,0,True,546,0,546,546,0,True,True,No exact RDKit implementation consistent with the CDK training definition; the repository's original CDK generator was used.,546,
ExtraTrees,MDEC-22,111,,False,0,False,0,True,546,0,546,546,0,True,True,No exact RDKit implementation consistent with the CDK training definition; the repository's original CDK generator was used.,546,
ExtraTrees,MDEC-33,112,,False,0,False,0,True,546,0,546,546,0,True,True,No exact RDKit implementation consistent with the CDK training definition; the repository's original CDK generator was used.,546,
ExtraTrees,MDEC-34,113,,False,0,False,0,True,546,0,546,546,0,True,True,No exact RDKit implementation consistent with the CDK training definition; the repository's original CDK generator was used.,546,
ExtraTrees,MDEC-44,114,,False,0,False,0,True,546,0,546,546,0,True,True,No exact RDKit implementation consistent with the CDK training definition; the repository's original CDK generator was used.,546,
ExtraTrees,MDEO-11,115,,False,0,False,0,True,546,0,546,546,0,True,True,No exact RDKit implementation consistent with the CDK training definition; the repository's original CDK generator was used.,546,
ExtraTrees,MDEO-12,116,,False,0,False,0,True,546,0,546,546,0,True,True,No exact RDKit implementation consistent with the CDK training definition; the repository's original CDK generator was used.,546,
ExtraTrees,MDEO-22,117,,False,0,False,0,True,546,0,546,546,0,True,True,No exact RDKit implementation consistent with the CDK training definition; the repository's original CDK generator was used.,546,
ExtraTrees,MDEN-11,118,,False,0,False,0,True,546,0,546,546,0,True,True,No exact RDKit implementation consistent with the CDK training definition; the repository's original CDK generator was used.,546,
ExtraTrees,MDEN-12,119,,False,0,False,0,True,546,0,546,546,0,True,True,No exact RDKit implementation consistent with the CDK training definition; the repository's original CDK generator was used.,546,
ExtraTrees,MDEN-13,120,,False,0,False,0,True,546,0,546,546,0,True,True,No exact RDKit implementation consistent with the CDK training definition; the repository's original CDK generator was used.,546,
ExtraTrees,MDEN-22,121,,False,0,False,0,True,546,0,546,546,0,True,True,No exact RDKit implementation consistent with the CDK training definition; the repository's original CDK generator was used.,546,
ExtraTrees,MDEN-23,122,,False,0,False,0,True,546,0,546,546,0,True,True,No exact RDKit implementation consistent with the CDK training definition; the repository's original CDK generator was used.,546,
ExtraTrees,MDEN-33,123,,False,0,False,0,True,546,0,546,546,0,True,True,No exact RDKit implementation consistent with the CDK training definition; the repository's original CDK generator was used.,546,
ExtraTrees,MLogP,124,,False,0,False,0,True,546,0,546,546,0,True,True,No exact RDKit implementation consistent with the CDK training definition; the repository's original CDK generator was used.,546,
ExtraTrees,topoShape,125,,False,0,False,0,True,531,15,546,546,0,True,True,No exact RDKit implementation consistent with the CDK training definition; the repository's original CDK generator was used.,546,
ExtraTrees,nRotB,126,,False,0,False,0,True,546,0,546,546,0,True,True,No exact RDKit implementation consistent with the CDK training definition; the repository's original CDK generator was used.,546,
ExtraTrees,LipinskiFailures,127,,False,0,False,0,True,546,0,546,546,0,True,True,No exact RDKit implementation consistent with the CDK training definition; the repository's original CDK generator was used.,546,
ExtraTrees,nAromRings,128,,False,0,True,546,False,0,0,546,0,0,True,False,,546,
ExtraTrees,nRingBlocks,129,,False,0,False,0,True,546,0,546,546,0,True,True,No exact RDKit implementation consistent with the CDK training definition; the repository's original CDK generator was used.,546,
ExtraTrees,nAromBlocks,130,,False,0,False,0,True,546,0,546,546,0,True,True,No exact RDKit implementation consistent with the CDK training definition; the repository's original CDK generator was used.,546,
ExtraTrees,nRings3,131,,False,0,True,546,False,0,0,546,0,0,True,False,,546,
ExtraTrees,nRings4,132,,False,0,True,546,False,0,0,546,0,0,True,False,,546,
ExtraTrees,nRings5,133,,False,0,True,546,False,0,0,546,0,0,True,False,,546,
ExtraTrees,nRings6,134,,False,0,True,546,False,0,0,546,0,0,True,False,,546,
ExtraTrees,nRings7,135,,False,0,True,546,False,0,0,546,0,0,True,False,,546,
ExtraTrees,nRings8,136,,False,0,True,546,False,0,0,546,0,0,True,False,,546,
ExtraTrees,nRings9,137,,False,0,True,546,False,0,0,546,0,0,True,False,,546,
ExtraTrees,TopoPSA,138,,False,0,False,0,True,546,0,546,546,0,True,True,No exact RDKit implementation consistent with the CDK training definition; the repository's original CDK generator was used.,546,
ExtraTrees,VAdjMat,139,,False,0,False,0,True,546,0,546,546,0,True,True,No exact RDKit implementation consistent with the CDK training definition; the repository's original CDK generator was used.,546,
ExtraTrees,WTPT-2,140,,False,0,False,0,True,546,0,546,546,0,True,True,No exact RDKit implementation consistent with the CDK training definition; the repository's original CDK generator was used.,546,
ExtraTrees,WTPT-3,141,,False,0,False,0,True,546,0,546,546,0,True,True,No exact RDKit implementation consistent with the CDK training definition; the repository's original CDK generator was used.,546,
ExtraTrees,WTPT-4,142,,False,0,False,0,True,546,0,546,546,0,True,True,No exact RDKit implementation consistent with the CDK training definition; the repository's original CDK generator was used.,546,
ExtraTrees,WTPT-5,143,,False,0,False,0,True,546,0,546,546,0,True,True,No exact RDKit implementation consistent with the CDK training definition; the repository's original CDK generator was used.,546,
ExtraTrees,WPATH,144,,False,0,False,0,True,546,0,546,546,0,True,True,No exact RDKit implementation consistent with the CDK training definition; the repository's original CDK generator was used.,546,
ExtraTrees,XLogP,145,,False,0,False,0,True,546,0,546,546,0,True,True,No exact RDKit implementation consistent with the CDK training definition; the repository's original CDK generator was used.,546,
ExtraTrees,Zagreb,146,,False,0,True,546,False,0,0,546,0,0,True,False,,546,
Gradient Boosting,Texpi,1,donor/skin surface temperature (°C),True,391,False,0,False,0,155,155,155,0,True,False,,155,Converted Celsius values to Kelvin; values already >=200 were treated as Kelvin.
Gradient Boosting,ALogp2,2,,False,0,False,0,True,546,0,546,546,0,True,True,No exact RDKit implementation consistent with the CDK training definition; the repository's original CDK generator was used.,546,
Gradient Boosting,nAcid,3,,False,0,False,0,True,546,0,546,546,0,True,True,No exact RDKit implementation consistent with the CDK training definition; the repository's original CDK generator was used.,546,
Gradient Boosting,nAromBond,4,,False,0,False,0,True,546,0,546,546,0,True,True,No exact RDKit implementation consistent with the CDK training definition; the repository's original CDK generator was used.,546,
Gradient Boosting,ATSc2,5,,False,0,False,0,True,543,3,546,546,0,True,True,No exact RDKit implementation consistent with the CDK training definition; the repository's original CDK generator was used.,546,
Gradient Boosting,ATSc3,6,,False,0,False,0,True,543,3,546,546,0,True,True,No exact RDKit implementation consistent with the CDK training definition; the repository's original CDK generator was used.,546,
Gradient Boosting,ATSc4,7,,False,0,False,0,True,543,3,546,546,0,True,True,No exact RDKit implementation consistent with the CDK training definition; the repository's original CDK generator was used.,546,
Gradient Boosting,ATSc5,8,,False,0,False,0,True,543,3,546,546,0,True,True,No exact RDKit implementation consistent with the CDK training definition; the repository's original CDK generator was used.,546,
Gradient Boosting,ATSm1,9,,False,0,False,0,True,546,0,546,546,0,True,True,No exact RDKit implementation consistent with the CDK training definition; the repository's original CDK generator was used.,546,
Gradient Boosting,BCUTw-1l,10,,False,0,False,0,True,543,3,546,546,0,True,True,No exact RDKit implementation consistent with the CDK training definition; the repository's original CDK generator was used.,546,
Gradient Boosting,BCUTw-1h,11,,False,0,False,0,True,543,3,546,546,0,True,True,No exact RDKit implementation consistent with the CDK training definition; the repository's original CDK generator was used.,546,
Gradient Boosting,BCUTc-1l,12,,False,0,False,0,True,543,3,546,546,0,True,True,No exact RDKit implementation consistent with the CDK training definition; the repository's original CDK generator was used.,546,
Gradient Boosting,BCUTc-1h,13,,False,0,False,0,True,543,3,546,546,0,True,True,No exact RDKit implementation consistent with the CDK training definition; the repository's original CDK generator was used.,546,
Gradient Boosting,BCUTp-1l,14,,False,0,False,0,True,543,3,546,546,0,True,True,No exact RDKit implementation consistent with the CDK training definition; the repository's original CDK generator was used.,546,
Gradient Boosting,BCUTp-1h,15,,False,0,False,0,True,543,3,546,546,0,True,True,No exact RDKit implementation consistent with the CDK training definition; the repository's original CDK generator was used.,546,
Gradient Boosting,nBase,16,,False,0,False,0,True,546,0,546,546,0,True,True,No exact RDKit implementation consistent with the CDK training definition; the repository's original CDK generator was used.,546,
Gradient Boosting,C2SP1,17,,False,0,False,0,True,546,0,546,546,0,True,True,No exact RDKit implementation consistent with the CDK training definition; the repository's original CDK generator was used.,546,
Gradient Boosting,C1SP2,18,,False,0,False,0,True,546,0,546,546,0,True,True,No exact RDKit implementation consistent with the CDK training definition; the repository's original CDK generator was used.,546,
Gradient Boosting,C2SP2,19,,False,0,False,0,True,546,0,546,546,0,True,True,No exact RDKit implementation consistent with the CDK training definition; the repository's original CDK generator was used.,546,
Gradient Boosting,C3SP2,20,,False,0,False,0,True,546,0,546,546,0,True,True,No exact RDKit implementation consistent with the CDK training definition; the repository's original CDK generator was used.,546,
Gradient Boosting,C1SP3,21,,False,0,False,0,True,546,0,546,546,0,True,True,No exact RDKit implementation consistent with the CDK training definition; the repository's original CDK generator was used.,546,
Gradient Boosting,C2SP3,22,,False,0,False,0,True,546,0,546,546,0,True,True,No exact RDKit implementation consistent with the CDK training definition; the repository's original CDK generator was used.,546,
Gradient Boosting,SC-4,23,,False,0,False,0,True,546,0,546,546,0,True,True,No exact RDKit implementation consistent with the CDK training definition; the repository's original CDK generator was used.,546,
Gradient Boosting,FMF,24,,False,0,False,0,True,546,0,546,546,0,True,True,No exact RDKit implementation consistent with the CDK training definition; the repository's original CDK generator was used.,546,
Gradient Boosting,nHBAcc,25,,False,0,False,0,True,546,0,546,546,0,True,True,No exact RDKit implementation consistent with the CDK training definition; the repository's original CDK generator was used.,546,
Gradient Boosting,nHBDon,26,,False,0,False,0,True,546,0,546,546,0,True,True,No exact RDKit implementation consistent with the CDK training definition; the repository's original CDK generator was used.,546,
Gradient Boosting,HybRatio,27,,False,0,False,0,True,528,18,546,546,0,True,True,No exact RDKit implementation consistent with the CDK training definition; the repository's original CDK generator was used.,546,
Gradient Boosting,JPLogP,28,,False,0,False,0,True,531,15,546,546,0,True,True,No exact RDKit implementation consistent with the CDK training definition; the repository's original CDK generator was used.,546,
Gradient Boosting,Kier2,29,,False,0,False,0,True,546,0,546,546,0,True,True,No exact RDKit implementation consistent with the CDK training definition; the repository's original CDK generator was used.,546,
Gradient Boosting,Kier3,30,,False,0,False,0,True,536,10,546,546,0,True,True,No exact RDKit implementation consistent with the CDK training definition; the repository's original CDK generator was used.,546,
Gradient Boosting,khs.sLi,31,,False,0,True,546,False,0,0,546,0,0,True,False,,546,
Gradient Boosting,khs.ssBe,32,,False,0,True,546,False,0,0,546,0,0,True,False,,546,
Gradient Boosting,khs.ssBH,33,,False,0,True,546,False,0,0,546,0,0,True,False,,546,
Gradient Boosting,khs.sssB,34,,False,0,True,546,False,0,0,546,0,0,True,False,,546,
Gradient Boosting,khs.sCH3,35,,False,0,True,546,False,0,0,546,0,0,True,False,,546,
Gradient Boosting,khs.dCH2,36,,False,0,True,546,False,0,0,546,0,0,True,False,,546,
Gradient Boosting,khs.ssCH2,37,,False,0,False,0,True,546,0,546,546,0,True,True,No exact RDKit implementation consistent with the CDK training definition; the repository's original CDK generator was used.,546,
Gradient Boosting,khs.tCH,38,,False,0,True,546,False,0,0,546,0,0,True,False,,546,
Gradient Boosting,khs.dsCH,39,,False,0,True,546,False,0,0,546,0,0,True,False,,546,
Gradient Boosting,khs.aaCH,40,,False,0,True,546,False,0,0,546,0,0,True,False,,546,
Gradient Boosting,khs.sssCH,41,,False,0,True,546,False,0,0,546,0,0,True,False,,546,
Gradient Boosting,khs.ddC,42,,False,0,True,546,False,0,0,546,0,0,True,False,,546,
Gradient Boosting,khs.dssC,43,,False,0,True,546,False,0,0,546,0,0,True,False,,546,
Gradient Boosting,khs.aasC,44,,False,0,True,546,False,0,0,546,0,0,True,False,,546,
Gradient Boosting,khs.aaaC,45,,False,0,True,546,False,0,0,546,0,0,True,False,,546,
Gradient Boosting,khs.sNH3,46,,False,0,True,546,False,0,0,546,0,0,True,False,,546,
Gradient Boosting,khs.sNH2,47,,False,0,True,546,False,0,0,546,0,0,True,False,,546,
Gradient Boosting,khs.ssNH2,48,,False,0,True,546,False,0,0,546,0,0,True,False,,546,
Gradient Boosting,khs.dNH,49,,False,0,True,546,False,0,0,546,0,0,True,False,,546,
Gradient Boosting,khs.ssNH,50,,False,0,True,546,False,0,0,546,0,0,True,False,,546,
Gradient Boosting,khs.aaNH,51,,False,0,True,546,False,0,0,546,0,0,True,False,,546,
Gradient Boosting,khs.tN,52,,False,0,True,546,False,0,0,546,0,0,True,False,,546,
Gradient Boosting,khs.dsN,53,,False,0,True,546,False,0,0,546,0,0,True,False,,546,
Gradient Boosting,khs.aaN,54,,False,0,True,546,False,0,0,546,0,0,True,False,,546,
Gradient Boosting,khs.sssN,55,,False,0,True,546,False,0,0,546,0,0,True,False,,546,
Gradient Boosting,khs.ddsN,56,,False,0,True,546,False,0,0,546,0,0,True,False,,546,
Gradient Boosting,khs.aasN,57,,False,0,True,546,False,0,0,546,0,0,True,False,,546,
Gradient Boosting,khs.ssssN,58,,False,0,True,546,False,0,0,546,0,0,True,False,,546,
Gradient Boosting,khs.sOH,59,,False,0,False,0,True,546,0,546,546,0,True,True,No exact RDKit implementation consistent with the CDK training definition; the repository's original CDK generator was used.,546,
Gradient Boosting,khs.dO,60,,False,0,True,546,False,0,0,546,0,0,True,False,,546,
Gradient Boosting,khs.ssO,61,,False,0,True,546,False,0,0,546,0,0,True,False,,546,
Gradient Boosting,khs.aaO,62,,False,0,True,546,False,0,0,546,0,0,True,False,,546,
Gradient Boosting,khs.sF,63,,False,0,True,546,False,0,0,546,0,0,True,False,,546,
Gradient Boosting,khs.sSiH3,64,,False,0,True,546,False,0,0,546,0,0,True,False,,546,
Gradient Boosting,khs.ssSiH2,65,,False,0,True,546,False,0,0,546,0,0,True,False,,546,
Gradient Boosting,khs.sssSiH,66,,False,0,True,546,False,0,0,546,0,0,True,False,,546,
Gradient Boosting,khs.ssssSi,67,,False,0,True,546,False,0,0,546,0,0,True,False,,546,
Gradient Boosting,khs.sPH2,68,,False,0,True,546,False,0,0,546,0,0,True,False,,546,
Gradient Boosting,khs.ssPH,69,,False,0,True,546,False,0,0,546,0,0,True,False,,546,
Gradient Boosting,khs.sssP,70,,False,0,True,546,False,0,0,546,0,0,True,False,,546,
Gradient Boosting,khs.dsssP,71,,False,0,True,546,False,0,0,546,0,0,True,False,,546,
Gradient Boosting,khs.sssssP,72,,False,0,True,546,False,0,0,546,0,0,True,False,,546,
Gradient Boosting,khs.sSH,73,,False,0,True,546,False,0,0,546,0,0,True,False,,546,
Gradient Boosting,khs.dS,74,,False,0,True,546,False,0,0,546,0,0,True,False,,546,
Gradient Boosting,khs.ssS,75,,False,0,True,546,False,0,0,546,0,0,True,False,,546,
Gradient Boosting,khs.aaS,76,,False,0,True,546,False,0,0,546,0,0,True,False,,546,
Gradient Boosting,khs.dssS,77,,False,0,True,546,False,0,0,546,0,0,True,False,,546,
Gradient Boosting,khs.ddssS,78,,False,0,True,546,False,0,0,546,0,0,True,False,,546,
Gradient Boosting,khs.sCl,79,,False,0,True,546,False,0,0,546,0,0,True,False,,546,
Gradient Boosting,khs.sGeH3,80,,False,0,True,546,False,0,0,546,0,0,True,False,,546,
Gradient Boosting,khs.ssGeH2,81,,False,0,True,546,False,0,0,546,0,0,True,False,,546,
Gradient Boosting,khs.sssGeH,82,,False,0,True,546,False,0,0,546,0,0,True,False,,546,
Gradient Boosting,khs.ssssGe,83,,False,0,True,546,False,0,0,546,0,0,True,False,,546,
Gradient Boosting,khs.sAsH2,84,,False,0,True,546,False,0,0,546,0,0,True,False,,546,
Gradient Boosting,khs.ssAsH,85,,False,0,True,546,False,0,0,546,0,0,True,False,,546,
Gradient Boosting,khs.sssAs,86,,False,0,True,546,False,0,0,546,0,0,True,False,,546,
Gradient Boosting,khs.sssdAs,87,,False,0,True,546,False,0,0,546,0,0,True,False,,546,
Gradient Boosting,khs.sssssAs,88,,False,0,True,546,False,0,0,546,0,0,True,False,,546,
Gradient Boosting,khs.sSeH,89,,False,0,True,546,False,0,0,546,0,0,True,False,,546,
Gradient Boosting,khs.dSe,90,,False,0,True,546,False,0,0,546,0,0,True,False,,546,
Gradient Boosting,khs.ssSe,91,,False,0,True,546,False,0,0,546,0,0,True,False,,546,
Gradient Boosting,khs.aaSe,92,,False,0,True,546,False,0,0,546,0,0,True,False,,546,
Gradient Boosting,khs.dssSe,93,,False,0,True,546,False,0,0,546,0,0,True,False,,546,
Gradient Boosting,khs.ddssSe,94,,False,0,True,546,False,0,0,546,0,0,True,False,,546,
Gradient Boosting,khs.sBr,95,,False,0,True,546,False,0,0,546,0,0,True,False,,546,
Gradient Boosting,khs.sSnH3,96,,False,0,True,546,False,0,0,546,0,0,True,False,,546,
Gradient Boosting,khs.ssSnH2,97,,False,0,True,546,False,0,0,546,0,0,True,False,,546,
Gradient Boosting,khs.sssSnH,98,,False,0,True,546,False,0,0,546,0,0,True,False,,546,
Gradient Boosting,khs.ssssSn,99,,False,0,True,546,False,0,0,546,0,0,True,False,,546,
Gradient Boosting,khs.sPbH3,100,,False,0,True,546,False,0,0,546,0,0,True,False,,546,
Gradient Boosting,khs.ssPbH2,101,,False,0,True,546,False,0,0,546,0,0,True,False,,546,
Gradient Boosting,khs.sssPbH,102,,False,0,True,546,False,0,0,546,0,0,True,False,,546,
Gradient Boosting,khs.ssssPb,103,,False,0,True,546,False,0,0,546,0,0,True,False,,546,
Gradient Boosting,nAtomLC,104,,False,0,False,0,True,546,0,546,546,0,True,True,No exact RDKit implementation consistent with the CDK training definition; the repository's original CDK generator was used.,546,
Gradient Boosting,nAtomP,105,,False,0,False,0,True,546,0,546,546,0,True,True,No exact RDKit implementation consistent with the CDK training definition; the repository's original CDK generator was used.,546,
Gradient Boosting,nAtomLAC,106,,False,0,False,0,True,546,0,546,546,0,True,True,No exact RDKit implementation consistent with the CDK training definition; the repository's original CDK generator was used.,546,
Gradient Boosting,MDEC-11,107,,False,0,False,0,True,546,0,546,546,0,True,True,No exact RDKit implementation consistent with the CDK training definition; the repository's original CDK generator was used.,546,
Gradient Boosting,MDEC-12,108,,False,0,False,0,True,546,0,546,546,0,True,True,No exact RDKit implementation consistent with the CDK training definition; the repository's original CDK generator was used.,546,
Gradient Boosting,MDEC-13,109,,False,0,False,0,True,546,0,546,546,0,True,True,No exact RDKit implementation consistent with the CDK training definition; the repository's original CDK generator was used.,546,
Gradient Boosting,MDEC-14,110,,False,0,False,0,True,546,0,546,546,0,True,True,No exact RDKit implementation consistent with the CDK training definition; the repository's original CDK generator was used.,546,
Gradient Boosting,MDEC-22,111,,False,0,False,0,True,546,0,546,546,0,True,True,No exact RDKit implementation consistent with the CDK training definition; the repository's original CDK generator was used.,546,
Gradient Boosting,MDEC-33,112,,False,0,False,0,True,546,0,546,546,0,True,True,No exact RDKit implementation consistent with the CDK training definition; the repository's original CDK generator was used.,546,
Gradient Boosting,MDEC-34,113,,False,0,False,0,True,546,0,546,546,0,True,True,No exact RDKit implementation consistent with the CDK training definition; the repository's original CDK generator was used.,546,
Gradient Boosting,MDEC-44,114,,False,0,False,0,True,546,0,546,546,0,True,True,No exact RDKit implementation consistent with the CDK training definition; the repository's original CDK generator was used.,546,
Gradient Boosting,MDEO-11,115,,False,0,False,0,True,546,0,546,546,0,True,True,No exact RDKit implementation consistent with the CDK training definition; the repository's original CDK generator was used.,546,
Gradient Boosting,MDEO-12,116,,False,0,False,0,True,546,0,546,546,0,True,True,No exact RDKit implementation consistent with the CDK training definition; the repository's original CDK generator was used.,546,
Gradient Boosting,MDEO-22,117,,False,0,False,0,True,546,0,546,546,0,True,True,No exact RDKit implementation consistent with the CDK training definition; the repository's original CDK generator was used.,546,
Gradient Boosting,MDEN-11,118,,False,0,False,0,True,546,0,546,546,0,True,True,No exact RDKit implementation consistent with the CDK training definition; the repository's original CDK generator was used.,546,
Gradient Boosting,MDEN-12,119,,False,0,False,0,True,546,0,546,546,0,True,True,No exact RDKit implementation consistent with the CDK training definition; the repository's original CDK generator was used.,546,
Gradient Boosting,MDEN-13,120,,False,0,False,0,True,546,0,546,546,0,True,True,No exact RDKit implementation consistent with the CDK training definition; the repository's original CDK generator was used.,546,
Gradient Boosting,MDEN-22,121,,False,0,False,0,True,546,0,546,546,0,True,True,No exact RDKit implementation consistent with the CDK training definition; the repository's original CDK generator was used.,546,
Gradient Boosting,MDEN-23,122,,False,0,False,0,True,546,0,546,546,0,True,True,No exact RDKit implementation consistent with the CDK training definition; the repository's original CDK generator was used.,546,
Gradient Boosting,MDEN-33,123,,False,0,False,0,True,546,0,546,546,0,True,True,No exact RDKit implementation consistent with the CDK training definition; the repository's original CDK generator was used.,546,
Gradient Boosting,MLogP,124,,False,0,False,0,True,546,0,546,546,0,True,True,No exact RDKit implementation consistent with the CDK training definition; the repository's original CDK generator was used.,546,
Gradient Boosting,topoShape,125,,False,0,False,0,True,531,15,546,546,0,True,True,No exact RDKit implementation consistent with the CDK training definition; the repository's original CDK generator was used.,546,
Gradient Boosting,nRotB,126,,False,0,False,0,True,546,0,546,546,0,True,True,No exact RDKit implementation consistent with the CDK training definition; the repository's original CDK generator was used.,546,
Gradient Boosting,LipinskiFailures,127,,False,0,False,0,True,546,0,546,546,0,True,True,No exact RDKit implementation consistent with the CDK training definition; the repository's original CDK generator was used.,546,
Gradient Boosting,nAromRings,128,,False,0,True,546,False,0,0,546,0,0,True,False,,546,
Gradient Boosting,nRingBlocks,129,,False,0,False,0,True,546,0,546,546,0,True,True,No exact RDKit implementation consistent with the CDK training definition; the repository's original CDK generator was used.,546,
Gradient Boosting,nAromBlocks,130,,False,0,False,0,True,546,0,546,546,0,True,True,No exact RDKit implementation consistent with the CDK training definition; the repository's original CDK generator was used.,546,
Gradient Boosting,nRings3,131,,False,0,True,546,False,0,0,546,0,0,True,False,,546,
Gradient Boosting,nRings4,132,,False,0,True,546,False,0,0,546,0,0,True,False,,546,
Gradient Boosting,nRings5,133,,False,0,True,546,False,0,0,546,0,0,True,False,,546,
Gradient Boosting,nRings6,134,,False,0,True,546,False,0,0,546,0,0,True,False,,546,
Gradient Boosting,nRings7,135,,False,0,True,546,False,0,0,546,0,0,True,False,,546,
Gradient Boosting,nRings8,136,,False,0,True,546,False,0,0,546,0,0,True,False,,546,
Gradient Boosting,nRings9,137,,False,0,True,546,False,0,0,546,0,0,True,False,,546,
Gradient Boosting,TopoPSA,138,,False,0,False,0,True,546,0,546,546,0,True,True,No exact RDKit implementation consistent with the CDK training definition; the repository's original CDK generator was used.,546,
Gradient Boosting,VAdjMat,139,,False,0,False,0,True,546,0,546,546,0,True,True,No exact RDKit implementation consistent with the CDK training definition; the repository's original CDK generator was used.,546,
Gradient Boosting,WTPT-2,140,,False,0,False,0,True,546,0,546,546,0,True,True,No exact RDKit implementation consistent with the CDK training definition; the repository's original CDK generator was used.,546,
Gradient Boosting,WTPT-3,141,,False,0,False,0,True,546,0,546,546,0,True,True,No exact RDKit implementation consistent with the CDK training definition; the repository's original CDK generator was used.,546,
Gradient Boosting,WTPT-4,142,,False,0,False,0,True,546,0,546,546,0,True,True,No exact RDKit implementation consistent with the CDK training definition; the repository's original CDK generator was used.,546,
Gradient Boosting,WTPT-5,143,,False,0,False,0,True,546,0,546,546,0,True,True,No exact RDKit implementation consistent with the CDK training definition; the repository's original CDK generator was used.,546,
Gradient Boosting,WPATH,144,,False,0,False,0,True,546,0,546,546,0,True,True,No exact RDKit implementation consistent with the CDK training definition; the repository's original CDK generator was used.,546,
Gradient Boosting,XLogP,145,,False,0,False,0,True,546,0,546,546,0,True,True,No exact RDKit implementation consistent with the CDK training definition; the repository's original CDK generator was used.,546,
Gradient Boosting,Zagreb,146,,False,0,True,546,False,0,0,546,0,0,True,False,,546,
HistGradientBoosting,Texpi,1,donor/skin surface temperature (°C),True,391,False,0,False,0,155,155,155,0,True,False,,155,Converted Celsius values to Kelvin; values already >=200 were treated as Kelvin.
HistGradientBoosting,ALogp2,2,,False,0,False,0,True,546,0,546,546,0,True,True,No exact RDKit implementation consistent with the CDK training definition; the repository's original CDK generator was used.,546,
HistGradientBoosting,nAcid,3,,False,0,False,0,True,546,0,546,546,0,True,True,No exact RDKit implementation consistent with the CDK training definition; the repository's original CDK generator was used.,546,
HistGradientBoosting,nAromBond,4,,False,0,False,0,True,546,0,546,546,0,True,True,No exact RDKit implementation consistent with the CDK training definition; the repository's original CDK generator was used.,546,
HistGradientBoosting,ATSc2,5,,False,0,False,0,True,543,3,546,546,0,True,True,No exact RDKit implementation consistent with the CDK training definition; the repository's original CDK generator was used.,546,
HistGradientBoosting,ATSc3,6,,False,0,False,0,True,543,3,546,546,0,True,True,No exact RDKit implementation consistent with the CDK training definition; the repository's original CDK generator was used.,546,
HistGradientBoosting,ATSc4,7,,False,0,False,0,True,543,3,546,546,0,True,True,No exact RDKit implementation consistent with the CDK training definition; the repository's original CDK generator was used.,546,
HistGradientBoosting,ATSc5,8,,False,0,False,0,True,543,3,546,546,0,True,True,No exact RDKit implementation consistent with the CDK training definition; the repository's original CDK generator was used.,546,
HistGradientBoosting,ATSm1,9,,False,0,False,0,True,546,0,546,546,0,True,True,No exact RDKit implementation consistent with the CDK training definition; the repository's original CDK generator was used.,546,
HistGradientBoosting,BCUTw-1l,10,,False,0,False,0,True,543,3,546,546,0,True,True,No exact RDKit implementation consistent with the CDK training definition; the repository's original CDK generator was used.,546,
HistGradientBoosting,BCUTw-1h,11,,False,0,False,0,True,543,3,546,546,0,True,True,No exact RDKit implementation consistent with the CDK training definition; the repository's original CDK generator was used.,546,
HistGradientBoosting,BCUTc-1l,12,,False,0,False,0,True,543,3,546,546,0,True,True,No exact RDKit implementation consistent with the CDK training definition; the repository's original CDK generator was used.,546,
HistGradientBoosting,BCUTc-1h,13,,False,0,False,0,True,543,3,546,546,0,True,True,No exact RDKit implementation consistent with the CDK training definition; the repository's original CDK generator was used.,546,
HistGradientBoosting,BCUTp-1l,14,,False,0,False,0,True,543,3,546,546,0,True,True,No exact RDKit implementation consistent with the CDK training definition; the repository's original CDK generator was used.,546,
HistGradientBoosting,BCUTp-1h,15,,False,0,False,0,True,543,3,546,546,0,True,True,No exact RDKit implementation consistent with the CDK training definition; the repository's original CDK generator was used.,546,
HistGradientBoosting,nBase,16,,False,0,False,0,True,546,0,546,546,0,True,True,No exact RDKit implementation consistent with the CDK training definition; the repository's original CDK generator was used.,546,
HistGradientBoosting,C2SP1,17,,False,0,False,0,True,546,0,546,546,0,True,True,No exact RDKit implementation consistent with the CDK training definition; the repository's original CDK generator was used.,546,
HistGradientBoosting,C1SP2,18,,False,0,False,0,True,546,0,546,546,0,True,True,No exact RDKit implementation consistent with the CDK training definition; the repository's original CDK generator was used.,546,
HistGradientBoosting,C2SP2,19,,False,0,False,0,True,546,0,546,546,0,True,True,No exact RDKit implementation consistent with the CDK training definition; the repository's original CDK generator was used.,546,
HistGradientBoosting,C3SP2,20,,False,0,False,0,True,546,0,546,546,0,True,True,No exact RDKit implementation consistent with the CDK training definition; the repository's original CDK generator was used.,546,
HistGradientBoosting,C1SP3,21,,False,0,False,0,True,546,0,546,546,0,True,True,No exact RDKit implementation consistent with the CDK training definition; the repository's original CDK generator was used.,546,
HistGradientBoosting,C2SP3,22,,False,0,False,0,True,546,0,546,546,0,True,True,No exact RDKit implementation consistent with the CDK training definition; the repository's original CDK generator was used.,546,
HistGradientBoosting,SC-4,23,,False,0,False,0,True,546,0,546,546,0,True,True,No exact RDKit implementation consistent with the CDK training definition; the repository's original CDK generator was used.,546,
HistGradientBoosting,FMF,24,,False,0,False,0,True,546,0,546,546,0,True,True,No exact RDKit implementation consistent with the CDK training definition; the repository's original CDK generator was used.,546,
HistGradientBoosting,nHBAcc,25,,False,0,False,0,True,546,0,546,546,0,True,True,No exact RDKit implementation consistent with the CDK training definition; the repository's original CDK generator was used.,546,
HistGradientBoosting,nHBDon,26,,False,0,False,0,True,546,0,546,546,0,True,True,No exact RDKit implementation consistent with the CDK training definition; the repository's original CDK generator was used.,546,
HistGradientBoosting,HybRatio,27,,False,0,False,0,True,528,18,546,546,0,True,True,No exact RDKit implementation consistent with the CDK training definition; the repository's original CDK generator was used.,546,
HistGradientBoosting,JPLogP,28,,False,0,False,0,True,531,15,546,546,0,True,True,No exact RDKit implementation consistent with the CDK training definition; the repository's original CDK generator was used.,546,
HistGradientBoosting,Kier2,29,,False,0,False,0,True,546,0,546,546,0,True,True,No exact RDKit implementation consistent with the CDK training definition; the repository's original CDK generator was used.,546,
HistGradientBoosting,Kier3,30,,False,0,False,0,True,536,10,546,546,0,True,True,No exact RDKit implementation consistent with the CDK training definition; the repository's original CDK generator was used.,546,
HistGradientBoosting,khs.sLi,31,,False,0,True,546,False,0,0,546,0,0,True,False,,546,
HistGradientBoosting,khs.ssBe,32,,False,0,True,546,False,0,0,546,0,0,True,False,,546,
HistGradientBoosting,khs.ssBH,33,,False,0,True,546,False,0,0,546,0,0,True,False,,546,
HistGradientBoosting,khs.sssB,34,,False,0,True,546,False,0,0,546,0,0,True,False,,546,
HistGradientBoosting,khs.sCH3,35,,False,0,True,546,False,0,0,546,0,0,True,False,,546,
HistGradientBoosting,khs.dCH2,36,,False,0,True,546,False,0,0,546,0,0,True,False,,546,
HistGradientBoosting,khs.ssCH2,37,,False,0,False,0,True,546,0,546,546,0,True,True,No exact RDKit implementation consistent with the CDK training definition; the repository's original CDK generator was used.,546,
HistGradientBoosting,khs.tCH,38,,False,0,True,546,False,0,0,546,0,0,True,False,,546,
HistGradientBoosting,khs.dsCH,39,,False,0,True,546,False,0,0,546,0,0,True,False,,546,
HistGradientBoosting,khs.aaCH,40,,False,0,True,546,False,0,0,546,0,0,True,False,,546,
HistGradientBoosting,khs.sssCH,41,,False,0,True,546,False,0,0,546,0,0,True,False,,546,
HistGradientBoosting,khs.ddC,42,,False,0,True,546,False,0,0,546,0,0,True,False,,546,
HistGradientBoosting,khs.dssC,43,,False,0,True,546,False,0,0,546,0,0,True,False,,546,
HistGradientBoosting,khs.aasC,44,,False,0,True,546,False,0,0,546,0,0,True,False,,546,
HistGradientBoosting,khs.aaaC,45,,False,0,True,546,False,0,0,546,0,0,True,False,,546,
HistGradientBoosting,khs.sNH3,46,,False,0,True,546,False,0,0,546,0,0,True,False,,546,
HistGradientBoosting,khs.sNH2,47,,False,0,True,546,False,0,0,546,0,0,True,False,,546,
HistGradientBoosting,khs.ssNH2,48,,False,0,True,546,False,0,0,546,0,0,True,False,,546,
HistGradientBoosting,khs.dNH,49,,False,0,True,546,False,0,0,546,0,0,True,False,,546,
HistGradientBoosting,khs.ssNH,50,,False,0,True,546,False,0,0,546,0,0,True,False,,546,
HistGradientBoosting,khs.aaNH,51,,False,0,True,546,False,0,0,546,0,0,True,False,,546,
HistGradientBoosting,khs.tN,52,,False,0,True,546,False,0,0,546,0,0,True,False,,546,
HistGradientBoosting,khs.dsN,53,,False,0,True,546,False,0,0,546,0,0,True,False,,546,
HistGradientBoosting,khs.aaN,54,,False,0,True,546,False,0,0,546,0,0,True,False,,546,
HistGradientBoosting,khs.sssN,55,,False,0,True,546,False,0,0,546,0,0,True,False,,546,
HistGradientBoosting,khs.ddsN,56,,False,0,True,546,False,0,0,546,0,0,True,False,,546,
HistGradientBoosting,khs.aasN,57,,False,0,True,546,False,0,0,546,0,0,True,False,,546,
HistGradientBoosting,khs.ssssN,58,,False,0,True,546,False,0,0,546,0,0,True,False,,546,
HistGradientBoosting,khs.sOH,59,,False,0,False,0,True,546,0,546,546,0,True,True,No exact RDKit implementation consistent with the CDK training definition; the repository's original CDK generator was used.,546,
HistGradientBoosting,khs.dO,60,,False,0,True,546,False,0,0,546,0,0,True,False,,546,
HistGradientBoosting,khs.ssO,61,,False,0,True,546,False,0,0,546,0,0,True,False,,546,
HistGradientBoosting,khs.aaO,62,,False,0,True,546,False,0,0,546,0,0,True,False,,546,
HistGradientBoosting,khs.sF,63,,False,0,True,546,False,0,0,546,0,0,True,False,,546,
HistGradientBoosting,khs.sSiH3,64,,False,0,True,546,False,0,0,546,0,0,True,False,,546,
HistGradientBoosting,khs.ssSiH2,65,,False,0,True,546,False,0,0,546,0,0,True,False,,546,
HistGradientBoosting,khs.sssSiH,66,,False,0,True,546,False,0,0,546,0,0,True,False,,546,
HistGradientBoosting,khs.ssssSi,67,,False,0,True,546,False,0,0,546,0,0,True,False,,546,
HistGradientBoosting,khs.sPH2,68,,False,0,True,546,False,0,0,546,0,0,True,False,,546,
HistGradientBoosting,khs.ssPH,69,,False,0,True,546,False,0,0,546,0,0,True,False,,546,
HistGradientBoosting,khs.sssP,70,,False,0,True,546,False,0,0,546,0,0,True,False,,546,
HistGradientBoosting,khs.dsssP,71,,False,0,True,546,False,0,0,546,0,0,True,False,,546,
HistGradientBoosting,khs.sssssP,72,,False,0,True,546,False,0,0,546,0,0,True,False,,546,
HistGradientBoosting,khs.sSH,73,,False,0,True,546,False,0,0,546,0,0,True,False,,546,
HistGradientBoosting,khs.dS,74,,False,0,True,546,False,0,0,546,0,0,True,False,,546,
HistGradientBoosting,khs.ssS,75,,False,0,True,546,False,0,0,546,0,0,True,False,,546,
HistGradientBoosting,khs.aaS,76,,False,0,True,546,False,0,0,546,0,0,True,False,,546,
HistGradientBoosting,khs.dssS,77,,False,0,True,546,False,0,0,546,0,0,True,False,,546,
HistGradientBoosting,khs.ddssS,78,,False,0,True,546,False,0,0,546,0,0,True,False,,546,
HistGradientBoosting,khs.sCl,79,,False,0,True,546,False,0,0,546,0,0,True,False,,546,
HistGradientBoosting,khs.sGeH3,80,,False,0,True,546,False,0,0,546,0,0,True,False,,546,
HistGradientBoosting,khs.ssGeH2,81,,False,0,True,546,False,0,0,546,0,0,True,False,,546,
HistGradientBoosting,khs.sssGeH,82,,False,0,True,546,False,0,0,546,0,0,True,False,,546,
HistGradientBoosting,khs.ssssGe,83,,False,0,True,546,False,0,0,546,0,0,True,False,,546,
HistGradientBoosting,khs.sAsH2,84,,False,0,True,546,False,0,0,546,0,0,True,False,,546,
HistGradientBoosting,khs.ssAsH,85,,False,0,True,546,False,0,0,546,0,0,True,False,,546,
HistGradientBoosting,khs.sssAs,86,,False,0,True,546,False,0,0,546,0,0,True,False,,546,
HistGradientBoosting,khs.sssdAs,87,,False,0,True,546,False,0,0,546,0,0,True,False,,546,
HistGradientBoosting,khs.sssssAs,88,,False,0,True,546,False,0,0,546,0,0,True,False,,546,
HistGradientBoosting,khs.sSeH,89,,False,0,True,546,False,0,0,546,0,0,True,False,,546,
HistGradientBoosting,khs.dSe,90,,False,0,True,546,False,0,0,546,0,0,True,False,,546,
HistGradientBoosting,khs.ssSe,91,,False,0,True,546,False,0,0,546,0,0,True,False,,546,
HistGradientBoosting,khs.aaSe,92,,False,0,True,546,False,0,0,546,0,0,True,False,,546,
HistGradientBoosting,khs.dssSe,93,,False,0,True,546,False,0,0,546,0,0,True,False,,546,
HistGradientBoosting,khs.ddssSe,94,,False,0,True,546,False,0,0,546,0,0,True,False,,546,
HistGradientBoosting,khs.sBr,95,,False,0,True,546,False,0,0,546,0,0,True,False,,546,
HistGradientBoosting,khs.sSnH3,96,,False,0,True,546,False,0,0,546,0,0,True,False,,546,
HistGradientBoosting,khs.ssSnH2,97,,False,0,True,546,False,0,0,546,0,0,True,False,,546,
HistGradientBoosting,khs.sssSnH,98,,False,0,True,546,False,0,0,546,0,0,True,False,,546,
HistGradientBoosting,khs.ssssSn,99,,False,0,True,546,False,0,0,546,0,0,True,False,,546,
HistGradientBoosting,khs.sPbH3,100,,False,0,True,546,False,0,0,546,0,0,True,False,,546,
HistGradientBoosting,khs.ssPbH2,101,,False,0,True,546,False,0,0,546,0,0,True,False,,546,
HistGradientBoosting,khs.sssPbH,102,,False,0,True,546,False,0,0,546,0,0,True,False,,546,
HistGradientBoosting,khs.ssssPb,103,,False,0,True,546,False,0,0,546,0,0,True,False,,546,
HistGradientBoosting,nAtomLC,104,,False,0,False,0,True,546,0,546,546,0,True,True,No exact RDKit implementation consistent with the CDK training definition; the repository's original CDK generator was used.,546,
HistGradientBoosting,nAtomP,105,,False,0,False,0,True,546,0,546,546,0,True,True,No exact RDKit implementation consistent with the CDK training definition; the repository's original CDK generator was used.,546,
HistGradientBoosting,nAtomLAC,106,,False,0,False,0,True,546,0,546,546,0,True,True,No exact RDKit implementation consistent with the CDK training definition; the repository's original CDK generator was used.,546,
HistGradientBoosting,MDEC-11,107,,False,0,False,0,True,546,0,546,546,0,True,True,No exact RDKit implementation consistent with the CDK training definition; the repository's original CDK generator was used.,546,
HistGradientBoosting,MDEC-12,108,,False,0,False,0,True,546,0,546,546,0,True,True,No exact RDKit implementation consistent with the CDK training definition; the repository's original CDK generator was used.,546,
HistGradientBoosting,MDEC-13,109,,False,0,False,0,True,546,0,546,546,0,True,True,No exact RDKit implementation consistent with the CDK training definition; the repository's original CDK generator was used.,546,
HistGradientBoosting,MDEC-14,110,,False,0,False,0,True,546,0,546,546,0,True,True,No exact RDKit implementation consistent with the CDK training definition; the repository's original CDK generator was used.,546,
HistGradientBoosting,MDEC-22,111,,False,0,False,0,True,546,0,546,546,0,True,True,No exact RDKit implementation consistent with the CDK training definition; the repository's original CDK generator was used.,546,
HistGradientBoosting,MDEC-33,112,,False,0,False,0,True,546,0,546,546,0,True,True,No exact RDKit implementation consistent with the CDK training definition; the repository's original CDK generator was used.,546,
HistGradientBoosting,MDEC-34,113,,False,0,False,0,True,546,0,546,546,0,True,True,No exact RDKit implementation consistent with the CDK training definition; the repository's original CDK generator was used.,546,
HistGradientBoosting,MDEC-44,114,,False,0,False,0,True,546,0,546,546,0,True,True,No exact RDKit implementation consistent with the CDK training definition; the repository's original CDK generator was used.,546,
HistGradientBoosting,MDEO-11,115,,False,0,False,0,True,546,0,546,546,0,True,True,No exact RDKit implementation consistent with the CDK training definition; the repository's original CDK generator was used.,546,
HistGradientBoosting,MDEO-12,116,,False,0,False,0,True,546,0,546,546,0,True,True,No exact RDKit implementation consistent with the CDK training definition; the repository's original CDK generator was used.,546,
HistGradientBoosting,MDEO-22,117,,False,0,False,0,True,546,0,546,546,0,True,True,No exact RDKit implementation consistent with the CDK training definition; the repository's original CDK generator was used.,546,
HistGradientBoosting,MDEN-11,118,,False,0,False,0,True,546,0,546,546,0,True,True,No exact RDKit implementation consistent with the CDK training definition; the repository's original CDK generator was used.,546,
HistGradientBoosting,MDEN-12,119,,False,0,False,0,True,546,0,546,546,0,True,True,No exact RDKit implementation consistent with the CDK training definition; the repository's original CDK generator was used.,546,
HistGradientBoosting,MDEN-13,120,,False,0,False,0,True,546,0,546,546,0,True,True,No exact RDKit implementation consistent with the CDK training definition; the repository's original CDK generator was used.,546,
HistGradientBoosting,MDEN-22,121,,False,0,False,0,True,546,0,546,546,0,True,True,No exact RDKit implementation consistent with the CDK training definition; the repository's original CDK generator was used.,546,
HistGradientBoosting,MDEN-23,122,,False,0,False,0,True,546,0,546,546,0,True,True,No exact RDKit implementation consistent with the CDK training definition; the repository's original CDK generator was used.,546,
HistGradientBoosting,MDEN-33,123,,False,0,False,0,True,546,0,546,546,0,True,True,No exact RDKit implementation consistent with the CDK training definition; the repository's original CDK generator was used.,546,
HistGradientBoosting,MLogP,124,,False,0,False,0,True,546,0,546,546,0,True,True,No exact RDKit implementation consistent with the CDK training definition; the repository's original CDK generator was used.,546,
HistGradientBoosting,topoShape,125,,False,0,False,0,True,531,15,546,546,0,True,True,No exact RDKit implementation consistent with the CDK training definition; the repository's original CDK generator was used.,546,
HistGradientBoosting,nRotB,126,,False,0,False,0,True,546,0,546,546,0,True,True,No exact RDKit implementation consistent with the CDK training definition; the repository's original CDK generator was used.,546,
HistGradientBoosting,LipinskiFailures,127,,False,0,False,0,True,546,0,546,546,0,True,True,No exact RDKit implementation consistent with the CDK training definition; the repository's original CDK generator was used.,546,
HistGradientBoosting,nAromRings,128,,False,0,True,546,False,0,0,546,0,0,True,False,,546,
HistGradientBoosting,nRingBlocks,129,,False,0,False,0,True,546,0,546,546,0,True,True,No exact RDKit implementation consistent with the CDK training definition; the repository's original CDK generator was used.,546,
HistGradientBoosting,nAromBlocks,130,,False,0,False,0,True,546,0,546,546,0,True,True,No exact RDKit implementation consistent with the CDK training definition; the repository's original CDK generator was used.,546,
HistGradientBoosting,nRings3,131,,False,0,True,546,False,0,0,546,0,0,True,False,,546,
HistGradientBoosting,nRings4,132,,False,0,True,546,False,0,0,546,0,0,True,False,,546,
HistGradientBoosting,nRings5,133,,False,0,True,546,False,0,0,546,0,0,True,False,,546,
HistGradientBoosting,nRings6,134,,False,0,True,546,False,0,0,546,0,0,True,False,,546,
HistGradientBoosting,nRings7,135,,False,0,True,546,False,0,0,546,0,0,True,False,,546,
HistGradientBoosting,nRings8,136,,False,0,True,546,False,0,0,546,0,0,True,False,,546,
HistGradientBoosting,nRings9,137,,False,0,True,546,False,0,0,546,0,0,True,False,,546,
HistGradientBoosting,TopoPSA,138,,False,0,False,0,True,546,0,546,546,0,True,True,No exact RDKit implementation consistent with the CDK training definition; the repository's original CDK generator was used.,546,
HistGradientBoosting,VAdjMat,139,,False,0,False,0,True,546,0,546,546,0,True,True,No exact RDKit implementation consistent with the CDK training definition; the repository's original CDK generator was used.,546,
HistGradientBoosting,WTPT-2,140,,False,0,False,0,True,546,0,546,546,0,True,True,No exact RDKit implementation consistent with the CDK training definition; the repository's original CDK generator was used.,546,
HistGradientBoosting,WTPT-3,141,,False,0,False,0,True,546,0,546,546,0,True,True,No exact RDKit implementation consistent with the CDK training definition; the repository's original CDK generator was used.,546,
HistGradientBoosting,WTPT-4,142,,False,0,False,0,True,546,0,546,546,0,True,True,No exact RDKit implementation consistent with the CDK training definition; the repository's original CDK generator was used.,546,
HistGradientBoosting,WTPT-5,143,,False,0,False,0,True,546,0,546,546,0,True,True,No exact RDKit implementation consistent with the CDK training definition; the repository's original CDK generator was used.,546,
HistGradientBoosting,WPATH,144,,False,0,False,0,True,546,0,546,546,0,True,True,No exact RDKit implementation consistent with the CDK training definition; the repository's original CDK generator was used.,546,
HistGradientBoosting,XLogP,145,,False,0,False,0,True,546,0,546,546,0,True,True,No exact RDKit implementation consistent with the CDK training definition; the repository's original CDK generator was used.,546,
HistGradientBoosting,Zagreb,146,,False,0,True,546,False,0,0,546,0,0,True,False,,546,
LGBM,Texpi,1,donor/skin surface temperature (°C),True,391,False,0,False,0,155,155,155,0,True,False,,155,Converted Celsius values to Kelvin; values already >=200 were treated as Kelvin.
LGBM,ALogp2,2,,False,0,False,0,True,546,0,546,546,0,True,True,No exact RDKit implementation consistent with the CDK training definition; the repository's original CDK generator was used.,546,
LGBM,nAcid,3,,False,0,False,0,True,546,0,546,546,0,True,True,No exact RDKit implementation consistent with the CDK training definition; the repository's original CDK generator was used.,546,
LGBM,nAromBond,4,,False,0,False,0,True,546,0,546,546,0,True,True,No exact RDKit implementation consistent with the CDK training definition; the repository's original CDK generator was used.,546,
LGBM,ATSc2,5,,False,0,False,0,True,543,3,546,546,0,True,True,No exact RDKit implementation consistent with the CDK training definition; the repository's original CDK generator was used.,546,
LGBM,ATSc3,6,,False,0,False,0,True,543,3,546,546,0,True,True,No exact RDKit implementation consistent with the CDK training definition; the repository's original CDK generator was used.,546,
LGBM,ATSc4,7,,False,0,False,0,True,543,3,546,546,0,True,True,No exact RDKit implementation consistent with the CDK training definition; the repository's original CDK generator was used.,546,
LGBM,ATSc5,8,,False,0,False,0,True,543,3,546,546,0,True,True,No exact RDKit implementation consistent with the CDK training definition; the repository's original CDK generator was used.,546,
LGBM,ATSm1,9,,False,0,False,0,True,546,0,546,546,0,True,True,No exact RDKit implementation consistent with the CDK training definition; the repository's original CDK generator was used.,546,
LGBM,BCUTw-1l,10,,False,0,False,0,True,543,3,546,546,0,True,True,No exact RDKit implementation consistent with the CDK training definition; the repository's original CDK generator was used.,546,
LGBM,BCUTw-1h,11,,False,0,False,0,True,543,3,546,546,0,True,True,No exact RDKit implementation consistent with the CDK training definition; the repository's original CDK generator was used.,546,
LGBM,BCUTc-1l,12,,False,0,False,0,True,543,3,546,546,0,True,True,No exact RDKit implementation consistent with the CDK training definition; the repository's original CDK generator was used.,546,
LGBM,BCUTc-1h,13,,False,0,False,0,True,543,3,546,546,0,True,True,No exact RDKit implementation consistent with the CDK training definition; the repository's original CDK generator was used.,546,
LGBM,BCUTp-1l,14,,False,0,False,0,True,543,3,546,546,0,True,True,No exact RDKit implementation consistent with the CDK training definition; the repository's original CDK generator was used.,546,
LGBM,BCUTp-1h,15,,False,0,False,0,True,543,3,546,546,0,True,True,No exact RDKit implementation consistent with the CDK training definition; the repository's original CDK generator was used.,546,
LGBM,nBase,16,,False,0,False,0,True,546,0,546,546,0,True,True,No exact RDKit implementation consistent with the CDK training definition; the repository's original CDK generator was used.,546,
LGBM,C2SP1,17,,False,0,False,0,True,546,0,546,546,0,True,True,No exact RDKit implementation consistent with the CDK training definition; the repository's original CDK generator was used.,546,
LGBM,C1SP2,18,,False,0,False,0,True,546,0,546,546,0,True,True,No exact RDKit implementation consistent with the CDK training definition; the repository's original CDK generator was used.,546,
LGBM,C2SP2,19,,False,0,False,0,True,546,0,546,546,0,True,True,No exact RDKit implementation consistent with the CDK training definition; the repository's original CDK generator was used.,546,
LGBM,C3SP2,20,,False,0,False,0,True,546,0,546,546,0,True,True,No exact RDKit implementation consistent with the CDK training definition; the repository's original CDK generator was used.,546,
LGBM,C1SP3,21,,False,0,False,0,True,546,0,546,546,0,True,True,No exact RDKit implementation consistent with the CDK training definition; the repository's original CDK generator was used.,546,
LGBM,C2SP3,22,,False,0,False,0,True,546,0,546,546,0,True,True,No exact RDKit implementation consistent with the CDK training definition; the repository's original CDK generator was used.,546,
LGBM,SC-4,23,,False,0,False,0,True,546,0,546,546,0,True,True,No exact RDKit implementation consistent with the CDK training definition; the repository's original CDK generator was used.,546,
LGBM,FMF,24,,False,0,False,0,True,546,0,546,546,0,True,True,No exact RDKit implementation consistent with the CDK training definition; the repository's original CDK generator was used.,546,
LGBM,nHBAcc,25,,False,0,False,0,True,546,0,546,546,0,True,True,No exact RDKit implementation consistent with the CDK training definition; the repository's original CDK generator was used.,546,
LGBM,nHBDon,26,,False,0,False,0,True,546,0,546,546,0,True,True,No exact RDKit implementation consistent with the CDK training definition; the repository's original CDK generator was used.,546,
LGBM,HybRatio,27,,False,0,False,0,True,528,18,546,546,0,True,True,No exact RDKit implementation consistent with the CDK training definition; the repository's original CDK generator was used.,546,
LGBM,JPLogP,28,,False,0,False,0,True,531,15,546,546,0,True,True,No exact RDKit implementation consistent with the CDK training definition; the repository's original CDK generator was used.,546,
LGBM,Kier2,29,,False,0,False,0,True,546,0,546,546,0,True,True,No exact RDKit implementation consistent with the CDK training definition; the repository's original CDK generator was used.,546,
LGBM,Kier3,30,,False,0,False,0,True,536,10,546,546,0,True,True,No exact RDKit implementation consistent with the CDK training definition; the repository's original CDK generator was used.,546,
LGBM,khs.sLi,31,,False,0,True,546,False,0,0,546,0,0,True,False,,546,
LGBM,khs.ssBe,32,,False,0,True,546,False,0,0,546,0,0,True,False,,546,
LGBM,khs.ssBH,33,,False,0,True,546,False,0,0,546,0,0,True,False,,546,
LGBM,khs.sssB,34,,False,0,True,546,False,0,0,546,0,0,True,False,,546,
LGBM,khs.sCH3,35,,False,0,True,546,False,0,0,546,0,0,True,False,,546,
LGBM,khs.dCH2,36,,False,0,True,546,False,0,0,546,0,0,True,False,,546,
LGBM,khs.ssCH2,37,,False,0,False,0,True,546,0,546,546,0,True,True,No exact RDKit implementation consistent with the CDK training definition; the repository's original CDK generator was used.,546,
LGBM,khs.tCH,38,,False,0,True,546,False,0,0,546,0,0,True,False,,546,
LGBM,khs.dsCH,39,,False,0,True,546,False,0,0,546,0,0,True,False,,546,
LGBM,khs.aaCH,40,,False,0,True,546,False,0,0,546,0,0,True,False,,546,
LGBM,khs.sssCH,41,,False,0,True,546,False,0,0,546,0,0,True,False,,546,
LGBM,khs.ddC,42,,False,0,True,546,False,0,0,546,0,0,True,False,,546,
LGBM,khs.dssC,43,,False,0,True,546,False,0,0,546,0,0,True,False,,546,
LGBM,khs.aasC,44,,False,0,True,546,False,0,0,546,0,0,True,False,,546,
LGBM,khs.aaaC,45,,False,0,True,546,False,0,0,546,0,0,True,False,,546,
LGBM,khs.sNH3,46,,False,0,True,546,False,0,0,546,0,0,True,False,,546,
LGBM,khs.sNH2,47,,False,0,True,546,False,0,0,546,0,0,True,False,,546,
LGBM,khs.ssNH2,48,,False,0,True,546,False,0,0,546,0,0,True,False,,546,
LGBM,khs.dNH,49,,False,0,True,546,False,0,0,546,0,0,True,False,,546,
LGBM,khs.ssNH,50,,False,0,True,546,False,0,0,546,0,0,True,False,,546,
LGBM,khs.aaNH,51,,False,0,True,546,False,0,0,546,0,0,True,False,,546,
LGBM,khs.tN,52,,False,0,True,546,False,0,0,546,0,0,True,False,,546,
LGBM,khs.dsN,53,,False,0,True,546,False,0,0,546,0,0,True,False,,546,
LGBM,khs.aaN,54,,False,0,True,546,False,0,0,546,0,0,True,False,,546,
LGBM,khs.sssN,55,,False,0,True,546,False,0,0,546,0,0,True,False,,546,
LGBM,khs.ddsN,56,,False,0,True,546,False,0,0,546,0,0,True,False,,546,
LGBM,khs.aasN,57,,False,0,True,546,False,0,0,546,0,0,True,False,,546,
LGBM,khs.ssssN,58,,False,0,True,546,False,0,0,546,0,0,True,False,,546,
LGBM,khs.sOH,59,,False,0,False,0,True,546,0,546,546,0,True,True,No exact RDKit implementation consistent with the CDK training definition; the repository's original CDK generator was used.,546,
LGBM,khs.dO,60,,False,0,True,546,False,0,0,546,0,0,True,False,,546,
LGBM,khs.ssO,61,,False,0,True,546,False,0,0,546,0,0,True,False,,546,
LGBM,khs.aaO,62,,False,0,True,546,False,0,0,546,0,0,True,False,,546,
LGBM,khs.sF,63,,False,0,True,546,False,0,0,546,0,0,True,False,,546,
LGBM,khs.sSiH3,64,,False,0,True,546,False,0,0,546,0,0,True,False,,546,
LGBM,khs.ssSiH2,65,,False,0,True,546,False,0,0,546,0,0,True,False,,546,
LGBM,khs.sssSiH,66,,False,0,True,546,False,0,0,546,0,0,True,False,,546,
LGBM,khs.ssssSi,67,,False,0,True,546,False,0,0,546,0,0,True,False,,546,
LGBM,khs.sPH2,68,,False,0,True,546,False,0,0,546,0,0,True,False,,546,
LGBM,khs.ssPH,69,,False,0,True,546,False,0,0,546,0,0,True,False,,546,
LGBM,khs.sssP,70,,False,0,True,546,False,0,0,546,0,0,True,False,,546,
LGBM,khs.dsssP,71,,False,0,True,546,False,0,0,546,0,0,True,False,,546,
LGBM,khs.sssssP,72,,False,0,True,546,False,0,0,546,0,0,True,False,,546,
LGBM,khs.sSH,73,,False,0,True,546,False,0,0,546,0,0,True,False,,546,
LGBM,khs.dS,74,,False,0,True,546,False,0,0,546,0,0,True,False,,546,
LGBM,khs.ssS,75,,False,0,True,546,False,0,0,546,0,0,True,False,,546,
LGBM,khs.aaS,76,,False,0,True,546,False,0,0,546,0,0,True,False,,546,
LGBM,khs.dssS,77,,False,0,True,546,False,0,0,546,0,0,True,False,,546,
LGBM,khs.ddssS,78,,False,0,True,546,False,0,0,546,0,0,True,False,,546,
LGBM,khs.sCl,79,,False,0,True,546,False,0,0,546,0,0,True,False,,546,
LGBM,khs.sGeH3,80,,False,0,True,546,False,0,0,546,0,0,True,False,,546,
LGBM,khs.ssGeH2,81,,False,0,True,546,False,0,0,546,0,0,True,False,,546,
LGBM,khs.sssGeH,82,,False,0,True,546,False,0,0,546,0,0,True,False,,546,
LGBM,khs.ssssGe,83,,False,0,True,546,False,0,0,546,0,0,True,False,,546,
LGBM,khs.sAsH2,84,,False,0,True,546,False,0,0,546,0,0,True,False,,546,
LGBM,khs.ssAsH,85,,False,0,True,546,False,0,0,546,0,0,True,False,,546,
LGBM,khs.sssAs,86,,False,0,True,546,False,0,0,546,0,0,True,False,,546,
LGBM,khs.sssdAs,87,,False,0,True,546,False,0,0,546,0,0,True,False,,546,
LGBM,khs.sssssAs,88,,False,0,True,546,False,0,0,546,0,0,True,False,,546,
LGBM,khs.sSeH,89,,False,0,True,546,False,0,0,546,0,0,True,False,,546,
LGBM,khs.dSe,90,,False,0,True,546,False,0,0,546,0,0,True,False,,546,
LGBM,khs.ssSe,91,,False,0,True,546,False,0,0,546,0,0,True,False,,546,
LGBM,khs.aaSe,92,,False,0,True,546,False,0,0,546,0,0,True,False,,546,
LGBM,khs.dssSe,93,,False,0,True,546,False,0,0,546,0,0,True,False,,546,
LGBM,khs.ddssSe,94,,False,0,True,546,False,0,0,546,0,0,True,False,,546,
LGBM,khs.sBr,95,,False,0,True,546,False,0,0,546,0,0,True,False,,546,
LGBM,khs.sSnH3,96,,False,0,True,546,False,0,0,546,0,0,True,False,,546,
LGBM,khs.ssSnH2,97,,False,0,True,546,False,0,0,546,0,0,True,False,,546,
LGBM,khs.sssSnH,98,,False,0,True,546,False,0,0,546,0,0,True,False,,546,
LGBM,khs.ssssSn,99,,False,0,True,546,False,0,0,546,0,0,True,False,,546,
LGBM,khs.sPbH3,100,,False,0,True,546,False,0,0,546,0,0,True,False,,546,
LGBM,khs.ssPbH2,101,,False,0,True,546,False,0,0,546,0,0,True,False,,546,
LGBM,khs.sssPbH,102,,False,0,True,546,False,0,0,546,0,0,True,False,,546,
LGBM,khs.ssssPb,103,,False,0,True,546,False,0,0,546,0,0,True,False,,546,
LGBM,nAtomLC,104,,False,0,False,0,True,546,0,546,546,0,True,True,No exact RDKit implementation consistent with the CDK training definition; the repository's original CDK generator was used.,546,
LGBM,nAtomP,105,,False,0,False,0,True,546,0,546,546,0,True,True,No exact RDKit implementation consistent with the CDK training definition; the repository's original CDK generator was used.,546,
LGBM,nAtomLAC,106,,False,0,False,0,True,546,0,546,546,0,True,True,No exact RDKit implementation consistent with the CDK training definition; the repository's original CDK generator was used.,546,
LGBM,MDEC-11,107,,False,0,False,0,True,546,0,546,546,0,True,True,No exact RDKit implementation consistent with the CDK training definition; the repository's original CDK generator was used.,546,
LGBM,MDEC-12,108,,False,0,False,0,True,546,0,546,546,0,True,True,No exact RDKit implementation consistent with the CDK training definition; the repository's original CDK generator was used.,546,
LGBM,MDEC-13,109,,False,0,False,0,True,546,0,546,546,0,True,True,No exact RDKit implementation consistent with the CDK training definition; the repository's original CDK generator was used.,546,
LGBM,MDEC-14,110,,False,0,False,0,True,546,0,546,546,0,True,True,No exact RDKit implementation consistent with the CDK training definition; the repository's original CDK generator was used.,546,
LGBM,MDEC-22,111,,False,0,False,0,True,546,0,546,546,0,True,True,No exact RDKit implementation consistent with the CDK training definition; the repository's original CDK generator was used.,546,
LGBM,MDEC-33,112,,False,0,False,0,True,546,0,546,546,0,True,True,No exact RDKit implementation consistent with the CDK training definition; the repository's original CDK generator was used.,546,
LGBM,MDEC-34,113,,False,0,False,0,True,546,0,546,546,0,True,True,No exact RDKit implementation consistent with the CDK training definition; the repository's original CDK generator was used.,546,
LGBM,MDEC-44,114,,False,0,False,0,True,546,0,546,546,0,True,True,No exact RDKit implementation consistent with the CDK training definition; the repository's original CDK generator was used.,546,
LGBM,MDEO-11,115,,False,0,False,0,True,546,0,546,546,0,True,True,No exact RDKit implementation consistent with the CDK training definition; the repository's original CDK generator was used.,546,
LGBM,MDEO-12,116,,False,0,False,0,True,546,0,546,546,0,True,True,No exact RDKit implementation consistent with the CDK training definition; the repository's original CDK generator was used.,546,
LGBM,MDEO-22,117,,False,0,False,0,True,546,0,546,546,0,True,True,No exact RDKit implementation consistent with the CDK training definition; the repository's original CDK generator was used.,546,
LGBM,MDEN-11,118,,False,0,False,0,True,546,0,546,546,0,True,True,No exact RDKit implementation consistent with the CDK training definition; the repository's original CDK generator was used.,546,
LGBM,MDEN-12,119,,False,0,False,0,True,546,0,546,546,0,True,True,No exact RDKit implementation consistent with the CDK training definition; the repository's original CDK generator was used.,546,
LGBM,MDEN-13,120,,False,0,False,0,True,546,0,546,546,0,True,True,No exact RDKit implementation consistent with the CDK training definition; the repository's original CDK generator was used.,546,
LGBM,MDEN-22,121,,False,0,False,0,True,546,0,546,546,0,True,True,No exact RDKit implementation consistent with the CDK training definition; the repository's original CDK generator was used.,546,
LGBM,MDEN-23,122,,False,0,False,0,True,546,0,546,546,0,True,True,No exact RDKit implementation consistent with the CDK training definition; the repository's original CDK generator was used.,546,
LGBM,MDEN-33,123,,False,0,False,0,True,546,0,546,546,0,True,True,No exact RDKit implementation consistent with the CDK training definition; the repository's original CDK generator was used.,546,
LGBM,MLogP,124,,False,0,False,0,True,546,0,546,546,0,True,True,No exact RDKit implementation consistent with the CDK training definition; the repository's original CDK generator was used.,546,
LGBM,topoShape,125,,False,0,False,0,True,531,15,546,546,0,True,True,No exact RDKit implementation consistent with the CDK training definition; the repository's original CDK generator was used.,546,
LGBM,nRotB,126,,False,0,False,0,True,546,0,546,546,0,True,True,No exact RDKit implementation consistent with the CDK training definition; the repository's original CDK generator was used.,546,
LGBM,LipinskiFailures,127,,False,0,False,0,True,546,0,546,546,0,True,True,No exact RDKit implementation consistent with the CDK training definition; the repository's original CDK generator was used.,546,
LGBM,nAromRings,128,,False,0,True,546,False,0,0,546,0,0,True,False,,546,
LGBM,nRingBlocks,129,,False,0,False,0,True,546,0,546,546,0,True,True,No exact RDKit implementation consistent with the CDK training definition; the repository's original CDK generator was used.,546,
LGBM,nAromBlocks,130,,False,0,False,0,True,546,0,546,546,0,True,True,No exact RDKit implementation consistent with the CDK training definition; the repository's original CDK generator was used.,546,
LGBM,nRings3,131,,False,0,True,546,False,0,0,546,0,0,True,False,,546,
LGBM,nRings4,132,,False,0,True,546,False,0,0,546,0,0,True,False,,546,
LGBM,nRings5,133,,False,0,True,546,False,0,0,546,0,0,True,False,,546,
LGBM,nRings6,134,,False,0,True,546,False,0,0,546,0,0,True,False,,546,
LGBM,nRings7,135,,False,0,True,546,False,0,0,546,0,0,True,False,,546,
LGBM,nRings8,136,,False,0,True,546,False,0,0,546,0,0,True,False,,546,
LGBM,nRings9,137,,False,0,True,546,False,0,0,546,0,0,True,False,,546,
LGBM,TopoPSA,138,,False,0,False,0,True,546,0,546,546,0,True,True,No exact RDKit implementation consistent with the CDK training definition; the repository's original CDK generator was used.,546,
LGBM,VAdjMat,139,,False,0,False,0,True,546,0,546,546,0,True,True,No exact RDKit implementation consistent with the CDK training definition; the repository's original CDK generator was used.,546,
LGBM,WTPT-2,140,,False,0,False,0,True,546,0,546,546,0,True,True,No exact RDKit implementation consistent with the CDK training definition; the repository's original CDK generator was used.,546,
LGBM,WTPT-3,141,,False,0,False,0,True,546,0,546,546,0,True,True,No exact RDKit implementation consistent with the CDK training definition; the repository's original CDK generator was used.,546,
LGBM,WTPT-4,142,,False,0,False,0,True,546,0,546,546,0,True,True,No exact RDKit implementation consistent with the CDK training definition; the repository's original CDK generator was used.,546,
LGBM,WTPT-5,143,,False,0,False,0,True,546,0,546,546,0,True,True,No exact RDKit implementation consistent with the CDK training definition; the repository's original CDK generator was used.,546,
LGBM,WPATH,144,,False,0,False,0,True,546,0,546,546,0,True,True,No exact RDKit implementation consistent with the CDK training definition; the repository's original CDK generator was used.,546,
LGBM,XLogP,145,,False,0,False,0,True,546,0,546,546,0,True,True,No exact RDKit implementation consistent with the CDK training definition; the repository's original CDK generator was used.,546,
LGBM,Zagreb,146,,False,0,True,546,False,0,0,546,0,0,True,False,,546,
RF,Texpi,1,donor/skin surface temperature (°C),True,391,False,0,False,0,155,155,155,0,True,False,,155,Converted Celsius values to Kelvin; values already >=200 were treated as Kelvin.
RF,ALogp2,2,,False,0,False,0,True,546,0,546,546,0,True,True,No exact RDKit implementation consistent with the CDK training definition; the repository's original CDK generator was used.,546,
RF,nAcid,3,,False,0,False,0,True,546,0,546,546,0,True,True,No exact RDKit implementation consistent with the CDK training definition; the repository's original CDK generator was used.,546,
RF,nAromBond,4,,False,0,False,0,True,546,0,546,546,0,True,True,No exact RDKit implementation consistent with the CDK training definition; the repository's original CDK generator was used.,546,
RF,ATSc2,5,,False,0,False,0,True,543,3,546,546,0,True,True,No exact RDKit implementation consistent with the CDK training definition; the repository's original CDK generator was used.,546,
RF,ATSc3,6,,False,0,False,0,True,543,3,546,546,0,True,True,No exact RDKit implementation consistent with the CDK training definition; the repository's original CDK generator was used.,546,
RF,ATSc4,7,,False,0,False,0,True,543,3,546,546,0,True,True,No exact RDKit implementation consistent with the CDK training definition; the repository's original CDK generator was used.,546,
RF,ATSc5,8,,False,0,False,0,True,543,3,546,546,0,True,True,No exact RDKit implementation consistent with the CDK training definition; the repository's original CDK generator was used.,546,
RF,ATSm1,9,,False,0,False,0,True,546,0,546,546,0,True,True,No exact RDKit implementation consistent with the CDK training definition; the repository's original CDK generator was used.,546,
RF,BCUTw-1l,10,,False,0,False,0,True,543,3,546,546,0,True,True,No exact RDKit implementation consistent with the CDK training definition; the repository's original CDK generator was used.,546,
RF,BCUTw-1h,11,,False,0,False,0,True,543,3,546,546,0,True,True,No exact RDKit implementation consistent with the CDK training definition; the repository's original CDK generator was used.,546,
RF,BCUTc-1l,12,,False,0,False,0,True,543,3,546,546,0,True,True,No exact RDKit implementation consistent with the CDK training definition; the repository's original CDK generator was used.,546,
RF,BCUTc-1h,13,,False,0,False,0,True,543,3,546,546,0,True,True,No exact RDKit implementation consistent with the CDK training definition; the repository's original CDK generator was used.,546,
RF,BCUTp-1l,14,,False,0,False,0,True,543,3,546,546,0,True,True,No exact RDKit implementation consistent with the CDK training definition; the repository's original CDK generator was used.,546,
RF,BCUTp-1h,15,,False,0,False,0,True,543,3,546,546,0,True,True,No exact RDKit implementation consistent with the CDK training definition; the repository's original CDK generator was used.,546,
RF,nBase,16,,False,0,False,0,True,546,0,546,546,0,True,True,No exact RDKit implementation consistent with the CDK training definition; the repository's original CDK generator was used.,546,
RF,C2SP1,17,,False,0,False,0,True,546,0,546,546,0,True,True,No exact RDKit implementation consistent with the CDK training definition; the repository's original CDK generator was used.,546,
RF,C1SP2,18,,False,0,False,0,True,546,0,546,546,0,True,True,No exact RDKit implementation consistent with the CDK training definition; the repository's original CDK generator was used.,546,
RF,C2SP2,19,,False,0,False,0,True,546,0,546,546,0,True,True,No exact RDKit implementation consistent with the CDK training definition; the repository's original CDK generator was used.,546,
RF,C3SP2,20,,False,0,False,0,True,546,0,546,546,0,True,True,No exact RDKit implementation consistent with the CDK training definition; the repository's original CDK generator was used.,546,
RF,C1SP3,21,,False,0,False,0,True,546,0,546,546,0,True,True,No exact RDKit implementation consistent with the CDK training definition; the repository's original CDK generator was used.,546,
RF,C2SP3,22,,False,0,False,0,True,546,0,546,546,0,True,True,No exact RDKit implementation consistent with the CDK training definition; the repository's original CDK generator was used.,546,
RF,SC-4,23,,False,0,False,0,True,546,0,546,546,0,True,True,No exact RDKit implementation consistent with the CDK training definition; the repository's original CDK generator was used.,546,
RF,FMF,24,,False,0,False,0,True,546,0,546,546,0,True,True,No exact RDKit implementation consistent with the CDK training definition; the repository's original CDK generator was used.,546,
RF,nHBAcc,25,,False,0,False,0,True,546,0,546,546,0,True,True,No exact RDKit implementation consistent with the CDK training definition; the repository's original CDK generator was used.,546,
RF,nHBDon,26,,False,0,False,0,True,546,0,546,546,0,True,True,No exact RDKit implementation consistent with the CDK training definition; the repository's original CDK generator was used.,546,
RF,HybRatio,27,,False,0,False,0,True,528,18,546,546,0,True,True,No exact RDKit implementation consistent with the CDK training definition; the repository's original CDK generator was used.,546,
RF,JPLogP,28,,False,0,False,0,True,531,15,546,546,0,True,True,No exact RDKit implementation consistent with the CDK training definition; the repository's original CDK generator was used.,546,
RF,Kier2,29,,False,0,False,0,True,546,0,546,546,0,True,True,No exact RDKit implementation consistent with the CDK training definition; the repository's original CDK generator was used.,546,
RF,Kier3,30,,False,0,False,0,True,536,10,546,546,0,True,True,No exact RDKit implementation consistent with the CDK training definition; the repository's original CDK generator was used.,546,
RF,khs.sLi,31,,False,0,True,546,False,0,0,546,0,0,True,False,,546,
RF,khs.ssBe,32,,False,0,True,546,False,0,0,546,0,0,True,False,,546,
RF,khs.ssBH,33,,False,0,True,546,False,0,0,546,0,0,True,False,,546,
RF,khs.sssB,34,,False,0,True,546,False,0,0,546,0,0,True,False,,546,
RF,khs.sCH3,35,,False,0,True,546,False,0,0,546,0,0,True,False,,546,
RF,khs.dCH2,36,,False,0,True,546,False,0,0,546,0,0,True,False,,546,
RF,khs.ssCH2,37,,False,0,False,0,True,546,0,546,546,0,True,True,No exact RDKit implementation consistent with the CDK training definition; the repository's original CDK generator was used.,546,
RF,khs.tCH,38,,False,0,True,546,False,0,0,546,0,0,True,False,,546,
RF,khs.dsCH,39,,False,0,True,546,False,0,0,546,0,0,True,False,,546,
RF,khs.aaCH,40,,False,0,True,546,False,0,0,546,0,0,True,False,,546,
RF,khs.sssCH,41,,False,0,True,546,False,0,0,546,0,0,True,False,,546,
RF,khs.ddC,42,,False,0,True,546,False,0,0,546,0,0,True,False,,546,
RF,khs.dssC,43,,False,0,True,546,False,0,0,546,0,0,True,False,,546,
RF,khs.aasC,44,,False,0,True,546,False,0,0,546,0,0,True,False,,546,
RF,khs.aaaC,45,,False,0,True,546,False,0,0,546,0,0,True,False,,546,
RF,khs.sNH3,46,,False,0,True,546,False,0,0,546,0,0,True,False,,546,
RF,khs.sNH2,47,,False,0,True,546,False,0,0,546,0,0,True,False,,546,
RF,khs.ssNH2,48,,False,0,True,546,False,0,0,546,0,0,True,False,,546,
RF,khs.dNH,49,,False,0,True,546,False,0,0,546,0,0,True,False,,546,
RF,khs.ssNH,50,,False,0,True,546,False,0,0,546,0,0,True,False,,546,
RF,khs.aaNH,51,,False,0,True,546,False,0,0,546,0,0,True,False,,546,
RF,khs.tN,52,,False,0,True,546,False,0,0,546,0,0,True,False,,546,
RF,khs.dsN,53,,False,0,True,546,False,0,0,546,0,0,True,False,,546,
RF,khs.aaN,54,,False,0,True,546,False,0,0,546,0,0,True,False,,546,
RF,khs.sssN,55,,False,0,True,546,False,0,0,546,0,0,True,False,,546,
RF,khs.ddsN,56,,False,0,True,546,False,0,0,546,0,0,True,False,,546,
RF,khs.aasN,57,,False,0,True,546,False,0,0,546,0,0,True,False,,546,
RF,khs.ssssN,58,,False,0,True,546,False,0,0,546,0,0,True,False,,546,
RF,khs.sOH,59,,False,0,False,0,True,546,0,546,546,0,True,True,No exact RDKit implementation consistent with the CDK training definition; the repository's original CDK generator was used.,546,
RF,khs.dO,60,,False,0,True,546,False,0,0,546,0,0,True,False,,546,
RF,khs.ssO,61,,False,0,True,546,False,0,0,546,0,0,True,False,,546,
RF,khs.aaO,62,,False,0,True,546,False,0,0,546,0,0,True,False,,546,
RF,khs.sF,63,,False,0,True,546,False,0,0,546,0,0,True,False,,546,
RF,khs.sSiH3,64,,False,0,True,546,False,0,0,546,0,0,True,False,,546,
RF,khs.ssSiH2,65,,False,0,True,546,False,0,0,546,0,0,True,False,,546,
RF,khs.sssSiH,66,,False,0,True,546,False,0,0,546,0,0,True,False,,546,
RF,khs.ssssSi,67,,False,0,True,546,False,0,0,546,0,0,True,False,,546,
RF,khs.sPH2,68,,False,0,True,546,False,0,0,546,0,0,True,False,,546,
RF,khs.ssPH,69,,False,0,True,546,False,0,0,546,0,0,True,False,,546,
RF,khs.sssP,70,,False,0,True,546,False,0,0,546,0,0,True,False,,546,
RF,khs.dsssP,71,,False,0,True,546,False,0,0,546,0,0,True,False,,546,
RF,khs.sssssP,72,,False,0,True,546,False,0,0,546,0,0,True,False,,546,
RF,khs.sSH,73,,False,0,True,546,False,0,0,546,0,0,True,False,,546,
RF,khs.dS,74,,False,0,True,546,False,0,0,546,0,0,True,False,,546,
RF,khs.ssS,75,,False,0,True,546,False,0,0,546,0,0,True,False,,546,
RF,khs.aaS,76,,False,0,True,546,False,0,0,546,0,0,True,False,,546,
RF,khs.dssS,77,,False,0,True,546,False,0,0,546,0,0,True,False,,546,
RF,khs.ddssS,78,,False,0,True,546,False,0,0,546,0,0,True,False,,546,
RF,khs.sCl,79,,False,0,True,546,False,0,0,546,0,0,True,False,,546,
RF,khs.sGeH3,80,,False,0,True,546,False,0,0,546,0,0,True,False,,546,
RF,khs.ssGeH2,81,,False,0,True,546,False,0,0,546,0,0,True,False,,546,
RF,khs.sssGeH,82,,False,0,True,546,False,0,0,546,0,0,True,False,,546,
RF,khs.ssssGe,83,,False,0,True,546,False,0,0,546,0,0,True,False,,546,
RF,khs.sAsH2,84,,False,0,True,546,False,0,0,546,0,0,True,False,,546,
RF,khs.ssAsH,85,,False,0,True,546,False,0,0,546,0,0,True,False,,546,
RF,khs.sssAs,86,,False,0,True,546,False,0,0,546,0,0,True,False,,546,
RF,khs.sssdAs,87,,False,0,True,546,False,0,0,546,0,0,True,False,,546,
RF,khs.sssssAs,88,,False,0,True,546,False,0,0,546,0,0,True,False,,546,
RF,khs.sSeH,89,,False,0,True,546,False,0,0,546,0,0,True,False,,546,
RF,khs.dSe,90,,False,0,True,546,False,0,0,546,0,0,True,False,,546,
RF,khs.ssSe,91,,False,0,True,546,False,0,0,546,0,0,True,False,,546,
RF,khs.aaSe,92,,False,0,True,546,False,0,0,546,0,0,True,False,,546,
RF,khs.dssSe,93,,False,0,True,546,False,0,0,546,0,0,True,False,,546,
RF,khs.ddssSe,94,,False,0,True,546,False,0,0,546,0,0,True,False,,546,
RF,khs.sBr,95,,False,0,True,546,False,0,0,546,0,0,True,False,,546,
RF,khs.sSnH3,96,,False,0,True,546,False,0,0,546,0,0,True,False,,546,
RF,khs.ssSnH2,97,,False,0,True,546,False,0,0,546,0,0,True,False,,546,
RF,khs.sssSnH,98,,False,0,True,546,False,0,0,546,0,0,True,False,,546,
RF,khs.ssssSn,99,,False,0,True,546,False,0,0,546,0,0,True,False,,546,
RF,khs.sPbH3,100,,False,0,True,546,False,0,0,546,0,0,True,False,,546,
RF,khs.ssPbH2,101,,False,0,True,546,False,0,0,546,0,0,True,False,,546,
RF,khs.sssPbH,102,,False,0,True,546,False,0,0,546,0,0,True,False,,546,
RF,khs.ssssPb,103,,False,0,True,546,False,0,0,546,0,0,True,False,,546,
RF,nAtomLC,104,,False,0,False,0,True,546,0,546,546,0,True,True,No exact RDKit implementation consistent with the CDK training definition; the repository's original CDK generator was used.,546,
RF,nAtomP,105,,False,0,False,0,True,546,0,546,546,0,True,True,No exact RDKit implementation consistent with the CDK training definition; the repository's original CDK generator was used.,546,
RF,nAtomLAC,106,,False,0,False,0,True,546,0,546,546,0,True,True,No exact RDKit implementation consistent with the CDK training definition; the repository's original CDK generator was used.,546,
RF,MDEC-11,107,,False,0,False,0,True,546,0,546,546,0,True,True,No exact RDKit implementation consistent with the CDK training definition; the repository's original CDK generator was used.,546,
RF,MDEC-12,108,,False,0,False,0,True,546,0,546,546,0,True,True,No exact RDKit implementation consistent with the CDK training definition; the repository's original CDK generator was used.,546,
RF,MDEC-13,109,,False,0,False,0,True,546,0,546,546,0,True,True,No exact RDKit implementation consistent with the CDK training definition; the repository's original CDK generator was used.,546,
RF,MDEC-14,110,,False,0,False,0,True,546,0,546,546,0,True,True,No exact RDKit implementation consistent with the CDK training definition; the repository's original CDK generator was used.,546,
RF,MDEC-22,111,,False,0,False,0,True,546,0,546,546,0,True,True,No exact RDKit implementation consistent with the CDK training definition; the repository's original CDK generator was used.,546,
RF,MDEC-33,112,,False,0,False,0,True,546,0,546,546,0,True,True,No exact RDKit implementation consistent with the CDK training definition; the repository's original CDK generator was used.,546,
RF,MDEC-34,113,,False,0,False,0,True,546,0,546,546,0,True,True,No exact RDKit implementation consistent with the CDK training definition; the repository's original CDK generator was used.,546,
RF,MDEC-44,114,,False,0,False,0,True,546,0,546,546,0,True,True,No exact RDKit implementation consistent with the CDK training definition; the repository's original CDK generator was used.,546,
RF,MDEO-11,115,,False,0,False,0,True,546,0,546,546,0,True,True,No exact RDKit implementation consistent with the CDK training definition; the repository's original CDK generator was used.,546,
RF,MDEO-12,116,,False,0,False,0,True,546,0,546,546,0,True,True,No exact RDKit implementation consistent with the CDK training definition; the repository's original CDK generator was used.,546,
RF,MDEO-22,117,,False,0,False,0,True,546,0,546,546,0,True,True,No exact RDKit implementation consistent with the CDK training definition; the repository's original CDK generator was used.,546,
RF,MDEN-11,118,,False,0,False,0,True,546,0,546,546,0,True,True,No exact RDKit implementation consistent with the CDK training definition; the repository's original CDK generator was used.,546,
RF,MDEN-12,119,,False,0,False,0,True,546,0,546,546,0,True,True,No exact RDKit implementation consistent with the CDK training definition; the repository's original CDK generator was used.,546,
RF,MDEN-13,120,,False,0,False,0,True,546,0,546,546,0,True,True,No exact RDKit implementation consistent with the CDK training definition; the repository's original CDK generator was used.,546,
RF,MDEN-22,121,,False,0,False,0,True,546,0,546,546,0,True,True,No exact RDKit implementation consistent with the CDK training definition; the repository's original CDK generator was used.,546,
RF,MDEN-23,122,,False,0,False,0,True,546,0,546,546,0,True,True,No exact RDKit implementation consistent with the CDK training definition; the repository's original CDK generator was used.,546,
RF,MDEN-33,123,,False,0,False,0,True,546,0,546,546,0,True,True,No exact RDKit implementation consistent with the CDK training definition; the repository's original CDK generator was used.,546,
RF,MLogP,124,,False,0,False,0,True,546,0,546,546,0,True,True,No exact RDKit implementation consistent with the CDK training definition; the repository's original CDK generator was used.,546,
RF,topoShape,125,,False,0,False,0,True,531,15,546,546,0,True,True,No exact RDKit implementation consistent with the CDK training definition; the repository's original CDK generator was used.,546,
RF,nRotB,126,,False,0,False,0,True,546,0,546,546,0,True,True,No exact RDKit implementation consistent with the CDK training definition; the repository's original CDK generator was used.,546,
RF,LipinskiFailures,127,,False,0,False,0,True,546,0,546,546,0,True,True,No exact RDKit implementation consistent with the CDK training definition; the repository's original CDK generator was used.,546,
RF,nAromRings,128,,False,0,True,546,False,0,0,546,0,0,True,False,,546,
RF,nRingBlocks,129,,False,0,False,0,True,546,0,546,546,0,True,True,No exact RDKit implementation consistent with the CDK training definition; the repository's original CDK generator was used.,546,
RF,nAromBlocks,130,,False,0,False,0,True,546,0,546,546,0,True,True,No exact RDKit implementation consistent with the CDK training definition; the repository's original CDK generator was used.,546,
RF,nRings3,131,,False,0,True,546,False,0,0,546,0,0,True,False,,546,
RF,nRings4,132,,False,0,True,546,False,0,0,546,0,0,True,False,,546,
RF,nRings5,133,,False,0,True,546,False,0,0,546,0,0,True,False,,546,
RF,nRings6,134,,False,0,True,546,False,0,0,546,0,0,True,False,,546,
RF,nRings7,135,,False,0,True,546,False,0,0,546,0,0,True,False,,546,
RF,nRings8,136,,False,0,True,546,False,0,0,546,0,0,True,False,,546,
RF,nRings9,137,,False,0,True,546,False,0,0,546,0,0,True,False,,546,
RF,TopoPSA,138,,False,0,False,0,True,546,0,546,546,0,True,True,No exact RDKit implementation consistent with the CDK training definition; the repository's original CDK generator was used.,546,
RF,VAdjMat,139,,False,0,False,0,True,546,0,546,546,0,True,True,No exact RDKit implementation consistent with the CDK training definition; the repository's original CDK generator was used.,546,
RF,WTPT-2,140,,False,0,False,0,True,546,0,546,546,0,True,True,No exact RDKit implementation consistent with the CDK training definition; the repository's original CDK generator was used.,546,
RF,WTPT-3,141,,False,0,False,0,True,546,0,546,546,0,True,True,No exact RDKit implementation consistent with the CDK training definition; the repository's original CDK generator was used.,546,
RF,WTPT-4,142,,False,0,False,0,True,546,0,546,546,0,True,True,No exact RDKit implementation consistent with the CDK training definition; the repository's original CDK generator was used.,546,
RF,WTPT-5,143,,False,0,False,0,True,546,0,546,546,0,True,True,No exact RDKit implementation consistent with the CDK training definition; the repository's original CDK generator was used.,546,
RF,WPATH,144,,False,0,False,0,True,546,0,546,546,0,True,True,No exact RDKit implementation consistent with the CDK training definition; the repository's original CDK generator was used.,546,
RF,XLogP,145,,False,0,False,0,True,546,0,546,546,0,True,True,No exact RDKit implementation consistent with the CDK training definition; the repository's original CDK generator was used.,546,
RF,Zagreb,146,,False,0,True,546,False,0,0,546,0,0,True,False,,546,
SVR (RBF),Texpi,1,donor/skin surface temperature (°C),True,391,False,0,False,0,155,155,155,0,True,False,,155,Converted Celsius values to Kelvin; values already >=200 were treated as Kelvin.
SVR (RBF),ALogp2,2,,False,0,False,0,True,546,0,546,546,0,True,True,No exact RDKit implementation consistent with the CDK training definition; the repository's original CDK generator was used.,546,
SVR (RBF),nAcid,3,,False,0,False,0,True,546,0,546,546,0,True,True,No exact RDKit implementation consistent with the CDK training definition; the repository's original CDK generator was used.,546,
SVR (RBF),nAromBond,4,,False,0,False,0,True,546,0,546,546,0,True,True,No exact RDKit implementation consistent with the CDK training definition; the repository's original CDK generator was used.,546,
SVR (RBF),ATSc2,5,,False,0,False,0,True,543,3,546,546,0,True,True,No exact RDKit implementation consistent with the CDK training definition; the repository's original CDK generator was used.,546,
SVR (RBF),ATSc3,6,,False,0,False,0,True,543,3,546,546,0,True,True,No exact RDKit implementation consistent with the CDK training definition; the repository's original CDK generator was used.,546,
SVR (RBF),ATSc4,7,,False,0,False,0,True,543,3,546,546,0,True,True,No exact RDKit implementation consistent with the CDK training definition; the repository's original CDK generator was used.,546,
SVR (RBF),ATSc5,8,,False,0,False,0,True,543,3,546,546,0,True,True,No exact RDKit implementation consistent with the CDK training definition; the repository's original CDK generator was used.,546,
SVR (RBF),ATSm1,9,,False,0,False,0,True,546,0,546,546,0,True,True,No exact RDKit implementation consistent with the CDK training definition; the repository's original CDK generator was used.,546,
SVR (RBF),BCUTw-1l,10,,False,0,False,0,True,543,3,546,546,0,True,True,No exact RDKit implementation consistent with the CDK training definition; the repository's original CDK generator was used.,546,
SVR (RBF),BCUTw-1h,11,,False,0,False,0,True,543,3,546,546,0,True,True,No exact RDKit implementation consistent with the CDK training definition; the repository's original CDK generator was used.,546,
SVR (RBF),BCUTc-1l,12,,False,0,False,0,True,543,3,546,546,0,True,True,No exact RDKit implementation consistent with the CDK training definition; the repository's original CDK generator was used.,546,
SVR (RBF),BCUTc-1h,13,,False,0,False,0,True,543,3,546,546,0,True,True,No exact RDKit implementation consistent with the CDK training definition; the repository's original CDK generator was used.,546,
SVR (RBF),BCUTp-1l,14,,False,0,False,0,True,543,3,546,546,0,True,True,No exact RDKit implementation consistent with the CDK training definition; the repository's original CDK generator was used.,546,
SVR (RBF),BCUTp-1h,15,,False,0,False,0,True,543,3,546,546,0,True,True,No exact RDKit implementation consistent with the CDK training definition; the repository's original CDK generator was used.,546,
SVR (RBF),nBase,16,,False,0,False,0,True,546,0,546,546,0,True,True,No exact RDKit implementation consistent with the CDK training definition; the repository's original CDK generator was used.,546,
SVR (RBF),C2SP1,17,,False,0,False,0,True,546,0,546,546,0,True,True,No exact RDKit implementation consistent with the CDK training definition; the repository's original CDK generator was used.,546,
SVR (RBF),C1SP2,18,,False,0,False,0,True,546,0,546,546,0,True,True,No exact RDKit implementation consistent with the CDK training definition; the repository's original CDK generator was used.,546,
SVR (RBF),C2SP2,19,,False,0,False,0,True,546,0,546,546,0,True,True,No exact RDKit implementation consistent with the CDK training definition; the repository's original CDK generator was used.,546,
SVR (RBF),C3SP2,20,,False,0,False,0,True,546,0,546,546,0,True,True,No exact RDKit implementation consistent with the CDK training definition; the repository's original CDK generator was used.,546,
SVR (RBF),C1SP3,21,,False,0,False,0,True,546,0,546,546,0,True,True,No exact RDKit implementation consistent with the CDK training definition; the repository's original CDK generator was used.,546,
SVR (RBF),C2SP3,22,,False,0,False,0,True,546,0,546,546,0,True,True,No exact RDKit implementation consistent with the CDK training definition; the repository's original CDK generator was used.,546,
SVR (RBF),SC-4,23,,False,0,False,0,True,546,0,546,546,0,True,True,No exact RDKit implementation consistent with the CDK training definition; the repository's original CDK generator was used.,546,
SVR (RBF),FMF,24,,False,0,False,0,True,546,0,546,546,0,True,True,No exact RDKit implementation consistent with the CDK training definition; the repository's original CDK generator was used.,546,
SVR (RBF),nHBAcc,25,,False,0,False,0,True,546,0,546,546,0,True,True,No exact RDKit implementation consistent with the CDK training definition; the repository's original CDK generator was used.,546,
SVR (RBF),nHBDon,26,,False,0,False,0,True,546,0,546,546,0,True,True,No exact RDKit implementation consistent with the CDK training definition; the repository's original CDK generator was used.,546,
SVR (RBF),HybRatio,27,,False,0,False,0,True,528,18,546,546,0,True,True,No exact RDKit implementation consistent with the CDK training definition; the repository's original CDK generator was used.,546,
SVR (RBF),JPLogP,28,,False,0,False,0,True,531,15,546,546,0,True,True,No exact RDKit implementation consistent with the CDK training definition; the repository's original CDK generator was used.,546,
SVR (RBF),Kier2,29,,False,0,False,0,True,546,0,546,546,0,True,True,No exact RDKit implementation consistent with the CDK training definition; the repository's original CDK generator was used.,546,
SVR (RBF),Kier3,30,,False,0,False,0,True,536,10,546,546,0,True,True,No exact RDKit implementation consistent with the CDK training definition; the repository's original CDK generator was used.,546,
SVR (RBF),khs.sLi,31,,False,0,True,546,False,0,0,546,0,0,True,False,,546,
SVR (RBF),khs.ssBe,32,,False,0,True,546,False,0,0,546,0,0,True,False,,546,
SVR (RBF),khs.ssBH,33,,False,0,True,546,False,0,0,546,0,0,True,False,,546,
SVR (RBF),khs.sssB,34,,False,0,True,546,False,0,0,546,0,0,True,False,,546,
SVR (RBF),khs.sCH3,35,,False,0,True,546,False,0,0,546,0,0,True,False,,546,
SVR (RBF),khs.dCH2,36,,False,0,True,546,False,0,0,546,0,0,True,False,,546,
SVR (RBF),khs.ssCH2,37,,False,0,False,0,True,546,0,546,546,0,True,True,No exact RDKit implementation consistent with the CDK training definition; the repository's original CDK generator was used.,546,
SVR (RBF),khs.tCH,38,,False,0,True,546,False,0,0,546,0,0,True,False,,546,
SVR (RBF),khs.dsCH,39,,False,0,True,546,False,0,0,546,0,0,True,False,,546,
SVR (RBF),khs.aaCH,40,,False,0,True,546,False,0,0,546,0,0,True,False,,546,
SVR (RBF),khs.sssCH,41,,False,0,True,546,False,0,0,546,0,0,True,False,,546,
SVR (RBF),khs.ddC,42,,False,0,True,546,False,0,0,546,0,0,True,False,,546,
SVR (RBF),khs.dssC,43,,False,0,True,546,False,0,0,546,0,0,True,False,,546,
SVR (RBF),khs.aasC,44,,False,0,True,546,False,0,0,546,0,0,True,False,,546,
SVR (RBF),khs.aaaC,45,,False,0,True,546,False,0,0,546,0,0,True,False,,546,
SVR (RBF),khs.sNH3,46,,False,0,True,546,False,0,0,546,0,0,True,False,,546,
SVR (RBF),khs.sNH2,47,,False,0,True,546,False,0,0,546,0,0,True,False,,546,
SVR (RBF),khs.ssNH2,48,,False,0,True,546,False,0,0,546,0,0,True,False,,546,
SVR (RBF),khs.dNH,49,,False,0,True,546,False,0,0,546,0,0,True,False,,546,
SVR (RBF),khs.ssNH,50,,False,0,True,546,False,0,0,546,0,0,True,False,,546,
SVR (RBF),khs.aaNH,51,,False,0,True,546,False,0,0,546,0,0,True,False,,546,
SVR (RBF),khs.tN,52,,False,0,True,546,False,0,0,546,0,0,True,False,,546,
SVR (RBF),khs.dsN,53,,False,0,True,546,False,0,0,546,0,0,True,False,,546,
SVR (RBF),khs.aaN,54,,False,0,True,546,False,0,0,546,0,0,True,False,,546,
SVR (RBF),khs.sssN,55,,False,0,True,546,False,0,0,546,0,0,True,False,,546,
SVR (RBF),khs.ddsN,56,,False,0,True,546,False,0,0,546,0,0,True,False,,546,
SVR (RBF),khs.aasN,57,,False,0,True,546,False,0,0,546,0,0,True,False,,546,
SVR (RBF),khs.ssssN,58,,False,0,True,546,False,0,0,546,0,0,True,False,,546,
SVR (RBF),khs.sOH,59,,False,0,False,0,True,546,0,546,546,0,True,True,No exact RDKit implementation consistent with the CDK training definition; the repository's original CDK generator was used.,546,
SVR (RBF),khs.dO,60,,False,0,True,546,False,0,0,546,0,0,True,False,,546,
SVR (RBF),khs.ssO,61,,False,0,True,546,False,0,0,546,0,0,True,False,,546,
SVR (RBF),khs.aaO,62,,False,0,True,546,False,0,0,546,0,0,True,False,,546,
SVR (RBF),khs.sF,63,,False,0,True,546,False,0,0,546,0,0,True,False,,546,
SVR (RBF),khs.sSiH3,64,,False,0,True,546,False,0,0,546,0,0,True,False,,546,
SVR (RBF),khs.ssSiH2,65,,False,0,True,546,False,0,0,546,0,0,True,False,,546,
SVR (RBF),khs.sssSiH,66,,False,0,True,546,False,0,0,546,0,0,True,False,,546,
SVR (RBF),khs.ssssSi,67,,False,0,True,546,False,0,0,546,0,0,True,False,,546,
SVR (RBF),khs.sPH2,68,,False,0,True,546,False,0,0,546,0,0,True,False,,546,
SVR (RBF),khs.ssPH,69,,False,0,True,546,False,0,0,546,0,0,True,False,,546,
SVR (RBF),khs.sssP,70,,False,0,True,546,False,0,0,546,0,0,True,False,,546,
SVR (RBF),khs.dsssP,71,,False,0,True,546,False,0,0,546,0,0,True,False,,546,
SVR (RBF),khs.sssssP,72,,False,0,True,546,False,0,0,546,0,0,True,False,,546,
SVR (RBF),khs.sSH,73,,False,0,True,546,False,0,0,546,0,0,True,False,,546,
SVR (RBF),khs.dS,74,,False,0,True,546,False,0,0,546,0,0,True,False,,546,
SVR (RBF),khs.ssS,75,,False,0,True,546,False,0,0,546,0,0,True,False,,546,
SVR (RBF),khs.aaS,76,,False,0,True,546,False,0,0,546,0,0,True,False,,546,
SVR (RBF),khs.dssS,77,,False,0,True,546,False,0,0,546,0,0,True,False,,546,
SVR (RBF),khs.ddssS,78,,False,0,True,546,False,0,0,546,0,0,True,False,,546,
SVR (RBF),khs.sCl,79,,False,0,True,546,False,0,0,546,0,0,True,False,,546,
SVR (RBF),khs.sGeH3,80,,False,0,True,546,False,0,0,546,0,0,True,False,,546,
SVR (RBF),khs.ssGeH2,81,,False,0,True,546,False,0,0,546,0,0,True,False,,546,
SVR (RBF),khs.sssGeH,82,,False,0,True,546,False,0,0,546,0,0,True,False,,546,
SVR (RBF),khs.ssssGe,83,,False,0,True,546,False,0,0,546,0,0,True,False,,546,
SVR (RBF),khs.sAsH2,84,,False,0,True,546,False,0,0,546,0,0,True,False,,546,
SVR (RBF),khs.ssAsH,85,,False,0,True,546,False,0,0,546,0,0,True,False,,546,
SVR (RBF),khs.sssAs,86,,False,0,True,546,False,0,0,546,0,0,True,False,,546,
SVR (RBF),khs.sssdAs,87,,False,0,True,546,False,0,0,546,0,0,True,False,,546,
SVR (RBF),khs.sssssAs,88,,False,0,True,546,False,0,0,546,0,0,True,False,,546,
SVR (RBF),khs.sSeH,89,,False,0,True,546,False,0,0,546,0,0,True,False,,546,
SVR (RBF),khs.dSe,90,,False,0,True,546,False,0,0,546,0,0,True,False,,546,
SVR (RBF),khs.ssSe,91,,False,0,True,546,False,0,0,546,0,0,True,False,,546,
SVR (RBF),khs.aaSe,92,,False,0,True,546,False,0,0,546,0,0,True,False,,546,
SVR (RBF),khs.dssSe,93,,False,0,True,546,False,0,0,546,0,0,True,False,,546,
SVR (RBF),khs.ddssSe,94,,False,0,True,546,False,0,0,546,0,0,True,False,,546,
SVR (RBF),khs.sBr,95,,False,0,True,546,False,0,0,546,0,0,True,False,,546,
SVR (RBF),khs.sSnH3,96,,False,0,True,546,False,0,0,546,0,0,True,False,,546,
SVR (RBF),khs.ssSnH2,97,,False,0,True,546,False,0,0,546,0,0,True,False,,546,
SVR (RBF),khs.sssSnH,98,,False,0,True,546,False,0,0,546,0,0,True,False,,546,
SVR (RBF),khs.ssssSn,99,,False,0,True,546,False,0,0,546,0,0,True,False,,546,
SVR (RBF),khs.sPbH3,100,,False,0,True,546,False,0,0,546,0,0,True,False,,546,
SVR (RBF),khs.ssPbH2,101,,False,0,True,546,False,0,0,546,0,0,True,False,,546,
SVR (RBF),khs.sssPbH,102,,False,0,True,546,False,0,0,546,0,0,True,False,,546,
SVR (RBF),khs.ssssPb,103,,False,0,True,546,False,0,0,546,0,0,True,False,,546,
SVR (RBF),nAtomLC,104,,False,0,False,0,True,546,0,546,546,0,True,True,No exact RDKit implementation consistent with the CDK training definition; the repository's original CDK generator was used.,546,
SVR (RBF),nAtomP,105,,False,0,False,0,True,546,0,546,546,0,True,True,No exact RDKit implementation consistent with the CDK training definition; the repository's original CDK generator was used.,546,
SVR (RBF),nAtomLAC,106,,False,0,False,0,True,546,0,546,546,0,True,True,No exact RDKit implementation consistent with the CDK training definition; the repository's original CDK generator was used.,546,
SVR (RBF),MDEC-11,107,,False,0,False,0,True,546,0,546,546,0,True,True,No exact RDKit implementation consistent with the CDK training definition; the repository's original CDK generator was used.,546,
SVR (RBF),MDEC-12,108,,False,0,False,0,True,546,0,546,546,0,True,True,No exact RDKit implementation consistent with the CDK training definition; the repository's original CDK generator was used.,546,
SVR (RBF),MDEC-13,109,,False,0,False,0,True,546,0,546,546,0,True,True,No exact RDKit implementation consistent with the CDK training definition; the repository's original CDK generator was used.,546,
SVR (RBF),MDEC-14,110,,False,0,False,0,True,546,0,546,546,0,True,True,No exact RDKit implementation consistent with the CDK training definition; the repository's original CDK generator was used.,546,
SVR (RBF),MDEC-22,111,,False,0,False,0,True,546,0,546,546,0,True,True,No exact RDKit implementation consistent with the CDK training definition; the repository's original CDK generator was used.,546,
SVR (RBF),MDEC-33,112,,False,0,False,0,True,546,0,546,546,0,True,True,No exact RDKit implementation consistent with the CDK training definition; the repository's original CDK generator was used.,546,
SVR (RBF),MDEC-34,113,,False,0,False,0,True,546,0,546,546,0,True,True,No exact RDKit implementation consistent with the CDK training definition; the repository's original CDK generator was used.,546,
SVR (RBF),MDEC-44,114,,False,0,False,0,True,546,0,546,546,0,True,True,No exact RDKit implementation consistent with the CDK training definition; the repository's original CDK generator was used.,546,
SVR (RBF),MDEO-11,115,,False,0,False,0,True,546,0,546,546,0,True,True,No exact RDKit implementation consistent with the CDK training definition; the repository's original CDK generator was used.,546,
SVR (RBF),MDEO-12,116,,False,0,False,0,True,546,0,546,546,0,True,True,No exact RDKit implementation consistent with the CDK training definition; the repository's original CDK generator was used.,546,
SVR (RBF),MDEO-22,117,,False,0,False,0,True,546,0,546,546,0,True,True,No exact RDKit implementation consistent with the CDK training definition; the repository's original CDK generator was used.,546,
SVR (RBF),MDEN-11,118,,False,0,False,0,True,546,0,546,546,0,True,True,No exact RDKit implementation consistent with the CDK training definition; the repository's original CDK generator was used.,546,
SVR (RBF),MDEN-12,119,,False,0,False,0,True,546,0,546,546,0,True,True,No exact RDKit implementation consistent with the CDK training definition; the repository's original CDK generator was used.,546,
SVR (RBF),MDEN-13,120,,False,0,False,0,True,546,0,546,546,0,True,True,No exact RDKit implementation consistent with the CDK training definition; the repository's original CDK generator was used.,546,
SVR (RBF),MDEN-22,121,,False,0,False,0,True,546,0,546,546,0,True,True,No exact RDKit implementation consistent with the CDK training definition; the repository's original CDK generator was used.,546,
SVR (RBF),MDEN-23,122,,False,0,False,0,True,546,0,546,546,0,True,True,No exact RDKit implementation consistent with the CDK training definition; the repository's original CDK generator was used.,546,
SVR (RBF),MDEN-33,123,,False,0,False,0,True,546,0,546,546,0,True,True,No exact RDKit implementation consistent with the CDK training definition; the repository's original CDK generator was used.,546,
SVR (RBF),MLogP,124,,False,0,False,0,True,546,0,546,546,0,True,True,No exact RDKit implementation consistent with the CDK training definition; the repository's original CDK generator was used.,546,
SVR (RBF),topoShape,125,,False,0,False,0,True,531,15,546,546,0,True,True,No exact RDKit implementation consistent with the CDK training definition; the repository's original CDK generator was used.,546,
SVR (RBF),nRotB,126,,False,0,False,0,True,546,0,546,546,0,True,True,No exact RDKit implementation consistent with the CDK training definition; the repository's original CDK generator was used.,546,
SVR (RBF),LipinskiFailures,127,,False,0,False,0,True,546,0,546,546,0,True,True,No exact RDKit implementation consistent with the CDK training definition; the repository's original CDK generator was used.,546,
SVR (RBF),nAromRings,128,,False,0,True,546,False,0,0,546,0,0,True,False,,546,
SVR (RBF),nRingBlocks,129,,False,0,False,0,True,546,0,546,546,0,True,True,No exact RDKit implementation consistent with the CDK training definition; the repository's original CDK generator was used.,546,
SVR (RBF),nAromBlocks,130,,False,0,False,0,True,546,0,546,546,0,True,True,No exact RDKit implementation consistent with the CDK training definition; the repository's original CDK generator was used.,546,
SVR (RBF),nRings3,131,,False,0,True,546,False,0,0,546,0,0,True,False,,546,
SVR (RBF),nRings4,132,,False,0,True,546,False,0,0,546,0,0,True,False,,546,
SVR (RBF),nRings5,133,,False,0,True,546,False,0,0,546,0,0,True,False,,546,
SVR (RBF),nRings6,134,,False,0,True,546,False,0,0,546,0,0,True,False,,546,
SVR (RBF),nRings7,135,,False,0,True,546,False,0,0,546,0,0,True,False,,546,
SVR (RBF),nRings8,136,,False,0,True,546,False,0,0,546,0,0,True,False,,546,
SVR (RBF),nRings9,137,,False,0,True,546,False,0,0,546,0,0,True,False,,546,
SVR (RBF),TopoPSA,138,,False,0,False,0,True,546,0,546,546,0,True,True,No exact RDKit implementation consistent with the CDK training definition; the repository's original CDK generator was used.,546,
SVR (RBF),VAdjMat,139,,False,0,False,0,True,546,0,546,546,0,True,True,No exact RDKit implementation consistent with the CDK training definition; the repository's original CDK generator was used.,546,
SVR (RBF),WTPT-2,140,,False,0,False,0,True,546,0,546,546,0,True,True,No exact RDKit implementation consistent with the CDK training definition; the repository's original CDK generator was used.,546,
SVR (RBF),WTPT-3,141,,False,0,False,0,True,546,0,546,546,0,True,True,No exact RDKit implementation consistent with the CDK training definition; the repository's original CDK generator was used.,546,
SVR (RBF),WTPT-4,142,,False,0,False,0,True,546,0,546,546,0,True,True,No exact RDKit implementation consistent with the CDK training definition; the repository's original CDK generator was used.,546,
SVR (RBF),WTPT-5,143,,False,0,False,0,True,546,0,546,546,0,True,True,No exact RDKit implementation consistent with the CDK training definition; the repository's original CDK generator was used.,546,
SVR (RBF),WPATH,144,,False,0,False,0,True,546,0,546,546,0,True,True,No exact RDKit implementation consistent with the CDK training definition; the repository's original CDK generator was used.,546,
SVR (RBF),XLogP,145,,False,0,False,0,True,546,0,546,546,0,True,True,No exact RDKit implementation consistent with the CDK training definition; the repository's original CDK generator was used.,546,
SVR (RBF),Zagreb,146,,False,0,True,546,False,0,0,546,0,0,True,False,,546,
StackingRegressor,Texpi,1,donor/skin surface temperature (°C),True,391,False,0,False,0,155,155,155,0,True,False,,155,Converted Celsius values to Kelvin; values already >=200 were treated as Kelvin.
StackingRegressor,ALogp2,2,,False,0,False,0,True,546,0,546,546,0,True,True,No exact RDKit implementation consistent with the CDK training definition; the repository's original CDK generator was used.,546,
StackingRegressor,nAcid,3,,False,0,False,0,True,546,0,546,546,0,True,True,No exact RDKit implementation consistent with the CDK training definition; the repository's original CDK generator was used.,546,
StackingRegressor,nAromBond,4,,False,0,False,0,True,546,0,546,546,0,True,True,No exact RDKit implementation consistent with the CDK training definition; the repository's original CDK generator was used.,546,
StackingRegressor,ATSc2,5,,False,0,False,0,True,543,3,546,546,0,True,True,No exact RDKit implementation consistent with the CDK training definition; the repository's original CDK generator was used.,546,
StackingRegressor,ATSc3,6,,False,0,False,0,True,543,3,546,546,0,True,True,No exact RDKit implementation consistent with the CDK training definition; the repository's original CDK generator was used.,546,
StackingRegressor,ATSc4,7,,False,0,False,0,True,543,3,546,546,0,True,True,No exact RDKit implementation consistent with the CDK training definition; the repository's original CDK generator was used.,546,
StackingRegressor,ATSc5,8,,False,0,False,0,True,543,3,546,546,0,True,True,No exact RDKit implementation consistent with the CDK training definition; the repository's original CDK generator was used.,546,
StackingRegressor,ATSm1,9,,False,0,False,0,True,546,0,546,546,0,True,True,No exact RDKit implementation consistent with the CDK training definition; the repository's original CDK generator was used.,546,
StackingRegressor,BCUTw-1l,10,,False,0,False,0,True,543,3,546,546,0,True,True,No exact RDKit implementation consistent with the CDK training definition; the repository's original CDK generator was used.,546,
StackingRegressor,BCUTw-1h,11,,False,0,False,0,True,543,3,546,546,0,True,True,No exact RDKit implementation consistent with the CDK training definition; the repository's original CDK generator was used.,546,
StackingRegressor,BCUTc-1l,12,,False,0,False,0,True,543,3,546,546,0,True,True,No exact RDKit implementation consistent with the CDK training definition; the repository's original CDK generator was used.,546,
StackingRegressor,BCUTc-1h,13,,False,0,False,0,True,543,3,546,546,0,True,True,No exact RDKit implementation consistent with the CDK training definition; the repository's original CDK generator was used.,546,
StackingRegressor,BCUTp-1l,14,,False,0,False,0,True,543,3,546,546,0,True,True,No exact RDKit implementation consistent with the CDK training definition; the repository's original CDK generator was used.,546,
StackingRegressor,BCUTp-1h,15,,False,0,False,0,True,543,3,546,546,0,True,True,No exact RDKit implementation consistent with the CDK training definition; the repository's original CDK generator was used.,546,
StackingRegressor,nBase,16,,False,0,False,0,True,546,0,546,546,0,True,True,No exact RDKit implementation consistent with the CDK training definition; the repository's original CDK generator was used.,546,
StackingRegressor,C2SP1,17,,False,0,False,0,True,546,0,546,546,0,True,True,No exact RDKit implementation consistent with the CDK training definition; the repository's original CDK generator was used.,546,
StackingRegressor,C1SP2,18,,False,0,False,0,True,546,0,546,546,0,True,True,No exact RDKit implementation consistent with the CDK training definition; the repository's original CDK generator was used.,546,
StackingRegressor,C2SP2,19,,False,0,False,0,True,546,0,546,546,0,True,True,No exact RDKit implementation consistent with the CDK training definition; the repository's original CDK generator was used.,546,
StackingRegressor,C3SP2,20,,False,0,False,0,True,546,0,546,546,0,True,True,No exact RDKit implementation consistent with the CDK training definition; the repository's original CDK generator was used.,546,
StackingRegressor,C1SP3,21,,False,0,False,0,True,546,0,546,546,0,True,True,No exact RDKit implementation consistent with the CDK training definition; the repository's original CDK generator was used.,546,
StackingRegressor,C2SP3,22,,False,0,False,0,True,546,0,546,546,0,True,True,No exact RDKit implementation consistent with the CDK training definition; the repository's original CDK generator was used.,546,
StackingRegressor,SC-4,23,,False,0,False,0,True,546,0,546,546,0,True,True,No exact RDKit implementation consistent with the CDK training definition; the repository's original CDK generator was used.,546,
StackingRegressor,FMF,24,,False,0,False,0,True,546,0,546,546,0,True,True,No exact RDKit implementation consistent with the CDK training definition; the repository's original CDK generator was used.,546,
StackingRegressor,nHBAcc,25,,False,0,False,0,True,546,0,546,546,0,True,True,No exact RDKit implementation consistent with the CDK training definition; the repository's original CDK generator was used.,546,
StackingRegressor,nHBDon,26,,False,0,False,0,True,546,0,546,546,0,True,True,No exact RDKit implementation consistent with the CDK training definition; the repository's original CDK generator was used.,546,
StackingRegressor,HybRatio,27,,False,0,False,0,True,528,18,546,546,0,True,True,No exact RDKit implementation consistent with the CDK training definition; the repository's original CDK generator was used.,546,
StackingRegressor,JPLogP,28,,False,0,False,0,True,531,15,546,546,0,True,True,No exact RDKit implementation consistent with the CDK training definition; the repository's original CDK generator was used.,546,
StackingRegressor,Kier2,29,,False,0,False,0,True,546,0,546,546,0,True,True,No exact RDKit implementation consistent with the CDK training definition; the repository's original CDK generator was used.,546,
StackingRegressor,Kier3,30,,False,0,False,0,True,536,10,546,546,0,True,True,No exact RDKit implementation consistent with the CDK training definition; the repository's original CDK generator was used.,546,
StackingRegressor,khs.sLi,31,,False,0,True,546,False,0,0,546,0,0,True,False,,546,
StackingRegressor,khs.ssBe,32,,False,0,True,546,False,0,0,546,0,0,True,False,,546,
StackingRegressor,khs.ssBH,33,,False,0,True,546,False,0,0,546,0,0,True,False,,546,
StackingRegressor,khs.sssB,34,,False,0,True,546,False,0,0,546,0,0,True,False,,546,
StackingRegressor,khs.sCH3,35,,False,0,True,546,False,0,0,546,0,0,True,False,,546,
StackingRegressor,khs.dCH2,36,,False,0,True,546,False,0,0,546,0,0,True,False,,546,
StackingRegressor,khs.ssCH2,37,,False,0,False,0,True,546,0,546,546,0,True,True,No exact RDKit implementation consistent with the CDK training definition; the repository's original CDK generator was used.,546,
StackingRegressor,khs.tCH,38,,False,0,True,546,False,0,0,546,0,0,True,False,,546,
StackingRegressor,khs.dsCH,39,,False,0,True,546,False,0,0,546,0,0,True,False,,546,
StackingRegressor,khs.aaCH,40,,False,0,True,546,False,0,0,546,0,0,True,False,,546,
StackingRegressor,khs.sssCH,41,,False,0,True,546,False,0,0,546,0,0,True,False,,546,
StackingRegressor,khs.ddC,42,,False,0,True,546,False,0,0,546,0,0,True,False,,546,
StackingRegressor,khs.dssC,43,,False,0,True,546,False,0,0,546,0,0,True,False,,546,
StackingRegressor,khs.aasC,44,,False,0,True,546,False,0,0,546,0,0,True,False,,546,
StackingRegressor,khs.aaaC,45,,False,0,True,546,False,0,0,546,0,0,True,False,,546,
StackingRegressor,khs.sNH3,46,,False,0,True,546,False,0,0,546,0,0,True,False,,546,
StackingRegressor,khs.sNH2,47,,False,0,True,546,False,0,0,546,0,0,True,False,,546,
StackingRegressor,khs.ssNH2,48,,False,0,True,546,False,0,0,546,0,0,True,False,,546,
StackingRegressor,khs.dNH,49,,False,0,True,546,False,0,0,546,0,0,True,False,,546,
StackingRegressor,khs.ssNH,50,,False,0,True,546,False,0,0,546,0,0,True,False,,546,
StackingRegressor,khs.aaNH,51,,False,0,True,546,False,0,0,546,0,0,True,False,,546,
StackingRegressor,khs.tN,52,,False,0,True,546,False,0,0,546,0,0,True,False,,546,
StackingRegressor,khs.dsN,53,,False,0,True,546,False,0,0,546,0,0,True,False,,546,
StackingRegressor,khs.aaN,54,,False,0,True,546,False,0,0,546,0,0,True,False,,546,
StackingRegressor,khs.sssN,55,,False,0,True,546,False,0,0,546,0,0,True,False,,546,
StackingRegressor,khs.ddsN,56,,False,0,True,546,False,0,0,546,0,0,True,False,,546,
StackingRegressor,khs.aasN,57,,False,0,True,546,False,0,0,546,0,0,True,False,,546,
StackingRegressor,khs.ssssN,58,,False,0,True,546,False,0,0,546,0,0,True,False,,546,
StackingRegressor,khs.sOH,59,,False,0,False,0,True,546,0,546,546,0,True,True,No exact RDKit implementation consistent with the CDK training definition; the repository's original CDK generator was used.,546,
StackingRegressor,khs.dO,60,,False,0,True,546,False,0,0,546,0,0,True,False,,546,
StackingRegressor,khs.ssO,61,,False,0,True,546,False,0,0,546,0,0,True,False,,546,
StackingRegressor,khs.aaO,62,,False,0,True,546,False,0,0,546,0,0,True,False,,546,
StackingRegressor,khs.sF,63,,False,0,True,546,False,0,0,546,0,0,True,False,,546,
StackingRegressor,khs.sSiH3,64,,False,0,True,546,False,0,0,546,0,0,True,False,,546,
StackingRegressor,khs.ssSiH2,65,,False,0,True,546,False,0,0,546,0,0,True,False,,546,
StackingRegressor,khs.sssSiH,66,,False,0,True,546,False,0,0,546,0,0,True,False,,546,
StackingRegressor,khs.ssssSi,67,,False,0,True,546,False,0,0,546,0,0,True,False,,546,
StackingRegressor,khs.sPH2,68,,False,0,True,546,False,0,0,546,0,0,True,False,,546,
StackingRegressor,khs.ssPH,69,,False,0,True,546,False,0,0,546,0,0,True,False,,546,
StackingRegressor,khs.sssP,70,,False,0,True,546,False,0,0,546,0,0,True,False,,546,
StackingRegressor,khs.dsssP,71,,False,0,True,546,False,0,0,546,0,0,True,False,,546,
StackingRegressor,khs.sssssP,72,,False,0,True,546,False,0,0,546,0,0,True,False,,546,
StackingRegressor,khs.sSH,73,,False,0,True,546,False,0,0,546,0,0,True,False,,546,
StackingRegressor,khs.dS,74,,False,0,True,546,False,0,0,546,0,0,True,False,,546,
StackingRegressor,khs.ssS,75,,False,0,True,546,False,0,0,546,0,0,True,False,,546,
StackingRegressor,khs.aaS,76,,False,0,True,546,False,0,0,546,0,0,True,False,,546,
StackingRegressor,khs.dssS,77,,False,0,True,546,False,0,0,546,0,0,True,False,,546,
StackingRegressor,khs.ddssS,78,,False,0,True,546,False,0,0,546,0,0,True,False,,546,
StackingRegressor,khs.sCl,79,,False,0,True,546,False,0,0,546,0,0,True,False,,546,
StackingRegressor,khs.sGeH3,80,,False,0,True,546,False,0,0,546,0,0,True,False,,546,
StackingRegressor,khs.ssGeH2,81,,False,0,True,546,False,0,0,546,0,0,True,False,,546,
StackingRegressor,khs.sssGeH,82,,False,0,True,546,False,0,0,546,0,0,True,False,,546,
StackingRegressor,khs.ssssGe,83,,False,0,True,546,False,0,0,546,0,0,True,False,,546,
StackingRegressor,khs.sAsH2,84,,False,0,True,546,False,0,0,546,0,0,True,False,,546,
StackingRegressor,khs.ssAsH,85,,False,0,True,546,False,0,0,546,0,0,True,False,,546,
StackingRegressor,khs.sssAs,86,,False,0,True,546,False,0,0,546,0,0,True,False,,546,
StackingRegressor,khs.sssdAs,87,,False,0,True,546,False,0,0,546,0,0,True,False,,546,
StackingRegressor,khs.sssssAs,88,,False,0,True,546,False,0,0,546,0,0,True,False,,546,
StackingRegressor,khs.sSeH,89,,False,0,True,546,False,0,0,546,0,0,True,False,,546,
StackingRegressor,khs.dSe,90,,False,0,True,546,False,0,0,546,0,0,True,False,,546,
StackingRegressor,khs.ssSe,91,,False,0,True,546,False,0,0,546,0,0,True,False,,546,
StackingRegressor,khs.aaSe,92,,False,0,True,546,False,0,0,546,0,0,True,False,,546,
StackingRegressor,khs.dssSe,93,,False,0,True,546,False,0,0,546,0,0,True,False,,546,
StackingRegressor,khs.ddssSe,94,,False,0,True,546,False,0,0,546,0,0,True,False,,546,
StackingRegressor,khs.sBr,95,,False,0,True,546,False,0,0,546,0,0,True,False,,546,
StackingRegressor,khs.sSnH3,96,,False,0,True,546,False,0,0,546,0,0,True,False,,546,
StackingRegressor,khs.ssSnH2,97,,False,0,True,546,False,0,0,546,0,0,True,False,,546,
StackingRegressor,khs.sssSnH,98,,False,0,True,546,False,0,0,546,0,0,True,False,,546,
StackingRegressor,khs.ssssSn,99,,False,0,True,546,False,0,0,546,0,0,True,False,,546,
StackingRegressor,khs.sPbH3,100,,False,0,True,546,False,0,0,546,0,0,True,False,,546,
StackingRegressor,khs.ssPbH2,101,,False,0,True,546,False,0,0,546,0,0,True,False,,546,
StackingRegressor,khs.sssPbH,102,,False,0,True,546,False,0,0,546,0,0,True,False,,546,
StackingRegressor,khs.ssssPb,103,,False,0,True,546,False,0,0,546,0,0,True,False,,546,
StackingRegressor,nAtomLC,104,,False,0,False,0,True,546,0,546,546,0,True,True,No exact RDKit implementation consistent with the CDK training definition; the repository's original CDK generator was used.,546,
StackingRegressor,nAtomP,105,,False,0,False,0,True,546,0,546,546,0,True,True,No exact RDKit implementation consistent with the CDK training definition; the repository's original CDK generator was used.,546,
StackingRegressor,nAtomLAC,106,,False,0,False,0,True,546,0,546,546,0,True,True,No exact RDKit implementation consistent with the CDK training definition; the repository's original CDK generator was used.,546,
StackingRegressor,MDEC-11,107,,False,0,False,0,True,546,0,546,546,0,True,True,No exact RDKit implementation consistent with the CDK training definition; the repository's original CDK generator was used.,546,
StackingRegressor,MDEC-12,108,,False,0,False,0,True,546,0,546,546,0,True,True,No exact RDKit implementation consistent with the CDK training definition; the repository's original CDK generator was used.,546,
StackingRegressor,MDEC-13,109,,False,0,False,0,True,546,0,546,546,0,True,True,No exact RDKit implementation consistent with the CDK training definition; the repository's original CDK generator was used.,546,
StackingRegressor,MDEC-14,110,,False,0,False,0,True,546,0,546,546,0,True,True,No exact RDKit implementation consistent with the CDK training definition; the repository's original CDK generator was used.,546,
StackingRegressor,MDEC-22,111,,False,0,False,0,True,546,0,546,546,0,True,True,No exact RDKit implementation consistent with the CDK training definition; the repository's original CDK generator was used.,546,
StackingRegressor,MDEC-33,112,,False,0,False,0,True,546,0,546,546,0,True,True,No exact RDKit implementation consistent with the CDK training definition; the repository's original CDK generator was used.,546,
StackingRegressor,MDEC-34,113,,False,0,False,0,True,546,0,546,546,0,True,True,No exact RDKit implementation consistent with the CDK training definition; the repository's original CDK generator was used.,546,
StackingRegressor,MDEC-44,114,,False,0,False,0,True,546,0,546,546,0,True,True,No exact RDKit implementation consistent with the CDK training definition; the repository's original CDK generator was used.,546,
StackingRegressor,MDEO-11,115,,False,0,False,0,True,546,0,546,546,0,True,True,No exact RDKit implementation consistent with the CDK training definition; the repository's original CDK generator was used.,546,
StackingRegressor,MDEO-12,116,,False,0,False,0,True,546,0,546,546,0,True,True,No exact RDKit implementation consistent with the CDK training definition; the repository's original CDK generator was used.,546,
StackingRegressor,MDEO-22,117,,False,0,False,0,True,546,0,546,546,0,True,True,No exact RDKit implementation consistent with the CDK training definition; the repository's original CDK generator was used.,546,
StackingRegressor,MDEN-11,118,,False,0,False,0,True,546,0,546,546,0,True,True,No exact RDKit implementation consistent with the CDK training definition; the repository's original CDK generator was used.,546,
StackingRegressor,MDEN-12,119,,False,0,False,0,True,546,0,546,546,0,True,True,No exact RDKit implementation consistent with the CDK training definition; the repository's original CDK generator was used.,546,
StackingRegressor,MDEN-13,120,,False,0,False,0,True,546,0,546,546,0,True,True,No exact RDKit implementation consistent with the CDK training definition; the repository's original CDK generator was used.,546,
StackingRegressor,MDEN-22,121,,False,0,False,0,True,546,0,546,546,0,True,True,No exact RDKit implementation consistent with the CDK training definition; the repository's original CDK generator was used.,546,
StackingRegressor,MDEN-23,122,,False,0,False,0,True,546,0,546,546,0,True,True,No exact RDKit implementation consistent with the CDK training definition; the repository's original CDK generator was used.,546,
StackingRegressor,MDEN-33,123,,False,0,False,0,True,546,0,546,546,0,True,True,No exact RDKit implementation consistent with the CDK training definition; the repository's original CDK generator was used.,546,
StackingRegressor,MLogP,124,,False,0,False,0,True,546,0,546,546,0,True,True,No exact RDKit implementation consistent with the CDK training definition; the repository's original CDK generator was used.,546,
StackingRegressor,topoShape,125,,False,0,False,0,True,531,15,546,546,0,True,True,No exact RDKit implementation consistent with the CDK training definition; the repository's original CDK generator was used.,546,
StackingRegressor,nRotB,126,,False,0,False,0,True,546,0,546,546,0,True,True,No exact RDKit implementation consistent with the CDK training definition; the repository's original CDK generator was used.,546,
StackingRegressor,LipinskiFailures,127,,False,0,False,0,True,546,0,546,546,0,True,True,No exact RDKit implementation consistent with the CDK training definition; the repository's original CDK generator was used.,546,
StackingRegressor,nAromRings,128,,False,0,True,546,False,0,0,546,0,0,True,False,,546,
StackingRegressor,nRingBlocks,129,,False,0,False,0,True,546,0,546,546,0,True,True,No exact RDKit implementation consistent with the CDK training definition; the repository's original CDK generator was used.,546,
StackingRegressor,nAromBlocks,130,,False,0,False,0,True,546,0,546,546,0,True,True,No exact RDKit implementation consistent with the CDK training definition; the repository's original CDK generator was used.,546,
StackingRegressor,nRings3,131,,False,0,True,546,False,0,0,546,0,0,True,False,,546,
StackingRegressor,nRings4,132,,False,0,True,546,False,0,0,546,0,0,True,False,,546,
StackingRegressor,nRings5,133,,False,0,True,546,False,0,0,546,0,0,True,False,,546,
StackingRegressor,nRings6,134,,False,0,True,546,False,0,0,546,0,0,True,False,,546,
StackingRegressor,nRings7,135,,False,0,True,546,False,0,0,546,0,0,True,False,,546,
StackingRegressor,nRings8,136,,False,0,True,546,False,0,0,546,0,0,True,False,,546,
StackingRegressor,nRings9,137,,False,0,True,546,False,0,0,546,0,0,True,False,,546,
StackingRegressor,TopoPSA,138,,False,0,False,0,True,546,0,546,546,0,True,True,No exact RDKit implementation consistent with the CDK training definition; the repository's original CDK generator was used.,546,
StackingRegressor,VAdjMat,139,,False,0,False,0,True,546,0,546,546,0,True,True,No exact RDKit implementation consistent with the CDK training definition; the repository's original CDK generator was used.,546,
StackingRegressor,WTPT-2,140,,False,0,False,0,True,546,0,546,546,0,True,True,No exact RDKit implementation consistent with the CDK training definition; the repository's original CDK generator was used.,546,
StackingRegressor,WTPT-3,141,,False,0,False,0,True,546,0,546,546,0,True,True,No exact RDKit implementation consistent with the CDK training definition; the repository's original CDK generator was used.,546,
StackingRegressor,WTPT-4,142,,False,0,False,0,True,546,0,546,546,0,True,True,No exact RDKit implementation consistent with the CDK training definition; the repository's original CDK generator was used.,546,
StackingRegressor,WTPT-5,143,,False,0,False,0,True,546,0,546,546,0,True,True,No exact RDKit implementation consistent with the CDK training definition; the repository's original CDK generator was used.,546,
StackingRegressor,WPATH,144,,False,0,False,0,True,546,0,546,546,0,True,True,No exact RDKit implementation consistent with the CDK training definition; the repository's original CDK generator was used.,546,
StackingRegressor,XLogP,145,,False,0,False,0,True,546,0,546,546,0,True,True,No exact RDKit implementation consistent with the CDK training definition; the repository's original CDK generator was used.,546,
StackingRegressor,Zagreb,146,,False,0,True,546,False,0,0,546,0,0,True,False,,546,
XGBoost,Texpi,1,donor/skin surface temperature (°C),True,391,False,0,False,0,155,155,155,0,True,False,,155,Converted Celsius values to Kelvin; values already >=200 were treated as Kelvin.
XGBoost,ALogp2,2,,False,0,False,0,True,546,0,546,546,0,True,True,No exact RDKit implementation consistent with the CDK training definition; the repository's original CDK generator was used.,546,
XGBoost,nAcid,3,,False,0,False,0,True,546,0,546,546,0,True,True,No exact RDKit implementation consistent with the CDK training definition; the repository's original CDK generator was used.,546,
XGBoost,nAromBond,4,,False,0,False,0,True,546,0,546,546,0,True,True,No exact RDKit implementation consistent with the CDK training definition; the repository's original CDK generator was used.,546,
XGBoost,ATSc2,5,,False,0,False,0,True,543,3,546,546,0,True,True,No exact RDKit implementation consistent with the CDK training definition; the repository's original CDK generator was used.,546,
XGBoost,ATSc3,6,,False,0,False,0,True,543,3,546,546,0,True,True,No exact RDKit implementation consistent with the CDK training definition; the repository's original CDK generator was used.,546,
XGBoost,ATSc4,7,,False,0,False,0,True,543,3,546,546,0,True,True,No exact RDKit implementation consistent with the CDK training definition; the repository's original CDK generator was used.,546,
XGBoost,ATSc5,8,,False,0,False,0,True,543,3,546,546,0,True,True,No exact RDKit implementation consistent with the CDK training definition; the repository's original CDK generator was used.,546,
XGBoost,ATSm1,9,,False,0,False,0,True,546,0,546,546,0,True,True,No exact RDKit implementation consistent with the CDK training definition; the repository's original CDK generator was used.,546,
XGBoost,BCUTw-1l,10,,False,0,False,0,True,543,3,546,546,0,True,True,No exact RDKit implementation consistent with the CDK training definition; the repository's original CDK generator was used.,546,
XGBoost,BCUTw-1h,11,,False,0,False,0,True,543,3,546,546,0,True,True,No exact RDKit implementation consistent with the CDK training definition; the repository's original CDK generator was used.,546,
XGBoost,BCUTc-1l,12,,False,0,False,0,True,543,3,546,546,0,True,True,No exact RDKit implementation consistent with the CDK training definition; the repository's original CDK generator was used.,546,
XGBoost,BCUTc-1h,13,,False,0,False,0,True,543,3,546,546,0,True,True,No exact RDKit implementation consistent with the CDK training definition; the repository's original CDK generator was used.,546,
XGBoost,BCUTp-1l,14,,False,0,False,0,True,543,3,546,546,0,True,True,No exact RDKit implementation consistent with the CDK training definition; the repository's original CDK generator was used.,546,
XGBoost,BCUTp-1h,15,,False,0,False,0,True,543,3,546,546,0,True,True,No exact RDKit implementation consistent with the CDK training definition; the repository's original CDK generator was used.,546,
XGBoost,nBase,16,,False,0,False,0,True,546,0,546,546,0,True,True,No exact RDKit implementation consistent with the CDK training definition; the repository's original CDK generator was used.,546,
XGBoost,C2SP1,17,,False,0,False,0,True,546,0,546,546,0,True,True,No exact RDKit implementation consistent with the CDK training definition; the repository's original CDK generator was used.,546,
XGBoost,C1SP2,18,,False,0,False,0,True,546,0,546,546,0,True,True,No exact RDKit implementation consistent with the CDK training definition; the repository's original CDK generator was used.,546,
XGBoost,C2SP2,19,,False,0,False,0,True,546,0,546,546,0,True,True,No exact RDKit implementation consistent with the CDK training definition; the repository's original CDK generator was used.,546,
XGBoost,C3SP2,20,,False,0,False,0,True,546,0,546,546,0,True,True,No exact RDKit implementation consistent with the CDK training definition; the repository's original CDK generator was used.,546,
XGBoost,C1SP3,21,,False,0,False,0,True,546,0,546,546,0,True,True,No exact RDKit implementation consistent with the CDK training definition; the repository's original CDK generator was used.,546,
XGBoost,C2SP3,22,,False,0,False,0,True,546,0,546,546,0,True,True,No exact RDKit implementation consistent with the CDK training definition; the repository's original CDK generator was used.,546,
XGBoost,SC-4,23,,False,0,False,0,True,546,0,546,546,0,True,True,No exact RDKit implementation consistent with the CDK training definition; the repository's original CDK generator was used.,546,
XGBoost,FMF,24,,False,0,False,0,True,546,0,546,546,0,True,True,No exact RDKit implementation consistent with the CDK training definition; the repository's original CDK generator was used.,546,
XGBoost,nHBAcc,25,,False,0,False,0,True,546,0,546,546,0,True,True,No exact RDKit implementation consistent with the CDK training definition; the repository's original CDK generator was used.,546,
XGBoost,nHBDon,26,,False,0,False,0,True,546,0,546,546,0,True,True,No exact RDKit implementation consistent with the CDK training definition; the repository's original CDK generator was used.,546,
XGBoost,HybRatio,27,,False,0,False,0,True,528,18,546,546,0,True,True,No exact RDKit implementation consistent with the CDK training definition; the repository's original CDK generator was used.,546,
XGBoost,JPLogP,28,,False,0,False,0,True,531,15,546,546,0,True,True,No exact RDKit implementation consistent with the CDK training definition; the repository's original CDK generator was used.,546,
XGBoost,Kier2,29,,False,0,False,0,True,546,0,546,546,0,True,True,No exact RDKit implementation consistent with the CDK training definition; the repository's original CDK generator was used.,546,
XGBoost,Kier3,30,,False,0,False,0,True,536,10,546,546,0,True,True,No exact RDKit implementation consistent with the CDK training definition; the repository's original CDK generator was used.,546,
XGBoost,khs.sLi,31,,False,0,True,546,False,0,0,546,0,0,True,False,,546,
XGBoost,khs.ssBe,32,,False,0,True,546,False,0,0,546,0,0,True,False,,546,
XGBoost,khs.ssBH,33,,False,0,True,546,False,0,0,546,0,0,True,False,,546,
XGBoost,khs.sssB,34,,False,0,True,546,False,0,0,546,0,0,True,False,,546,
XGBoost,khs.sCH3,35,,False,0,True,546,False,0,0,546,0,0,True,False,,546,
XGBoost,khs.dCH2,36,,False,0,True,546,False,0,0,546,0,0,True,False,,546,
XGBoost,khs.ssCH2,37,,False,0,False,0,True,546,0,546,546,0,True,True,No exact RDKit implementation consistent with the CDK training definition; the repository's original CDK generator was used.,546,
XGBoost,khs.tCH,38,,False,0,True,546,False,0,0,546,0,0,True,False,,546,
XGBoost,khs.dsCH,39,,False,0,True,546,False,0,0,546,0,0,True,False,,546,
XGBoost,khs.aaCH,40,,False,0,True,546,False,0,0,546,0,0,True,False,,546,
XGBoost,khs.sssCH,41,,False,0,True,546,False,0,0,546,0,0,True,False,,546,
XGBoost,khs.ddC,42,,False,0,True,546,False,0,0,546,0,0,True,False,,546,
XGBoost,khs.dssC,43,,False,0,True,546,False,0,0,546,0,0,True,False,,546,
XGBoost,khs.aasC,44,,False,0,True,546,False,0,0,546,0,0,True,False,,546,
XGBoost,khs.aaaC,45,,False,0,True,546,False,0,0,546,0,0,True,False,,546,
XGBoost,khs.sNH3,46,,False,0,True,546,False,0,0,546,0,0,True,False,,546,
XGBoost,khs.sNH2,47,,False,0,True,546,False,0,0,546,0,0,True,False,,546,
XGBoost,khs.ssNH2,48,,False,0,True,546,False,0,0,546,0,0,True,False,,546,
XGBoost,khs.dNH,49,,False,0,True,546,False,0,0,546,0,0,True,False,,546,
XGBoost,khs.ssNH,50,,False,0,True,546,False,0,0,546,0,0,True,False,,546,
XGBoost,khs.aaNH,51,,False,0,True,546,False,0,0,546,0,0,True,False,,546,
XGBoost,khs.tN,52,,False,0,True,546,False,0,0,546,0,0,True,False,,546,
XGBoost,khs.dsN,53,,False,0,True,546,False,0,0,546,0,0,True,False,,546,
XGBoost,khs.aaN,54,,False,0,True,546,False,0,0,546,0,0,True,False,,546,
XGBoost,khs.sssN,55,,False,0,True,546,False,0,0,546,0,0,True,False,,546,
XGBoost,khs.ddsN,56,,False,0,True,546,False,0,0,546,0,0,True,False,,546,
XGBoost,khs.aasN,57,,False,0,True,546,False,0,0,546,0,0,True,False,,546,
XGBoost,khs.ssssN,58,,False,0,True,546,False,0,0,546,0,0,True,False,,546,
XGBoost,khs.sOH,59,,False,0,False,0,True,546,0,546,546,0,True,True,No exact RDKit implementation consistent with the CDK training definition; the repository's original CDK generator was used.,546,
XGBoost,khs.dO,60,,False,0,True,546,False,0,0,546,0,0,True,False,,546,
XGBoost,khs.ssO,61,,False,0,True,546,False,0,0,546,0,0,True,False,,546,
XGBoost,khs.aaO,62,,False,0,True,546,False,0,0,546,0,0,True,False,,546,
XGBoost,khs.sF,63,,False,0,True,546,False,0,0,546,0,0,True,False,,546,
XGBoost,khs.sSiH3,64,,False,0,True,546,False,0,0,546,0,0,True,False,,546,
XGBoost,khs.ssSiH2,65,,False,0,True,546,False,0,0,546,0,0,True,False,,546,
XGBoost,khs.sssSiH,66,,False,0,True,546,False,0,0,546,0,0,True,False,,546,
XGBoost,khs.ssssSi,67,,False,0,True,546,False,0,0,546,0,0,True,False,,546,
XGBoost,khs.sPH2,68,,False,0,True,546,False,0,0,546,0,0,True,False,,546,
XGBoost,khs.ssPH,69,,False,0,True,546,False,0,0,546,0,0,True,False,,546,
XGBoost,khs.sssP,70,,False,0,True,546,False,0,0,546,0,0,True,False,,546,
XGBoost,khs.dsssP,71,,False,0,True,546,False,0,0,546,0,0,True,False,,546,
XGBoost,khs.sssssP,72,,False,0,True,546,False,0,0,546,0,0,True,False,,546,
XGBoost,khs.sSH,73,,False,0,True,546,False,0,0,546,0,0,True,False,,546,
XGBoost,khs.dS,74,,False,0,True,546,False,0,0,546,0,0,True,False,,546,
XGBoost,khs.ssS,75,,False,0,True,546,False,0,0,546,0,0,True,False,,546,
XGBoost,khs.aaS,76,,False,0,True,546,False,0,0,546,0,0,True,False,,546,
XGBoost,khs.dssS,77,,False,0,True,546,False,0,0,546,0,0,True,False,,546,
XGBoost,khs.ddssS,78,,False,0,True,546,False,0,0,546,0,0,True,False,,546,
XGBoost,khs.sCl,79,,False,0,True,546,False,0,0,546,0,0,True,False,,546,
XGBoost,khs.sGeH3,80,,False,0,True,546,False,0,0,546,0,0,True,False,,546,
XGBoost,khs.ssGeH2,81,,False,0,True,546,False,0,0,546,0,0,True,False,,546,
XGBoost,khs.sssGeH,82,,False,0,True,546,False,0,0,546,0,0,True,False,,546,
XGBoost,khs.ssssGe,83,,False,0,True,546,False,0,0,546,0,0,True,False,,546,
XGBoost,khs.sAsH2,84,,False,0,True,546,False,0,0,546,0,0,True,False,,546,
XGBoost,khs.ssAsH,85,,False,0,True,546,False,0,0,546,0,0,True,False,,546,
XGBoost,khs.sssAs,86,,False,0,True,546,False,0,0,546,0,0,True,False,,546,
XGBoost,khs.sssdAs,87,,False,0,True,546,False,0,0,546,0,0,True,False,,546,
XGBoost,khs.sssssAs,88,,False,0,True,546,False,0,0,546,0,0,True,False,,546,
XGBoost,khs.sSeH,89,,False,0,True,546,False,0,0,546,0,0,True,False,,546,
XGBoost,khs.dSe,90,,False,0,True,546,False,0,0,546,0,0,True,False,,546,
XGBoost,khs.ssSe,91,,False,0,True,546,False,0,0,546,0,0,True,False,,546,
XGBoost,khs.aaSe,92,,False,0,True,546,False,0,0,546,0,0,True,False,,546,
XGBoost,khs.dssSe,93,,False,0,True,546,False,0,0,546,0,0,True,False,,546,
XGBoost,khs.ddssSe,94,,False,0,True,546,False,0,0,546,0,0,True,False,,546,
XGBoost,khs.sBr,95,,False,0,True,546,False,0,0,546,0,0,True,False,,546,
XGBoost,khs.sSnH3,96,,False,0,True,546,False,0,0,546,0,0,True,False,,546,
XGBoost,khs.ssSnH2,97,,False,0,True,546,False,0,0,546,0,0,True,False,,546,
XGBoost,khs.sssSnH,98,,False,0,True,546,False,0,0,546,0,0,True,False,,546,
XGBoost,khs.ssssSn,99,,False,0,True,546,False,0,0,546,0,0,True,False,,546,
XGBoost,khs.sPbH3,100,,False,0,True,546,False,0,0,546,0,0,True,False,,546,
XGBoost,khs.ssPbH2,101,,False,0,True,546,False,0,0,546,0,0,True,False,,546,
XGBoost,khs.sssPbH,102,,False,0,True,546,False,0,0,546,0,0,True,False,,546,
XGBoost,khs.ssssPb,103,,False,0,True,546,False,0,0,546,0,0,True,False,,546,
XGBoost,nAtomLC,104,,False,0,False,0,True,546,0,546,546,0,True,True,No exact RDKit implementation consistent with the CDK training definition; the repository's original CDK generator was used.,546,
XGBoost,nAtomP,105,,False,0,False,0,True,546,0,546,546,0,True,True,No exact RDKit implementation consistent with the CDK training definition; the repository's original CDK generator was used.,546,
XGBoost,nAtomLAC,106,,False,0,False,0,True,546,0,546,546,0,True,True,No exact RDKit implementation consistent with the CDK training definition; the repository's original CDK generator was used.,546,
XGBoost,MDEC-11,107,,False,0,False,0,True,546,0,546,546,0,True,True,No exact RDKit implementation consistent with the CDK training definition; the repository's original CDK generator was used.,546,
XGBoost,MDEC-12,108,,False,0,False,0,True,546,0,546,546,0,True,True,No exact RDKit implementation consistent with the CDK training definition; the repository's original CDK generator was used.,546,
XGBoost,MDEC-13,109,,False,0,False,0,True,546,0,546,546,0,True,True,No exact RDKit implementation consistent with the CDK training definition; the repository's original CDK generator was used.,546,
XGBoost,MDEC-14,110,,False,0,False,0,True,546,0,546,546,0,True,True,No exact RDKit implementation consistent with the CDK training definition; the repository's original CDK generator was used.,546,
XGBoost,MDEC-22,111,,False,0,False,0,True,546,0,546,546,0,True,True,No exact RDKit implementation consistent with the CDK training definition; the repository's original CDK generator was used.,546,
XGBoost,MDEC-33,112,,False,0,False,0,True,546,0,546,546,0,True,True,No exact RDKit implementation consistent with the CDK training definition; the repository's original CDK generator was used.,546,
XGBoost,MDEC-34,113,,False,0,False,0,True,546,0,546,546,0,True,True,No exact RDKit implementation consistent with the CDK training definition; the repository's original CDK generator was used.,546,
XGBoost,MDEC-44,114,,False,0,False,0,True,546,0,546,546,0,True,True,No exact RDKit implementation consistent with the CDK training definition; the repository's original CDK generator was used.,546,
XGBoost,MDEO-11,115,,False,0,False,0,True,546,0,546,546,0,True,True,No exact RDKit implementation consistent with the CDK training definition; the repository's original CDK generator was used.,546,
XGBoost,MDEO-12,116,,False,0,False,0,True,546,0,546,546,0,True,True,No exact RDKit implementation consistent with the CDK training definition; the repository's original CDK generator was used.,546,
XGBoost,MDEO-22,117,,False,0,False,0,True,546,0,546,546,0,True,True,No exact RDKit implementation consistent with the CDK training definition; the repository's original CDK generator was used.,546,
XGBoost,MDEN-11,118,,False,0,False,0,True,546,0,546,546,0,True,True,No exact RDKit implementation consistent with the CDK training definition; the repository's original CDK generator was used.,546,
XGBoost,MDEN-12,119,,False,0,False,0,True,546,0,546,546,0,True,True,No exact RDKit implementation consistent with the CDK training definition; the repository's original CDK generator was used.,546,
XGBoost,MDEN-13,120,,False,0,False,0,True,546,0,546,546,0,True,True,No exact RDKit implementation consistent with the CDK training definition; the repository's original CDK generator was used.,546,
XGBoost,MDEN-22,121,,False,0,False,0,True,546,0,546,546,0,True,True,No exact RDKit implementation consistent with the CDK training definition; the repository's original CDK generator was used.,546,
XGBoost,MDEN-23,122,,False,0,False,0,True,546,0,546,546,0,True,True,No exact RDKit implementation consistent with the CDK training definition; the repository's original CDK generator was used.,546,
XGBoost,MDEN-33,123,,False,0,False,0,True,546,0,546,546,0,True,True,No exact RDKit implementation consistent with the CDK training definition; the repository's original CDK generator was used.,546,
XGBoost,MLogP,124,,False,0,False,0,True,546,0,546,546,0,True,True,No exact RDKit implementation consistent with the CDK training definition; the repository's original CDK generator was used.,546,
XGBoost,topoShape,125,,False,0,False,0,True,531,15,546,546,0,True,True,No exact RDKit implementation consistent with the CDK training definition; the repository's original CDK generator was used.,546,
XGBoost,nRotB,126,,False,0,False,0,True,546,0,546,546,0,True,True,No exact RDKit implementation consistent with the CDK training definition; the repository's original CDK generator was used.,546,
XGBoost,LipinskiFailures,127,,False,0,False,0,True,546,0,546,546,0,True,True,No exact RDKit implementation consistent with the CDK training definition; the repository's original CDK generator was used.,546,
XGBoost,nAromRings,128,,False,0,True,546,False,0,0,546,0,0,True,False,,546,
XGBoost,nRingBlocks,129,,False,0,False,0,True,546,0,546,546,0,True,True,No exact RDKit implementation consistent with the CDK training definition; the repository's original CDK generator was used.,546,
XGBoost,nAromBlocks,130,,False,0,False,0,True,546,0,546,546,0,True,True,No exact RDKit implementation consistent with the CDK training definition; the repository's original CDK generator was used.,546,
XGBoost,nRings3,131,,False,0,True,546,False,0,0,546,0,0,True,False,,546,
XGBoost,nRings4,132,,False,0,True,546,False,0,0,546,0,0,True,False,,546,
XGBoost,nRings5,133,,False,0,True,546,False,0,0,546,0,0,True,False,,546,
XGBoost,nRings6,134,,False,0,True,546,False,0,0,546,0,0,True,False,,546,
XGBoost,nRings7,135,,False,0,True,546,False,0,0,546,0,0,True,False,,546,
XGBoost,nRings8,136,,False,0,True,546,False,0,0,546,0,0,True,False,,546,
XGBoost,nRings9,137,,False,0,True,546,False,0,0,546,0,0,True,False,,546,
XGBoost,TopoPSA,138,,False,0,False,0,True,546,0,546,546,0,True,True,No exact RDKit implementation consistent with the CDK training definition; the repository's original CDK generator was used.,546,
XGBoost,VAdjMat,139,,False,0,False,0,True,546,0,546,546,0,True,True,No exact RDKit implementation consistent with the CDK training definition; the repository's original CDK generator was used.,546,
XGBoost,WTPT-2,140,,False,0,False,0,True,546,0,546,546,0,True,True,No exact RDKit implementation consistent with the CDK training definition; the repository's original CDK generator was used.,546,
XGBoost,WTPT-3,141,,False,0,False,0,True,546,0,546,546,0,True,True,No exact RDKit implementation consistent with the CDK training definition; the repository's original CDK generator was used.,546,
XGBoost,WTPT-4,142,,False,0,False,0,True,546,0,546,546,0,True,True,No exact RDKit implementation consistent with the CDK training definition; the repository's original CDK generator was used.,546,
XGBoost,WTPT-5,143,,False,0,False,0,True,546,0,546,546,0,True,True,No exact RDKit implementation consistent with the CDK training definition; the repository's original CDK generator was used.,546,
XGBoost,WPATH,144,,False,0,False,0,True,546,0,546,546,0,True,True,No exact RDKit implementation consistent with the CDK training definition; the repository's original CDK generator was used.,546,
XGBoost,XLogP,145,,False,0,False,0,True,546,0,546,546,0,True,True,No exact RDKit implementation consistent with the CDK training definition; the repository's original CDK generator was used.,546,
XGBoost,Zagreb,146,,False,0,True,546,False,0,0,546,0,0,True,False,,546,
